Accession,ID_x,Organism Name,planetary_analog,Environment,Geographic location,latitude,longitude,Assembly level,Sequencing platform,CheckM2 completeness(%)(NN_model),CheckM2 contamination(%),pass.GUNC,Number_of_contigs,Size (bp),GC (%),N50,GTDB_r220_classification
GCA_000009985.1,GCA_000009985.1_Magnetospirillum_magneticum_AMB-1,Paramagnetospirillum_magneticum_AMB-1,Mars_lake_analog,freshwater,"Japan: Koganei, Tokyo",35.6932202,139.5100092,Complete Genome,-,100.0,1.31,True,1,4967148,65.09,4967148,d__Bacteria;p__Pseudomonadota;c__Alphaproteobacteria;o__Rhodospirillales;f__Magnetospirillaceae;g__Phaeospirillum;s__Phaeospirillum magneticum
GCA_000010665.1,GCA_000010665.1_Solidesulfovibrio_magneticus_RS-1,Solidesulfovibrio_magneticus_RS-1,Mars_lake_analog,freshwater,Japan: Kameno river,34.17484403,135.2371394,Complete Genome,-,100.0,0.53,True,3,5315620,62.67,5248049,d__Bacteria;p__Desulfobacterota;c__Desulfovibrionia;o__Desulfovibrionales;f__Desulfovibrionaceae;g__Solidesulfovibrio;s__Solidesulfovibrio magneticus
GCA_000014865.1,GCA_000014865.1_Magnetococcus_marinus_MC-1,Magnetococcus_marinus_MC-1,Europa_ocean_analog,marine,"USA: Pettaquamscutt Estuary, Rhode Island",41.44221139,-71.44088823,Complete Genome,-,99.99,0.28,True,1,4719581,54.17,4719581,d__Bacteria;p__Pseudomonadota;c__Magnetococcia;o__Magnetococcales;f__Magnetococcaceae;g__Magnetococcus;s__Magnetococcus marinus
GCA_000342045.1,GCA_000342045.1_Magnetospirillum_caucaseum_SO-1,Paramagnetospirillum_caucaseum_SO-1,Mars_lake_analog,freshwater,Russia:Krasnodar krai,43.894,42.7209,Contig,454 GS-FLX Titanium,99.99,0.11,True,203,4859560,65.99,55386,d__Bacteria;p__Pseudomonadota;c__Alphaproteobacteria;o__Rhodospirillales;f__Magnetospirillaceae;g__Phaeospirillum;s__Phaeospirillum caucaseum
GCA_000513295.1,GCA_000513295.1_Magnetospirillum_gryphiswaldense_MSR-1_v2,Magnetospirillum_gryphiswaldense_MSR-1_v2,Mars_lake_analog,freshwater,Germany: Ryck River,54.10188088,13.38919751,Complete Genome,-,100.0,0.2,True,1,4365796,63.28,4365796,d__Bacteria;p__Pseudomonadota;c__Alphaproteobacteria;o__Rhodospirillales;f__Magnetospirillaceae;g__Magnetospirillum;s__Magnetospirillum gryphiswaldense
GCA_000714715.1,GCA_000714715.1_Candidatus_Magnetobacterium_casensis_MYR-1,Candidatus_Magnetobacterium_casense_MYR-1,Mars_lake_analog,freshwater,"China: Lake Miyun, Beijing",40.49863762,116.9916319,Contig,454,86.53,0.17,True,70,3415676,48.87,90253,d__Bacteria;p__Nitrospirota;c__Thermodesulfovibrionia;o__Thermodesulfovibrionales;f__Magnetobacteriaceae;g__Magnetobacterium;s__Magnetobacterium casense
GCA_000829825.1,GCA_000829825.1_Magnetospirillum_magnetotacticum_MS-1,Paramagnetospirillum_magnetotacticum_MS-1,Mars_lake_analog,freshwater,"USA: Cedar Swamp, Massachusetts",42.59672121,-70.76937574,Contig,Illumina HiSeq,100.0,0.06,True,33,4523005,63.56,541957,d__Bacteria;p__Pseudomonadota;c__Alphaproteobacteria;o__Rhodospirillales;f__Magnetospirillaceae;g__Phaeospirillum;s__Phaeospirillum magnetotacticum
GCA_000960725.1,GCA_000960725.1_Candidatus_Magnetoovum_chiemensis_CS-04,Candidatus_Magnetoovum_chiemensis_CS-04,Mars_lake_analog,freshwater,"Germany: Lake Chiemsee, Bavaria",47.86944,12.398015,Contig,Illumina MiSeq,92.11,9.46,True,863,3721812,40.39,9961,d__Bacteria;p__Nitrospirota;c__Thermodesulfovibrionia;o__Thermodesulfovibrionales;f__Magnetobacteriaceae;g__;s__
GCA_000968135.1,GCA_000968135.1_Magnetospira_sp._QH-2,Magnetospira_sp._QH-2,Europa_ocean_analog,marine,"Huiquan Bay, Qingdao, China",36.05239497,120.3371792,Complete Genome,-,99.96,0.43,True,2,4052370,59.44,4021307,d__Bacteria;p__Pseudomonadota;c__Alphaproteobacteria;o__Rhodospirillales_A;f__Magnetospiraceae;g__Magnetospira;s__Magnetospira sp000968135
GCA_001292585.1,GCA_001292585.1_Candidatus_Magnetomorum_sp._HK-1,Candidatus_Magnetomorum_sp._HK-1,Europa_ocean_analog,marine,"Germany:Wadden Sea, near Cuxhaven",53.89058,8.678464,Contig,Illumnia MiSeq,100.0,6.16,True,2715,14146258,34.61,18233,d__Bacteria;p__Desulfobacterota;c__Desulfobacteria;o__Desulfobacterales;f__Magnetomoraceae;g__Magnetomorum;s__
GCA_001303405.1,GCA_001303405.1_Nitrospira_bacterium_SG8_35_4,Nitrospira_bacterium_SG8_35_4,Mars_lake_analog,brackish,"USA: White Oak River Estuary, North Carolina",34.7414,-77.1234,Contig,Illumina,74.86,7.0,True,292,2692108,46.5,9622,d__Bacteria;p__Nitrospirota;c__Thermodesulfovibrionia;o__UBA6902;f__UBA6902;g__;s__
GCA_001511835.1,GCA_001511835.1_Magnetospirillum_sp._XM-1_XM1,Magnetospirillum_sp._XM-1_XM1,Mars_lake_analog,freshwater,China: Xi'an City moat,34.2527,108.9203,Complete Genome,-,100.0,0.21,True,2,4992477,65.67,4825187,d__Bacteria;p__Pseudomonadota;c__Alphaproteobacteria;o__Rhodospirillales;f__Magnetospirillaceae;g__Phaeospirillum;s__Phaeospirillum sp001511835
GCA_001541255.1,GCA_001541255.1_Candidatus_Magnetominusculus_xianensis_HCH-1,Candidatus_Magnetominusculus_xianensis_HCH-1,Mars_lake_analog,freshwater,"China: city moat, Xi'an",34.25287,108.92187,Contig,Illumina HiSeq,99.99,0.62,True,152,3593273,45.37,45767,d__Bacteria;p__Nitrospirota;c__Thermodesulfovibrionia;o__Thermodesulfovibrionales;f__Magnetobacteriaceae;g__Magnetominusculus;s__Magnetominusculus xianensis
GCA_001650635.1,GCA_001650635.1_Magnetospirillum_moscoviense_BB-1,Magnetospirillum_moscoviense_BB-1,Mars_lake_analog,freshwater,Russia: Moskva River,55.792661,37.409944,Contig,Illumina HiSeq,100.0,0.11,True,207,4164497,65.18,52974,d__Bacteria;p__Pseudomonadota;c__Alphaproteobacteria;o__Rhodospirillales;f__Magnetospirillaceae;g__Magnetospirillum;s__Magnetospirillum moscoviense
GCA_001650715.1,GCA_001650715.1_Magnetospirillum_marisnigri_SP-1,Paramagnetospirillum_marisnigri_SP-1,Mars_lake_analog,freshwater,Russia: Pshada River,44.389272,38.336217,Scaffold,Illumina HiSeq,99.99,0.44,True,131,4619819,64.73,168256,d__Bacteria;p__Pseudomonadota;c__Alphaproteobacteria;o__Rhodospirillales;f__Magnetospirillaceae;g__Phaeospirillum;s__Phaeospirillum marisnigri
GCA_001746755.1,GCA_001746755.1_Magnetovibrio_blakemorei_MV-1,Magnetovibrio_blakemorei_MV-1,Europa_ocean_analog,marine,"USA: salt marsh pool, Neponset River estuary, Boston, MA",41.27,-71.04,Contig,454; Sanger; Solexa,99.99,0.15,True,91,3638804,54.29,95462,d__Bacteria;p__Pseudomonadota;c__Alphaproteobacteria;o__Rhodospirillales_A;f__Magnetovibrionaceae;g__Magnetovibrio;s__Magnetovibrio blakemorei
GCA_002105535.1,GCA_002105535.1_Magnetospirillum_sp._ME-1,Magnetospirillum_sp._ME-1,Mars_lake_analog,freshwater,"China: East Lake sediment, Wuhan city",30.55,114.36,Complete Genome,Illumina Hiseq 2500,100.0,0.11,True,1,4551873,65.63,4551873,d__Bacteria;p__Pseudomonadota;c__Alphaproteobacteria;o__Rhodospirillales;f__Magnetospirillaceae;g__Phaeospirillum;s__Phaeospirillum sp002105535
GCA_002109495.1,GCA_002109495.1_Magnetofaba_australis_IT-1,Magnetofaba_australis_IT-1,Mars_lake_analog,brackish,"Brazil: Itaipu Lagoon, Niteroi, Rio de Janeiro State",-22.9644167,-43.0459472,Contig,454,99.83,0.59,True,21,4986701,61.3,705613,d__Bacteria;p__Pseudomonadota;c__Magnetococcia;o__Magnetococcales;f__Magnetococcaceae;g__Magnetofaba;s__Magnetofaba australis
GCA_002401485.1,GCA_002401485.1_Elusimicrobia_bacterium_NORP122,Elusimicrobiota_bacterium_NORP122,Europa_ocean_analog,marine,Atlantic Ocean: North Pond,24.54642326,-46.49654979,Contig,Illumina HiSeq,77.96,1.95,True,191,2913226,54.93,19622,d__Bacteria;p__Elusimicrobiota;c__Elusimicrobia;o__UBA1565;f__UBA1565;g__UBA1565;s__UBA1565 sp002401485
GCA_002753095.1,GCA_002753095.1_Magnetococcales_bacterium_YD0425bin7,Magnetococcales_bacterium_YD0425bin7,Mars_lake_analog,freshwater,China: Yuandadu Park,39.974732,116.368688,Scaffold,Illumina HiSeq,87.23,1.69,True,177,3583729,55.67,34600,d__Bacteria;p__Pseudomonadota;c__Magnetococcia;o__Magnetococcales;f__Magnetaquicoccaceae;g__Magnetaquicoccus;s__Magnetaquicoccus sp002753095
GCA_002753105.1,GCA_002753105.1_Deltaproteobacteria_bacterium_YD0425bin50,Deltaproteobacteria_bacterium_YD0425bin50,Mars_lake_analog,freshwater,China: Yuandadu Park,39.974732,116.368688,Scaffold,Illumina HiSeq,83.77,2.11,True,589,4970345,36.91,11398,d__Bacteria;p__Desulfobacterota;c__Desulfobacteria;o__Desulfobacterales;f__YD0425bin50;g__YD0425bin50;s__YD0425bin50 sp002753105
GCA_002753135.1,GCA_002753135.1_Magnetococcales_bacterium_WMHbinv6,Magnetococcales_bacterium_WMHbinv6,Mars_lake_analog,freshwater,China: Lake Weiming,39.993142,116.30256,Scaffold,Illumina HiSeq,98.25,1.55,True,80,3839927,55.32,85378,d__Bacteria;p__Pseudomonadota;c__Magnetococcia;o__Magnetococcales;f__Magnetaquicoccaceae;g__Magnetaquicoccus;s__Magnetaquicoccus sp002753135
GCA_002753155.1,GCA_002753155.1_Alphaproteobacteria_bacterium_WMHbin7,Alphaproteobacteria_bacterium_WMHbin7,Mars_lake_analog,freshwater,China: Lake Weiming,39.993142,116.30256,Scaffold,Illumina HiSeq,87.2,0.73,True,73,2984788,59.84,91589,d__Bacteria;p__Pseudomonadota;c__Alphaproteobacteria;o__Rhodospirillales;f__WMHbin7;g__WMHbin7;s__WMHbin7 sp002753155
GCA_002753185.1,GCA_002753185.1_Magnetococcales_bacterium_WMHbin3,Magnetococcales_bacterium_WMHbin3,Mars_lake_analog,freshwater,China: Lake Weiming,39.993142,116.30256,Scaffold,Illumina HiSeq,92.03,2.44,True,157,4601373,61.61,51212,d__Bacteria;p__Pseudomonadota;c__Magnetococcia;o__Magnetococcales;f__Magnetaquicoccaceae;g__WMHbin3;s__WMHbin3 sp002753185
GCA_002753215.1,GCA_002753215.1_Magnetococcales_bacterium_WMHbin1,Magnetococcales_bacterium_WMHbin1,Mars_lake_analog,freshwater,China: Lake Weiming,39.993142,116.30256,Scaffold,Illumina HiSeq,99.98,0.73,True,242,4380192,54.3,24882,d__Bacteria;p__Pseudomonadota;c__Magnetococcia;o__Magnetococcales;f__UBA8363;g__UBA8363;s__UBA8363 sp002753735
GCA_002753225.1,GCA_002753225.1_Deltaproteobacteria_bacterium_YD0425bin51,Deltaproteobacteria_bacterium_YD0425bin51,Mars_lake_analog,freshwater,China: Yuandadu Park,39.974732,116.368688,Contig,Illumina HiSeq,99.91,3.73,True,134,5221616,32.23,82896,d__Bacteria;p__Desulfobacterota;c__Desulfobacteria;o__Desulfobacterales;f__YD0425bin51;g__YD0425bin51;s__YD0425bin51 sp002753225
GCA_002753255.1,GCA_002753255.1_Candidatus_Lambdaproteobacteria_bacterium_PCRbin3,Candidatus_Lambdaproteobacteria_bacterium_PCRbin3,Mars_lake_analog,brackish,Australia: Punkally Creek,-36.23413,150.06798,Contig,Illumina HiSeq,88.05,5.95,True,530,5059199,41.83,14906,d__Bacteria;p__SAR324;c__SAR324;o__SAR324;f__GCA-2753255;g__GCA-2753255;s__GCA-2753255 sp002753255
GCA_002753275.1,GCA_002753275.1_Zetaproteobacteria_bacterium_PCbin4,Zetaproteobacteria_bacterium_PCbin4,Mars_lake_analog,brackish,Australia: Painkalac Creek,-38.46575,144.09288,Scaffold,Illumina HiSeq,93.95,0.08,True,55,1864480,47.58,58094,d__Bacteria;p__Pseudomonadota;c__Zetaproteobacteria;o__Mariprofundales;f__Mariprofundaceae;g__GCA-2753275;s__GCA-2753275 sp002753275
GCA_002753305.1,GCA_002753305.1_Nitrospirae_bacterium_MYbin6,Nitrospirae_bacterium_MYbin6,Mars_lake_analog,freshwater,China: Lake Miyun,40.48874,117.00714,Scaffold,Illumina HiSeq,88.53,3.12,True,218,3596763,47.78,26590,d__Bacteria;p__Nitrospirota;c__Thermodesulfovibrionia;o__Thermodesulfovibrionales;f__Magnetobacteriaceae;g__Magnetominusculus;s__Magnetominusculus sp002753305
GCA_002753335.1,GCA_002753335.1_Nitrospirae_bacterium_MYbin3,Nitrospirae_bacterium_MYbin3,Mars_lake_analog,freshwater,China: Lake Miyun,40.48874,117.00714,Scaffold,Illumina HiSeq,99.83,0.18,True,66,2929370,44.36,86724,d__Bacteria;p__Nitrospirota;c__Thermodesulfovibrionia;o__Thermodesulfovibrionales;f__Dissulfurispiraceae;g__MYbin3;s__MYbin3 sp002753335
GCA_002753395.1,GCA_002753395.1_Nitrospirae_bacterium_MYbinv3,Nitrospirae_bacterium_MYbinv3,Mars_lake_analog,freshwater,China: Lake Miyun,40.48874,117.00714,Scaffold,Illumina HiSeq,99.91,0.88,True,175,3713224,44.44,35197,d__Bacteria;p__Nitrospirota;c__Thermodesulfovibrionia;o__Thermodesulfovibrionales;f__Magnetobacteriaceae;g__Magnetobacterium;s__Magnetobacterium sp002753395
GCA_002753435.1,GCA_002753435.1_Nitrospirota_bacterium_HCHbin1,Nitrospirota_bacterium_HCHbin1,Mars_lake_analog,freshwater,China: Xi'an city moat,34.25287,108.92187,Scaffold,Illumina HiSeq,100.0,0.6,True,94,3692324,45.24,55039,d__Bacteria;p__Nitrospirota;c__Thermodesulfovibrionia;o__Thermodesulfovibrionales;f__Magnetobacteriaceae;g__Magnetominusculus;s__Magnetominusculus xianensis
GCA_002753465.1,GCA_002753465.1_Candidatus_Omnitrophica_bacterium_MBPbin6,Candidatus_Omnitrophota_bacterium_MBPbin6,Mars_lake_analog,freshwater,Australia: Mount Beauty Pondage,-36.73874,147.16443,Contig,Illumina HiSeq,75.85,2.28,True,150,2181257,49.49,24179,d__Bacteria;p__Omnitrophota;c__Koll11;o__Zapsychrales;f__Fredricksoniimonadaceae;g__Fredricksoniimonas;s__Fredricksoniimonas sp002753465
GCA_002753495.1,GCA_002753495.1_Magnetococcales_bacterium_HA3dbin3,Magnetococcales_bacterium_HA3dbin3,Mars_lake_analog,freshwater,"China: Pond, Hongan",31.173819,114.547642,Contig,Illumina HiSeq,72.19,2.73,True,316,2895658,61.72,13187,d__Bacteria;p__Pseudomonadota;c__Magnetococcia;o__Magnetococcales;f__DC0425bin3;g__HA3dbin3;s__HA3dbin3 sp002753495
GCA_002753505.1,GCA_002753505.1_Magnetococcales_bacterium_HCHbin5,Magnetococcales_bacterium_HCHbin5,Mars_lake_analog,freshwater,China: Xi'an city moat,34.25287,108.92187,Scaffold,Illumina HiSeq,99.97,3.9,True,200,4188618,56.97,38237,d__Bacteria;p__Pseudomonadota;c__Magnetococcia;o__Magnetococcales;f__Magnetaquicoccaceae;g__HCHbin5;s__HCHbin5 sp002753505
GCA_002753515.1,GCA_002753515.1_Magnetococcales_bacterium_HA3dbin1,Magnetococcales_bacterium_HA3dbin1,Mars_lake_analog,freshwater,"China: Pond, Hongan",31.173819,114.547642,Scaffold,Illumina HiSeq,99.98,1.53,True,134,4326896,53.32,54627,d__Bacteria;p__Pseudomonadota;c__Magnetococcia;o__Magnetococcales;f__UBA8363;g__UBA8363;s__UBA8363 sp002753515
GCA_002753565.1,GCA_002753565.1_Magnetococcales_bacterium_ER1bin7,Magnetococcales_bacterium_ER1bin7,Mars_lake_analog,brackish,Australia: Erskine River,-38.5338,143.97832,Scaffold,Illumina HiSeq,99.74,3.26,True,92,3866744,52.3,116043,d__Bacteria;p__Pseudomonadota;c__Magnetococcia;o__Magnetococcales;f__UBA8363;g__GCA-2753565;s__GCA-2753565 sp002753565
GCA_002753595.1,GCA_002753595.1_Magnetococcales_bacterium_HAa3bin1,Magnetococcales_bacterium_HAa3bin1,Mars_lake_analog,freshwater,"China: Rice field, Hongan",31.174289,114.543941,Scaffold,Illumina HiSeq,100.0,1.17,True,118,4347394,53.21,63208,d__Bacteria;p__Pseudomonadota;c__Magnetococcia;o__Magnetococcales;f__UBA8363;g__UBA8363;s__UBA8363 sp015228975
GCA_002753615.1,GCA_002753615.1_Magnetococcales_bacterium_DCbin2,Magnetococcales_bacterium_DCbin2,Mars_lake_analog,freshwater,China: Lake Dianchi,24.908133,102.74605,Scaffold,Illumina HiSeq,79.1,0.96,True,201,3364396,51.85,24837,d__Bacteria;p__Pseudomonadota;c__Magnetococcia;o__Magnetococcales;f__UBA8363;g__UBA8363;s__UBA8363 sp002753615
GCA_002753665.1,GCA_002753665.1_Magnetococcales_bacterium_DC0425bin3,Magnetococcales_bacterium_DC0425bin3,Mars_lake_analog,freshwater,China: Lake Dianchi,24.908133,102.74605,Contig,Illumina HiSeq,99.95,0.9,True,230,3696616,65.4,26687,d__Bacteria;p__Pseudomonadota;c__Magnetococcia;o__Magnetococcales;f__DC0425bin3;g__DC0425bin3;s__DC0425bin3 sp002753665
GCA_002753685.1,GCA_002753685.1_Nitrospirota_bacterium_DC0425bin1,Nitrospirota_bacterium_DC0425bin1,Mars_lake_analog,freshwater,China: Lake Dianchi,24.908133,102.74605,Scaffold,Illumina HiSeq,99.8,0.51,True,107,4024796,49.04,75024,d__Bacteria;p__Nitrospirota;c__Thermodesulfovibrionia;o__Thermodesulfovibrionales;f__Magnetobacteriaceae;g__Magnetobacterium;s__Magnetobacterium sp002753685
GCA_002753725.1,GCA_002753725.1_Deltaproteobacteria_bacterium_ER2bin7,Deltaproteobacteria_bacterium_ER2bin7,Mars_lake_analog,brackish,Australia: Erskine River,-38.5359,143.97478,Scaffold,Illumina HiSeq,92.33,4.07,True,653,5965504,38.47,12662,d__Bacteria;p__Desulfobacterota;c__Desulfobacteria;o__Desulfobacterales;f__Magnetomoraceae;g__Magnetomorum;s__Magnetomorum sp002753725
GCA_002753735.1,GCA_002753735.1_Magnetococcales_bacterium_DCbin4,Magnetococcales_bacterium_DCbin4,Mars_lake_analog,freshwater,China: Lake Dianchi,24.908133,102.74605,Scaffold,Illumina HiSeq,99.92,0.4,True,148,4521331,54.25,49732,d__Bacteria;p__Pseudomonadota;c__Magnetococcia;o__Magnetococcales;f__UBA8363;g__UBA8363;s__UBA8363 sp002753735
GCA_002753745.1,GCA_002753745.1_Candidatus_Omnitrophica_bacterium_Cal1bin1,Candidatus_Omnitrophota_bacterium_Cal1bin1,Mars_lake_analog,freshwater,Australia: Lake Catani,-36.73426,146.81119,Scaffold,Illumina HiSeq,92.08,0.98,True,240,2540141,49.55,15133,d__Bacteria;p__Omnitrophota;c__Koll11;o__Zapsychrales;f__Fredricksoniimonadaceae;g__GCA-2753745;s__GCA-2753745 sp002753745
GCA_003284725.1,GCA_003284725.1_Magnetospirillum_kuznetsovii_LBB-42,Paramagnetospirillum_kuznetsovii_LBB-42,Mars_lake_analog,freshwater,Russia: Moscow region,55.38,39.44,Contig,Illumina HiSeq,100.0,0.16,True,69,4405793,63.44,215319,d__Bacteria;p__Pseudomonadota;c__Alphaproteobacteria;o__Rhodospirillales;f__Magnetospirillaceae;g__Phaeospirillum;s__Phaeospirillum kuznetsovii
GCA_004217665.1,GCA_004217665.1_Candidatus_Magnetaquicoccus_inordinatus_UR-1,Candidatus_Magnetaquicoccus_inordinatus_UR-1,Mars_lake_analog,freshwater,Russia: Uda River,51.8229,107.6199,Scaffold,Illumina HiSeq,94.88,3.89,True,546,4143644,52.51,13993,d__Bacteria;p__Pseudomonadota;c__Magnetococcia;o__Magnetococcales;f__Magnetaquicoccaceae;g__Magnetaquicoccus;s__Magnetaquicoccus inordinatus
GCA_004376055.2,GCA_004376055.2_Nitrospirales_bacterium_LBB_01,Nitrospirales_bacterium_LBB_01,Mars_lake_analog,freshwater,"Russia: Moscow region, Shatura district, Lake Beloe Bordukovskoe",55.63223,39.743775,Complete Genome,Oxford Nanopore MiniION; Illumina HiSeq,99.56,0.0,True,1,3273455,41.96,3273455,d__Bacteria;p__Nitrospirota;c__Thermodesulfovibrionia;o__Thermodesulfovibrionales;f__Magnetobacteriaceae;g__JADFXG01;s__JADFXG01 sp004376055
GCA_004564135.1,GCA_004564135.1_Terasakiella_sp._SH-1,Terasakiella_sp._SH-1,Europa_ocean_analog,marine,China:Sanya,18.2913889,109.349722,Complete Genome,PacBio RSII,100.0,0.19,True,1,3832570,47.53,3832570,d__Bacteria;p__Pseudomonadota;c__Alphaproteobacteria;o__Rhodospirillales_A;f__Terasakiellaceae;g__Terasakiella;s__Terasakiella sp004564135
GCA_008375315.1,GCA_008375315.1_Ectothiorhodospiraceae_bacterium_BW-2,Ectothiorhodospiraceae_bacterium_BW-2,Mars_lake_analog,brackish,"USA: Badwater Basin at Death Valley National Park, California",36.051,-116.631,Complete Genome,"Illumina, PacBio",100.0,0.34,True,1,4074140,52.6,4074140,d__Bacteria;p__Pseudomonadota;c__Gammaproteobacteria;o__BW-2;f__BW-2;g__BW-2;s__BW-2 sp008375315
GCA_009497875.2,GCA_009497875.2_gamma_proteobacterium_SS-5_MTB,gamma_proteobacterium_SS-5,Europa_ocean_analog,hypersaline,"USA: Salton Sea, California",33.3225996,-115.8432155,Complete Genome,GS FLX,99.96,0.6,True,1,3729461,61.65,3729461,d__Bacteria;p__Pseudomonadota;c__Gammaproteobacteria;o__Chromatiales;f__Sedimenticolaceae;g__JADGBD01;s__JADGBD01 sp009497875
GCA_011089965.1,GCA_011089965.1_Magnetococcales_bacterium_DH2_bin6,Magnetococcales_bacterium_DH2_bin6,Mars_lake_analog,freshwater,"China: Wuhan, East Lake",30.555833,114.411389,Contig,Illumina HiSeq,93.81,0.97,True,80,3658807,56.76,88744,d__Bacteria;p__Pseudomonadota;c__Magnetococcia;o__Magnetococcales;f__Magnetaquicoccaceae;g__JAANAU01;s__JAANAU01 sp011089965
GCA_013019105.1,GCA_013019105.1_Fundidesulfovibrio_magnetotacticus_FSS-1,Fundidesulfovibrio_magnetotacticus_FSS-1,Mars_lake_analog,freshwater,"Japan:Saitama, Suwa Pond",35.892,139.368,Contig,iSeq 100 System,100.0,0.28,True,55,4461838,67.54,199273,d__Bacteria;p__Desulfobacterota;c__Desulfovibrionia;o__Desulfovibrionales;f__Desulfovibrionaceae;g__Fundidesulfovibrio;s__Fundidesulfovibrio magnetotacticus
GCA_013349285.1,GCA_013349285.1_Deltaproteobacteria_bacterium_MAG_22204_dsfv_001,Deltaproteobacteria_bacterium_MAG_22204_dsfv_001,Europa_ocean_analog,marine,USA: California,38.03,-122.15,Contig,Illumina HiSeq,89.12,0.46,True,75,2675335,52.74,60141,d__Bacteria;p__Desulfobacterota;c__Desulfobulbia;o__Desulfobulbales;f__Desulfurivibrionaceae;g__DUZU01;s__DUZU01 sp013349285
GCA_013349295.1,GCA_013349295.1_Deltaproteobacteria_bacterium_MAG_22309_dsfv_022,Deltaproteobacteria_bacterium_MAG_22309_dsfv_022,Europa_ocean_analog,marine,USA: California,38.05,-121.934,Contig,Illumina HiSeq,88.03,1.03,True,66,2902378,55.15,78905,d__Bacteria;p__Desulfobacterota;c__Desulfobulbia;o__Desulfobulbales;f__Desulfurivibrionaceae;g__Thiovibrio;s__Thiovibrio sp013349295
GCA_013349325.1,GCA_013349325.1_Desulfuromonadales_bacterium_MAG_13126_9_058,Desulfuromonadales_bacterium_MAG_13126_9_058,Mars_lake_analog,freshwater,"Democratic Republic of the Congo: South-Kivu, Lake Kivu, Kabuno Bay",-1.64,29.05,Contig,Illumina HiSeq,99.96,0.67,True,72,3576562,52.01,83631,d__Bacteria;p__Desulfobacterota;c__Desulfuromonadia;o__Geobacterales;f__Pseudopelobacteraceae;g__JACRCG01;s__JACRCG01 sp013349325
GCA_013349335.1,GCA_013349335.1_Rhodospirillaceae_bacterium_MAG_22225_2-02_112,Rhodospirillaceae_bacterium_MAG_22225_2-02_112,Europa_ocean_analog,marine oxygen minimum zone (OMZ),Pacific Ocean: Eastern Tropical North Pacific,20.3333,-107.0,Contig,Illumina HiSeq,94.84,4.62,True,147,2547095,61.01,26510,d__Bacteria;p__Pseudomonadota;c__Alphaproteobacteria;o__Rhodospirillales_A;f__JADFTO01;g__GCA-2686765;s__GCA-2686765 sp013349695
GCA_013349405.1,GCA_013349405.1_Desulfuromonadales_bacterium_MAG_21600_9_004,Desulfuromonadales_bacterium_MAG_21600_9_004,Mars_lake_analog,freshwater,Canada: Ontario,49.753,-93.798,Contig,Illumina HiSeq,88.12,0.64,True,60,3430740,51.5,87025,d__Bacteria;p__Desulfobacterota;c__Desulfuromonadia;o__Geobacterales;f__Pseudopelobacteraceae;g__JACRCG01;s__JACRCG01 sp013349405
GCA_013349415.1,GCA_013349415.1_Desulfuromonadales_bacterium_MAG_21601_9_030,Desulfuromonadales_bacterium_MAG_21601_9_030,Mars_lake_analog,freshwater,Canada: Ontario,49.69,-93.718,Contig,Illumina HiSeq,76.19,6.28,True,232,2536371,54.11,20074,d__Bacteria;p__Desulfobacterota;c__Desulfuromonadia;o__Geobacterales;f__Pseudopelobacteraceae;g__JACRCG01;s__
GCA_013349435.1,GCA_013349435.1_Planctomycetota_bacterium_MAG_18080_pl_157,Planctomycetota_bacterium_MAG_18080_pl_157,Europa_ocean_analog,hypersaline,"USA: California, Salton Sea",33.4166,-115.9166,Contig,Illumina HiSeq,94.07,3.58,True,139,3144921,48.44,34208,d__Bacteria;p__Planctomycetota;c__Phycisphaerae;o__Sedimentisphaerales;f__Anaerohalosphaeraceae;g__QNBT01;s__QNBT01 sp013349435
GCA_013349585.1,GCA_013349585.1_Nitrospinae_bacterium_MAG_09705_ntspn_70,Nitrospinota_bacterium_MAG_09705_ntspn_70,Europa_ocean_analog,marine,Arctic Ocean: Canada Basin,77.0991,-150.2252,Contig,Illumina HiSeq,76.68,0.62,True,120,2024644,42.63,30902,d__Bacteria;p__Nitrospinota;c__Nitrospinia;o__Nitrospinales;f__VA-1;g__UBA8687;s__UBA8687 sp013349585
GCA_013349615.1,GCA_013349615.1_Planctomycetota_bacterium_MAG_11118_pl_115,Planctomycetota_bacterium_MAG_11118_pl_115,Europa_ocean_analog,marine,Denmark:Aarhus Bay,56.103,10.458,Contig,Illumina HiSeq,85.57,0.9,True,157,3767441,48.98,33372,d__Bacteria;p__Planctomycetota;c__Phycisphaerae;o__Sedimentisphaerales;f__SG8-4;g__CS2-K091;s__CS2-K091 sp013349615
GCA_013349665.1,GCA_013349665.1_Rhodospirillaceae_bacterium_MAG_06104_tlms_034,Rhodospirillaceae_bacterium_MAG_06104_tlms_034,Mars_lake_analog,bog/peatland (freshwater),"USA:Crystal Bog, Wisconsin, USA",46.0072,-89.6063,Contig,Illumina HiSeq,89.48,1.93,True,353,3186839,64.25,13005,d__Bacteria;p__Pseudomonadota;c__Alphaproteobacteria;o__Rhodospirillales;f__Magnetospirillaceae;g__Telmatospirillum;s__Telmatospirillum sp013349665
GCA_013349685.1,GCA_013349685.1_Rhodospirillaceae_bacterium_MAG_05596_2-02_51,Rhodospirillaceae_bacterium_MAG_05596_2-02_51,Europa_ocean_analog,marine oxygen minimum zone (OMZ),Pacific Ocean: Eastern Tropical North Pacific,19.0,-107.0,Contig,Illumina HiSeq,77.8,0.77,True,329,1831947,61.19,6777,d__Bacteria;p__Pseudomonadota;c__Alphaproteobacteria;o__Rhodospirillales_A;f__JADFTO01;g__GCA-2686765;s__GCA-2686765 sp013349695
GCA_013349695.1,GCA_013349695.1_Rhodospirillaceae_bacterium_MAG_05422_2-02_14,Rhodospirillaceae_bacterium_MAG_05422_2-02_14,Europa_ocean_analog,marine oxygen minimum zone (OMZ),Pacific Ocean: Eastern Tropical North Pacific,20.3333,-106.0,Contig,Illumina HiSeq,86.9,0.55,True,255,2281835,61.09,11800,d__Bacteria;p__Pseudomonadota;c__Alphaproteobacteria;o__Rhodospirillales_A;f__JADFTO01;g__GCA-2686765;s__GCA-2686765 sp013349695
GCA_013349725.1,GCA_013349725.1_Deltaproteobacteria_bacterium_MAG_00792_naph_016,Deltaproteobacteria_bacterium_MAG_00792_naph_016,Europa_ocean_analog,marine,"Sweden:KBA site, Vaertahamnen, Baltic Sea",59.363333,18.119167,Contig,Illumina GAIIx,79.61,9.68,True,409,3032840,49.74,11269,d__Bacteria;p__Desulfobacterota;c__DSM-4660;o__Desulfatiglandales;f__Desulfatiglandaceae;g__DUZB01;s__DUZB01 sp013349725
GCA_013349735.1,GCA_013349735.1_Rhodospirillaceae_bacterium_MAG_04806_tlms_2,Rhodospirillaceae_bacterium_MAG_04806_tlms_2,Mars_lake_analog,bog/peatland (freshwater),"USA:Crystal Bog, Wisconsin, USA",46.0072,-89.6063,Contig,Illumina HiSeq,74.78,1.73,True,309,2085124,57.51,8435,d__Bacteria;p__Pseudomonadota;c__Alphaproteobacteria;o__Rhodospirillales;f__Magnetospirillaceae;g__Telmatospirillum;s__Telmatospirillum sp013349735
GCA_013349775.1,GCA_013349775.1_Gammaproteobacteria_bacterium_MAG_00215_gam_020,Gammaproteobacteria_bacterium_MAG_00215_gam_020,Europa_ocean_analog,marine,"Canada: Saanich Inlet 48, Vancouver Island, BC",48.6,-123.5,Contig,Illumina HiSeq,93.79,7.18,True,507,2931288,49.02,8779,d__Bacteria;p__Pseudomonadota;c__Gammaproteobacteria;o__GCF-002020875;f__GCF-002020875;g__Thiopontia;s__Thiopontia sp013349825
GCA_013349805.1,GCA_013349805.1_Gammaproteobacteria_bacterium_MAG_00212_gam_1,Gammaproteobacteria_bacterium_MAG_00212_gam_1,Europa_ocean_analog,marine,"Canada: Saanich Inlet 48, Vancouver Island, BC",48.6,-123.5,Contig,Illumina HiSeq,75.91,5.27,True,955,2103212,48.4,2865,d__Bacteria;p__Pseudomonadota;c__Gammaproteobacteria;o__GCF-002020875;f__GCF-002020875;g__Thiopontia;s__Thiopontia sp013349825
GCA_013349825.1,GCA_013349825.1_Gammaproteobacteria_bacterium_MAG_00172_gam_018,Gammaproteobacteria_bacterium_MAG_00172_gam_018,Europa_ocean_analog,marine,"Canada: Saanich Inlet 48, Vancouver Island, BC",48.6,-123.5,Contig,Illumina HiSeq,99.45,1.55,True,274,2866084,48.98,18846,d__Bacteria;p__Pseudomonadota;c__Gammaproteobacteria;o__GCF-002020875;f__GCF-002020875;g__Thiopontia;s__Thiopontia sp013349825
GCA_013349835.1,GCA_013349835.1_Gammaproteobacteria_bacterium_MAG_00188_gam_006,Gammaproteobacteria_bacterium_MAG_00188_gam_006,Europa_ocean_analog,marine,"Canada: Saanich Inlet 48, Vancouver Island, BC",48.6,-123.5,Contig,Illumina HiSeq,99.75,2.54,True,565,2663040,48.83,6818,d__Bacteria;p__Pseudomonadota;c__Gammaproteobacteria;o__GCF-002020875;f__GCF-002020875;g__Thiopontia;s__Thiopontia sp013349825
GCA_013349845.1,GCA_013349845.1_Gammaproteobacteria_bacterium_MAG_00160_gam_009,Gammaproteobacteria_bacterium_MAG_00160_gam_009,Europa_ocean_analog,marine,"Canada: Saanich Inlet 48, Vancouver Island, BC",48.6,-123.5,Contig,Illumina HiSeq,99.99,2.98,True,318,2903803,49.11,15372,d__Bacteria;p__Pseudomonadota;c__Gammaproteobacteria;o__GCF-002020875;f__GCF-002020875;g__Thiopontia;s__Thiopontia sp013349825
GCA_013349855.1,GCA_013349855.1_Gammaproteobacteria_bacterium_MAG_00150_gam_010,Gammaproteobacteria_bacterium_MAG_00150_gam_010,Europa_ocean_analog,marine,"Canada: Saanich Inlet 48, Vancouver Island, BC",48.6,-123.5,Contig,Illumina HiSeq,99.91,4.84,True,486,2847655,49.09,8863,d__Bacteria;p__Pseudomonadota;c__Gammaproteobacteria;o__GCF-002020875;f__GCF-002020875;g__Thiopontia;s__Thiopontia sp013349825
GCA_015228675.1,GCA_015228675.1_Desulfobacterales_bacterium_nYD0425bin6,Desulfobacterales_bacterium_nYD0425bin6,Mars_lake_analog,freshwater,"China: Yuandadu Park, Beijing",39.974732,116.368688,Scaffold,Illumina HiSeq,95.9,2.48,True,467,5417822,36.82,18177,d__Bacteria;p__Desulfobacterota;c__Desulfobacteria;o__Desulfobacterales;f__YD0425bin50;g__YD0425bin50;s__YD0425bin50 sp002753105
GCA_015228685.1,GCA_015228685.1_Desulfobacterales_bacterium_nYD0425bin5,Desulfobacterales_bacterium_nYD0425bin5,Mars_lake_analog,freshwater,"China: Yuandadu Park, Beijing",39.974732,116.368688,Scaffold,Illumina HiSeq,99.99,1.79,True,133,5628840,32.38,103346,d__Bacteria;p__Desulfobacterota;c__Desulfobacteria;o__Desulfobacterales;f__YD0425bin51;g__YD0425bin51;s__YD0425bin51 sp002753225
GCA_015228695.1,GCA_015228695.1_Alphaproteobacteria_bacterium_nYQH56bin3,Alphaproteobacteria_bacterium_nYQH56bin3,Mars_lake_analog,freshwater,"China: Yanqi Lake, Beijing",40.39833,116.67777,Contig,Illumina HiSeq,80.14,0.83,True,436,2796001,65.57,8577,d__Bacteria;p__Pseudomonadota;c__Alphaproteobacteria;o__Rhodospirillales;f__Rhodospirillaceae;g__JADGDA01;s__JADGDA01 sp015228695
GCA_015228775.1,GCA_015228775.1_Magnetococcales_bacterium_nYD0423bin3,Magnetococcales_bacterium_nYD0423bin3,Mars_lake_analog,freshwater,"China: Yuandadu Park, Beijing",39.974732,116.368688,Scaffold,Illumina HiSeq,99.38,1.7,True,146,4504422,55.48,60044,d__Bacteria;p__Pseudomonadota;c__Magnetococcia;o__Magnetococcales;f__Magnetaquicoccaceae;g__Magnetaquicoccus;s__Magnetaquicoccus sp002753095
GCA_015228785.1,GCA_015228785.1_Candidatus_Omnitrophica_bacterium_nXXbin4,Candidatus_Omnitrophota_bacterium_nXXbin4,Mars_lake_analog,freshwater,"China: Aiken creek, Qinghai",38.170074,90.57854,Scaffold,Illumina HiSeq,86.13,0.63,True,123,2023619,46.42,29252,d__Bacteria;p__Omnitrophota;c__Koll11;o__Zapsychrales;f__Fredricksoniimonadaceae;g__JAAYZZ01;s__JAAYZZ01 sp015228785
GCA_015228815.1,GCA_015228815.1_Magnetococcales_bacterium_nYD0423bin2,Magnetococcales_bacterium_nYD0423bin2,Mars_lake_analog,freshwater,"China: Yuandadu Park, Beijing",39.974732,116.368688,Scaffold,Illumina HiSeq,99.99,0.8,True,97,4218176,56.86,82296,d__Bacteria;p__Pseudomonadota;c__Magnetococcia;o__Magnetococcales;f__UBA8363;g__UBA8363;s__UBA8363 sp015228815
GCA_015228825.1,GCA_015228825.1_Magnetococcales_bacterium_nYD0425bin13,Magnetococcales_bacterium_nYD0425bin13,Mars_lake_analog,freshwater,"China: Yuandadu Park, Beijing",39.974732,116.368688,Scaffold,Illumina HiSeq,95.52,1.35,True,231,4219362,55.36,32122,d__Bacteria;p__Pseudomonadota;c__Magnetococcia;o__Magnetococcales;f__Magnetaquicoccaceae;g__Magnetaquicoccus;s__Magnetaquicoccus sp002753095
GCA_015228835.1,GCA_015228835.1_Desulfamplus_sp._nXXbin12,Desulfamplus_sp._nXXbin12,Mars_lake_analog,freshwater,"China: Aiken creek, Qinghai",38.170074,90.57854,Scaffold,Illumina HiSeq,71.55,4.07,True,369,2585509,37.76,9633,d__Bacteria;p__Desulfobacterota;c__Desulfobacteria;o__Desulfobacterales;f__Desulfobacteraceae;g__Desulfamplus;s__Desulfamplus sp015232465
GCA_015228875.1,GCA_015228875.1_Deltaproteobacteria_bacterium_nXXbin1,Deltaproteobacteria_bacterium_nXXbin1,Mars_lake_analog,freshwater,"China: Aiken creek, Qinghai",38.170074,90.57854,Scaffold,Illumina HiSeq,96.7,4.37,True,228,4584649,47.04,34535,d__Bacteria;p__UBA10199;c__UBA10199;o__UBA10199;f__JADGCS01;g__JADGCS01;s__JADGCS01 sp015228875
GCA_015228895.1,GCA_015228895.1_Magnetococcales_bacterium_nWRX3bin7,Magnetococcales_bacterium_nWRX3bin7,Mars_lake_analog,freshwater,China: Innermogolia,48.455,117.63305,Contig,Illumina HiSeq,74.38,6.89,True,501,2890396,61.11,7739,d__Bacteria;p__Pseudomonadota;c__Magnetococcia;o__Magnetococcales;f__Magnetaquicoccaceae;g__WMHbin3;s__WMHbin3 sp015228895
GCA_015228915.1,GCA_015228915.1_Alphaproteobacteria_bacterium_nWRX3bin4,Alphaproteobacteria_bacterium_nWRX3bin4,Mars_lake_analog,freshwater,China: Innermogolia,48.455,117.63305,Scaffold,Illumina HiSeq,77.03,1.0,True,411,2589846,66.09,8279,d__Bacteria;p__Pseudomonadota;c__Alphaproteobacteria;o__Rhodospirillales;f__Rhodospirillaceae;g__JADGDA01;s__JADGDA01 sp015228695
GCA_015228925.1,GCA_015228925.1_Magnetococcales_bacterium_nWRX3bin6,Magnetococcales_bacterium_nWRX3bin6,Mars_lake_analog,freshwater,China: Innermogolia,48.455,117.63305,Scaffold,Illumina HiSeq,99.81,0.96,True,219,4250176,52.02,32202,d__Bacteria;p__Pseudomonadota;c__Magnetococcia;o__Magnetococcales;f__UBA8363;g__UBA8363;s__UBA8363 sp015228925
GCA_015228935.1,GCA_015228935.1_Magnetococcales_bacterium_nWRX3bin2,Magnetococcales_bacterium_nWRX3bin2,Mars_lake_analog,freshwater,China: Innermogolia,48.455,117.63305,Scaffold,Illumina HiSeq,99.99,1.78,True,197,4705593,54.61,41621,d__Bacteria;p__Pseudomonadota;c__Magnetococcia;o__Magnetococcales;f__DC0425bin3;g__HA3dbin3;s__HA3dbin3 sp015228935
GCA_015228975.1,GCA_015228975.1_Magnetococcales_bacterium_nWRX3bin12,Magnetococcales_bacterium_nWRX3bin12,Mars_lake_analog,freshwater,China: Innermogolia,48.455,117.63305,Scaffold,Illumina HiSeq,77.46,1.89,True,234,3749591,52.93,22708,d__Bacteria;p__Pseudomonadota;c__Magnetococcia;o__Magnetococcales;f__UBA8363;g__UBA8363;s__UBA8363 sp015228975
GCA_015229005.1,GCA_015229005.1_Magnetococcales_bacterium_nWRX3bin10,Magnetococcales_bacterium_nWRX3bin10,Mars_lake_analog,freshwater,China: Innermogolia,48.455,117.63305,Scaffold,Illumina HiSeq,76.47,0.87,True,173,3279066,62.87,36559,d__Bacteria;p__Pseudomonadota;c__Magnetococcia;o__Magnetococcales;f__JADGCL01;g__JADGCL01;s__JADGCL01 sp015229005
GCA_015229035.1,GCA_015229035.1_Magnetococcales_bacterium_nWRX2bin6,Magnetococcales_bacterium_nWRX2bin6,Mars_lake_analog,freshwater,China: Innermogolia,48.23111,117.62277,Scaffold,Illumina HiSeq,100.0,0.48,True,210,4720370,54.25,37239,d__Bacteria;p__Pseudomonadota;c__Magnetococcia;o__Magnetococcales;f__UBA8363;g__UBA8363;s__UBA8363 sp002753735
GCA_015229045.1,GCA_015229045.1_Magnetococcales_bacterium_nWRX1bin6,Magnetococcales_bacterium_nWRX1bin6,Mars_lake_analog,freshwater,China: Innermogolia,48.23222,117.62305,Scaffold,Illumina HiSeq,87.09,7.46,True,283,4081011,57.46,24368,d__Bacteria;p__Pseudomonadota;c__Magnetococcia;o__Magnetococcales;f__DC0425bin3;g__HA3dbin3;s__HA3dbin3 sp015229045
GCA_015229055.1,GCA_015229055.1_Magnetococcales_bacterium_nWRX1bin5,Magnetococcales_bacterium_nWRX1bin5,Mars_lake_analog,freshwater,China: Innermogolia,48.23222,117.62305,Scaffold,Illumina HiSeq,99.34,0.72,True,173,4550986,54.4,42614,d__Bacteria;p__Pseudomonadota;c__Magnetococcia;o__Magnetococcales;f__UBA8363;g__UBA8363;s__UBA8363 sp002753735
GCA_015229095.1,GCA_015229095.1_Magnetococcales_bacterium_nWRX1bin1,Magnetococcales_bacterium_nWRX1bin1,Mars_lake_analog,freshwater,China: Innermogolia,48.23222,117.62305,Scaffold,Illumina HiSeq,72.69,0.39,True,200,2629331,59.27,17832,d__Bacteria;p__Pseudomonadota;c__Magnetococcia;o__Magnetococcales;f__Magnetaquicoccaceae;g__HCHbin5;s__HCHbin5 sp015229095
GCA_015229105.1,GCA_015229105.1_Magnetococcales_bacterium_nWRX1bin12,Magnetococcales_bacterium_nWRX1bin12,Mars_lake_analog,freshwater,China: Innermogolia,48.23222,117.62305,Scaffold,Illumina HiSeq,70.33,1.2,True,199,2774909,62.96,27522,d__Bacteria;p__Pseudomonadota;c__Magnetococcia;o__Magnetococcales;f__JADGCL01;g__JADGCL01;s__JADGCL01 sp015229005
GCA_015229115.1,GCA_015229115.1_Magnetococcales_bacterium_nWRX1bin3,Magnetococcales_bacterium_nWRX1bin3,Mars_lake_analog,freshwater,China: Innermogolia,48.23222,117.62305,Scaffold,Illumina HiSeq,93.02,5.43,True,184,3146079,54.88,35126,d__Bacteria;p__Pseudomonadota;c__Magnetococcia;o__Magnetococcales;f__JADGCH01;g__JADGCH01;s__JADGCH01 sp015229115
GCA_015229135.1,GCA_015229135.1_Magnetococcales_bacterium_nWRX1bin11,Magnetococcales_bacterium_nWRX1bin11,Mars_lake_analog,freshwater,China: Innermogolia,48.23222,117.62305,Scaffold,Illumina HiSeq,81.97,4.53,True,254,3564413,60.94,22436,d__Bacteria;p__Pseudomonadota;c__Magnetococcia;o__Magnetococcales;f__Magnetaquicoccaceae;g__JAANAU01;s__JAANAU01 sp015231775
GCA_015229165.1,GCA_015229165.1_Nitrospinae_bacterium_nWMHbin6,Nitrospinota_bacterium_nWMHbin6,Mars_lake_analog,freshwater,"China: Lake Weiming, Beijing",39.993142,116.30256,Scaffold,Illumina HiSeq,74.41,0.95,True,346,2310852,63.95,9145,d__Bacteria;p__Nitrospinota;c__UBA7883;o__UBA7883;f__JADGGD01;g__JADGCD01;s__JADGCD01 sp015229165
GCA_015229215.1,GCA_015229215.1_Alphaproteobacteria_bacterium_nWMHbin5,Alphaproteobacteria_bacterium_nWMHbin5,Mars_lake_analog,freshwater,"China: Lake Weiming, Beijing",39.993142,116.30256,Scaffold,Illumina HiSeq,99.82,0.34,True,80,3563391,59.35,105961,d__Bacteria;p__Pseudomonadota;c__Alphaproteobacteria;o__Rhodospirillales;f__WMHbin7;g__WMHbin7;s__WMHbin7 sp002753155
GCA_015231175.1,GCA_015231175.1_Magnetococcales_bacterium_nWMHbin2,Magnetococcales_bacterium_nWMHbin2,Mars_lake_analog,freshwater,"China: Lake Weiming, Beijing",39.993142,116.30256,Scaffold,Illumina HiSeq,99.81,0.2,True,175,3812214,57.17,39732,d__Bacteria;p__Pseudomonadota;c__Magnetococcia;o__Magnetococcales;f__DC0425bin3;g__HA3dbin3;s__HA3dbin3 sp015231175
GCA_015231205.1,GCA_015231205.1_Magnetococcales_bacterium_nWMHbin4,Magnetococcales_bacterium_nWMHbin4,Mars_lake_analog,freshwater,"China: Lake Weiming, Beijing",39.993142,116.30256,Scaffold,Illumina HiSeq,99.92,0.23,True,207,4156077,54.29,31156,d__Bacteria;p__Pseudomonadota;c__Magnetococcia;o__Magnetococcales;f__UBA8363;g__UBA8363;s__UBA8363 sp002753735
GCA_015231215.1,GCA_015231215.1_Magnetococcales_bacterium_nWMHbin1,Magnetococcales_bacterium_nWMHbin1,Mars_lake_analog,freshwater,"China: Lake Weiming, Beijing",39.993142,116.30256,Scaffold,Illumina HiSeq,99.84,1.55,True,116,4373155,54.97,83117,d__Bacteria;p__Pseudomonadota;c__Magnetococcia;o__Magnetococcales;f__Magnetaquicoccaceae;g__Magnetaquicoccus;s__Magnetaquicoccus sp002753135
GCA_015231235.1,GCA_015231235.1_Magnetococcales_bacterium_nWMHbin3,Magnetococcales_bacterium_nWMHbin3,Mars_lake_analog,freshwater,"China: Lake Weiming, Beijing",39.993142,116.30256,Scaffold,Illumina HiSeq,99.99,3.01,True,167,4974826,61.57,59272,d__Bacteria;p__Pseudomonadota;c__Magnetococcia;o__Magnetococcales;f__Magnetaquicoccaceae;g__WMHbin3;s__WMHbin3 sp002753185
GCA_015231265.1,GCA_015231265.1_Magnetococcales_bacterium_nwalbin5,Magnetococcales_bacterium_nwalbin5,Europa_ocean_analog,hypersaline,Australia: Wallaga Lake,-36.36013,150.07384,Contig,Illumina HiSeq,79.79,1.6,True,459,3818756,55.87,12313,d__Bacteria;p__Pseudomonadota;c__Magnetococcia;o__Magnetococcales;f__JADGBX01;g__JADGBX01;s__JADGBX01 sp015231265
GCA_015231295.1,GCA_015231295.1_Magnetococcales_bacterium_nW5bin3,Magnetococcales_bacterium_nW5bin3,Mars_lake_analog,freshwater,China: Innermogolia,41.564702,109.081861,Scaffold,Illumina HiSeq,80.99,0.91,True,353,3790407,59.17,16624,d__Bacteria;p__Pseudomonadota;c__Magnetococcia;o__Magnetococcales;f__Magnetaquicoccaceae;g__JAANAU01;s__JAANAU01 sp015231295
GCA_015231305.1,GCA_015231305.1_Magnetococcales_bacterium_nwagbin5,Magnetococcales_bacterium_nwagbin5,Europa_ocean_analog,hypersaline,Australia: Waganaga Inlet,-36.21831,150.12168,Scaffold,Illumina HiSeq,82.65,1.35,True,238,3957690,38.49,22682,d__Bacteria;p__Pseudomonadota;c__Magnetococcia;o__Magnetococcales;f__UBA8363;g__GCA-2753565;s__GCA-2753565 sp015231305
GCA_015231325.1,GCA_015231325.1_Oligoflexia_bacterium_nW3bin19,Oligoflexia_bacterium_nW3bin19,Mars_lake_analog,freshwater,China: Innermogolia,41.564702,109.081861,Scaffold,Illumina HiSeq,75.4,3.18,True,470,4367188,38.41,14912,d__Bacteria;p__Bdellovibrionota;c__Bacteriovoracia;o__Bacteriovoracales;f__Bacteriovoracaceae;g__JADGAN01;s__JADGAN01 sp015231325
GCA_015231345.1,GCA_015231345.1_Planctomycetota_bacterium_nwagbin3,Planctomycetota_bacterium_nwagbin3,Europa_ocean_analog,hypersaline,Australia: Waganaga Inlet,-36.21831,150.12168,Scaffold,Illumina HiSeq,76.51,0.69,True,588,4144283,41.73,9132,d__Bacteria;p__Planctomycetota;c__JADGBV01;o__JADGBV01;f__JADGBV01;g__JADGBV01;s__JADGBV01 sp015231345
GCA_015231375.1,GCA_015231375.1_Magnetococcales_bacterium_nW5bin1,Magnetococcales_bacterium_nW5bin1,Mars_lake_analog,freshwater,China: Innermogolia,41.564702,109.081861,Scaffold,Illumina HiSeq,93.83,1.93,True,114,4103345,59.91,70955,d__Bacteria;p__Pseudomonadota;c__Magnetococcia;o__Magnetococcales;f__Magnetaquicoccaceae;g__JAANAU01;s__JAANAU01 sp015231375
GCA_015231405.1,GCA_015231405.1_Candidatus_Omnitrophica_bacterium_nW3bin14,Candidatus_Omnitrophota_bacterium_nW3bin14,Mars_lake_analog,freshwater,China: Innermogolia,41.564702,109.081861,Scaffold,Illumina HiSeq,99.64,1.38,True,93,3659045,49.49,72303,d__Bacteria;p__Omnitrophota;c__Koll11;o__Tantalellales;f__Tantalellaceae;g__JADGBR01;s__JADGBR01 sp015231405
GCA_015231415.1,GCA_015231415.1_Desulfamplus_sp._nTSbin4,Desulfamplus_sp._nTSbin4,Mars_lake_analog,brackish,"China: Tuosu Lake, Qinghai",37.197953,96.868083,Scaffold,Illumina HiSeq,91.2,0.31,True,196,3232689,37.6,26935,d__Bacteria;p__Desulfobacterota;c__Desulfobacteria;o__Desulfobacterales;f__Desulfobacteraceae;g__Desulfamplus;s__Desulfamplus sp015232465
GCA_015231435.1,GCA_015231435.1_Gammaproteobacteria_bacterium_nTSbin2,Gammaproteobacteria_bacterium_nTSbin2,Mars_lake_analog,brackish,"China: Tuosu Lake, Qinghai",37.197953,96.868083,Scaffold,Illumina HiSeq,93.02,0.9,True,223,2871643,52.9,19518,d__Bacteria;p__Pseudomonadota;c__Gammaproteobacteria;o__BW-2;f__BW-2;g__JADFYS01;s__JADFYS01 sp015231435
GCA_015231465.1,GCA_015231465.1_Desulfamplus_sp._nTSbin20,Desulfamplus_sp._nTSbin20,Mars_lake_analog,brackish,"China: Tuosu Lake, Qinghai",37.197953,96.868083,Scaffold,Illumina HiSeq,74.28,3.69,True,402,3629071,47.21,12968,d__Bacteria;p__Desulfobacterota;c__Desulfobacteria;o__Desulfobacterales;f__Desulfobacteraceae;g__Desulfamplus;s__Desulfamplus sp015231465
GCA_015231505.1,GCA_015231505.1_Alphaproteobacteria_bacterium_nTSbin12,Alphaproteobacteria_bacterium_nTSbin12,Mars_lake_analog,brackish,"China: Tuosu Lake, Qinghai",37.197953,96.868083,Scaffold,Illumina HiSeq,77.48,0.46,True,329,2394161,63.33,10152,d__Bacteria;p__Pseudomonadota;c__Alphaproteobacteria;o__Rhodospirillales_A;f__Magnetovibrionaceae;g__JADGBG01;s__JADGBG01 sp015231605
GCA_015231515.1,GCA_015231515.1_Desulfobulbaceae_bacterium_nTSbin18,Desulfobulbaceae_bacterium_nTSbin18,Mars_lake_analog,brackish,"China: Tuosu Lake, Qinghai",37.197953,96.868083,Scaffold,Illumina HiSeq,86.03,0.35,True,225,3405799,45.02,24782,d__Bacteria;p__Desulfobacterota;c__Desulfobulbia;o__Desulfobulbales;f__Desulfurivibrionaceae;g__JADGBM01;s__JADGBM01 sp015231515
GCA_015231535.1,GCA_015231535.1_SAR324_cluster_bacterium_nTSbin10,SAR324_cluster_bacterium_nTSbin10,Mars_lake_analog,brackish,"China: Tuosu Lake, Qinghai",37.197953,96.868083,Scaffold,Illumina HiSeq,95.67,0.54,True,344,5756581,44.87,28409,d__Bacteria;p__SAR324;c__SAR324;o__SAR324;f__JADFZZ01;g__JADFZZ01;s__JADFZZ01 sp015232315
GCA_015231595.1,GCA_015231595.1_Desulfobacterales_bacterium_nTSbin1,Desulfobacterales_bacterium_nTSbin1,Mars_lake_analog,brackish,"China: Tuosu Lake, Qinghai",37.197953,96.868083,Scaffold,Illumina HiSeq,99.32,1.54,True,210,5131725,32.05,47251,d__Bacteria;p__Desulfobacterota;c__Desulfobacteria;o__Desulfobacterales;f__JADGBH01;g__JADGBH01;s__JADGBH01 sp015231595
GCA_015231605.1,GCA_015231605.1_Alphaproteobacteria_bacterium_nSSYDbin4,Alphaproteobacteria_bacterium_nSSYDbin4,Mars_lake_analog,brackish,"China: Shuishangyadan, Qinghai",37.624414,93.733812,Scaffold,Illumina HiSeq,97.34,0.7,True,213,3182839,63.34,25241,d__Bacteria;p__Pseudomonadota;c__Alphaproteobacteria;o__Rhodospirillales_A;f__Magnetovibrionaceae;g__JADGBG01;s__JADGBG01 sp015231605
GCA_015231615.1,GCA_015231615.1_Desulfamplus_sp._nS315bin44,Desulfamplus_sp._nS315bin44,Mars_lake_analog,brackish,China: Lake Qinghai,38.229771,90.697681,Scaffold,Illumina HiSeq,83.25,1.78,True,200,3860279,36.17,49168,d__Bacteria;p__Desulfobacterota;c__Desulfobacteria;o__Desulfobacterales;f__Desulfobacteraceae;g__Desulfamplus;s__Desulfamplus sp015231615
GCA_015231655.1,GCA_015231655.1_Desulfamplus_sp._nS315bin9,Desulfamplus_sp._nS315bin9,Mars_lake_analog,brackish,China: Lake Qinghai,38.229771,90.697681,Scaffold,Illumina HiSeq,85.19,1.71,True,195,3171500,37.59,28298,d__Bacteria;p__Desulfobacterota;c__Desulfobacteria;o__Desulfobacterales;f__Desulfobacteraceae;g__Desulfamplus;s__Desulfamplus sp015232465
GCA_015231705.1,GCA_015231705.1_Desulfamplus_sp._nS315bin3,Desulfamplus_sp._nS315bin3,Mars_lake_analog,brackish,China: Lake Qinghai,38.229771,90.697681,Scaffold,Illumina HiSeq,75.22,0.41,True,282,3601353,40.67,19749,d__Bacteria;p__Desulfobacterota;c__Desulfobacteria;o__Desulfobacterales;f__Desulfobacteraceae;g__Desulfamplus;s__Desulfamplus sp015231705
GCA_015231755.1,GCA_015231755.1_Magnetococcales_bacterium_nQXH2bin5,Magnetococcales_bacterium_nQXH2bin5,Mars_lake_analog,freshwater,China: Innermogolia,47.69541,119.30422,Scaffold,Illumina HiSeq,98.4,1.22,True,44,3842963,59.16,133818,d__Bacteria;p__Pseudomonadota;c__Magnetococcia;o__Magnetococcales;f__Magnetaquicoccaceae;g__JAANAU01;s__JAANAU01 sp015231755
GCA_015231775.1,GCA_015231775.1_Magnetococcales_bacterium_nQXH2bin1,Magnetococcales_bacterium_nQXH2bin1,Mars_lake_analog,freshwater,China: Innermogolia,47.69541,119.30422,Scaffold,Illumina HiSeq,86.32,0.37,True,389,3820765,61.35,19017,d__Bacteria;p__Pseudomonadota;c__Magnetococcia;o__Magnetococcales;f__Magnetaquicoccaceae;g__JAANAU01;s__JAANAU01 sp015231775
GCA_015231795.1,GCA_015231795.1_Alphaproteobacteria_bacterium_nQXH1bin1,Alphaproteobacteria_bacterium_nQXH1bin1,Mars_lake_analog,freshwater,China: Innermogolia,47.74777,119.33694,Contig,Illumina HiSeq,100.0,0.56,True,23,3628312,59.95,458012,d__Bacteria;p__Pseudomonadota;c__Alphaproteobacteria;o__Rhodospirillales;f__WMHbin7;g__WMHbin7;s__WMHbin7 sp015231795
GCA_015231815.1,GCA_015231815.1_Nitrospinae_bacterium_nPCRbin9,Nitrospinota_bacterium_nPCRbin9,Mars_lake_analog,brackish,Australia: Punkally Creek,-36.23413,150.06798,Scaffold,Illumina HiSeq,78.43,1.8,True,410,2645008,37.05,7923,d__Bacteria;p__Nitrospinota;c__JADGAW01;o__JADGAW01;f__JADGAW01;g__JADGAW01;s__JADGAW01 sp015231815
GCA_015231825.1,GCA_015231825.1_SAR324_cluster_bacterium_nPCRbin7,SAR324_cluster_bacterium_nPCRbin7,Mars_lake_analog,brackish,Australia: Punkally Creek,-36.23413,150.06798,Scaffold,Illumina HiSeq,98.32,2.5,True,81,5795165,44.77,123521,d__Bacteria;p__SAR324;c__SAR324;o__SAR324;f__GCA-2753255;g__JADGAV01;s__JADGAV01 sp015231825
GCA_015231855.1,GCA_015231855.1_Zetaproteobacteria_bacterium_nPCbin1,Zetaproteobacteria_bacterium_nPCbin1,Mars_lake_analog,brackish,Australia: Painkalac Creek,-38.46575,144.09288,Scaffold,Illumina HiSeq,99.75,0.12,True,68,2016854,47.46,56539,d__Bacteria;p__Pseudomonadota;c__Zetaproteobacteria;o__Mariprofundales;f__Mariprofundaceae;g__GCA-2753275;s__GCA-2753275 sp002753275
GCA_015231865.1,GCA_015231865.1_Gammaproteobacteria_bacterium_nPCRbin5,Gammaproteobacteria_bacterium_nPCRbin5,Mars_lake_analog,brackish,Australia: Punkally Creek,-36.23413,150.06798,Contig,Illumina HiSeq,95.35,0.44,True,299,3543812,34.87,21360,d__Bacteria;p__Pseudomonadota;c__Gammaproteobacteria;o__GRL18;f__GRL18;g__JADGAU01;s__JADGAU01 sp015231865
GCA_015231885.1,GCA_015231885.1_SAR324_cluster_bacterium_nPCRbin10,SAR324_cluster_bacterium_nPCRbin10,Mars_lake_analog,brackish,Australia: Punkally Creek,-36.23413,150.06798,Scaffold,Illumina HiSeq,95.55,0.8,True,241,5133600,42.0,50150,d__Bacteria;p__SAR324;c__SAR324;o__SAR324;f__GCA-2753255;g__GCA-2753255;s__GCA-2753255 sp002753255
GCA_015231915.1,GCA_015231915.1_Magnetococcales_bacterium_nNGHbin2,Magnetococcales_bacterium_nNGHbin2,Mars_lake_analog,freshwater,China: Innermogolia,47.9275,119.54638,Scaffold,Illumina HiSeq,99.87,1.5,True,133,4022416,61.98,48446,d__Bacteria;p__Pseudomonadota;c__Magnetococcia;o__Magnetococcales;f__Magnetaquicoccaceae;g__WMHbin3;s__WMHbin3 sp015231915
GCA_015231925.1,GCA_015231925.1_Magnetococcales_bacterium_nNGHbin14,Magnetococcales_bacterium_nNGHbin14,Mars_lake_analog,freshwater,China: Innermogolia,47.9275,119.54638,Scaffold,Illumina HiSeq,92.01,1.97,True,358,4514666,60.22,20051,d__Bacteria;p__Pseudomonadota;c__Magnetococcia;o__Magnetococcales;f__JADGAQ01;g__JADGAQ01;s__JADGAQ01 sp015231925
GCA_015231955.1,GCA_015231955.1_Oligoflexia_bacterium_nN3bin31,Oligoflexia_bacterium_nN3bin31,Mars_lake_analog,freshwater,China: Innermogolia,41.549487,109.05952,Scaffold,Illumina HiSeq,100.0,3.14,True,114,5611739,40.9,99534,d__Bacteria;p__Bdellovibrionota;c__Bacteriovoracia;o__Bacteriovoracales;f__Bacteriovoracaceae;g__JADGAN01;s__JADGAN01 sp015231955
GCA_015231965.1,GCA_015231965.1_Magnetococcales_bacterium_nNGHbin13,Magnetococcales_bacterium_nNGHbin13,Mars_lake_analog,freshwater,China: Innermogolia,47.9275,119.54638,Scaffold,Illumina HiSeq,99.05,0.94,True,314,3824539,63.09,18740,d__Bacteria;p__Pseudomonadota;c__Magnetococcia;o__Magnetococcales;f__JADGAP01;g__JADGAP01;s__JADGAP01 sp015231965
GCA_015231995.1,GCA_015231995.1_Nitrospinae_bacterium_nNGHbin12,Nitrospinota_bacterium_nNGHbin12,Mars_lake_analog,freshwater,China: Innermogolia,47.9275,119.54638,Scaffold,Illumina HiSeq,92.91,0.57,True,358,3233461,54.84,12205,d__Bacteria;p__Nitrospinota;c__UBA7883;o__UBA7883;f__JACRLM01;g__JADGAO01;s__JADGAO01 sp015231995
GCA_015232015.1,GCA_015232015.1_Oligoflexia_bacterium_nN3bin16,Oligoflexia_bacterium_nN3bin16,Mars_lake_analog,freshwater,China: Innermogolia,41.549487,109.05952,Scaffold,Illumina HiSeq,95.32,2.64,True,413,4908165,31.52,18191,d__Bacteria;p__Bdellovibrionota;c__Bacteriovoracia;o__Bacteriovoracales;f__Bacteriovoracaceae;g__JADFZW01;s__JADFZW01 sp015232015
GCA_015232025.1,GCA_015232025.1_Alphaproteobacteria_bacterium_nN3bin14,Alphaproteobacteria_bacterium_nN3bin14,Mars_lake_analog,freshwater,China: Innermogolia,41.549487,109.05952,Scaffold,Illumina HiSeq,74.29,2.45,True,499,3735703,67.66,9763,d__Bacteria;p__Pseudomonadota;c__Alphaproteobacteria;o__Rhodospirillales;f__Magnetospirillaceae;g__JADFZP01;s__JADFZP01 sp015232025
GCA_015232035.1,GCA_015232035.1_Desulfamplus_sp._nN2-2bin5,Desulfamplus_sp._nN2-2bin5,Mars_lake_analog,freshwater,China: Innermogolia,41.549487,109.05952,Scaffold,Illumina HiSeq,74.38,2.48,True,215,3179296,37.93,18110,d__Bacteria;p__Desulfobacterota;c__Desulfobacteria;o__Desulfobacterales;f__Desulfobacteraceae;g__Desulfamplus;s__Desulfamplus sp015232555
GCA_015232055.1,GCA_015232055.1_Alphaproteobacteria_bacterium_nN2-2bin2,Alphaproteobacteria_bacterium_nN2-2bin2,Mars_lake_analog,freshwater,China: Innermogolia,41.549487,109.05952,Scaffold,Illumina HiSeq,82.81,3.64,True,602,4101610,67.51,8398,d__Bacteria;p__Pseudomonadota;c__Alphaproteobacteria;o__Rhodospirillales;f__Magnetospirillaceae;g__JADFZP01;s__JADFZP01 sp015232485
GCA_015232095.1,GCA_015232095.1_Alphaproteobacteria_bacterium_nN2-2bin1,Alphaproteobacteria_bacterium_nN2-2bin1,Mars_lake_analog,freshwater,China: Innermogolia,41.549487,109.05952,Scaffold,Illumina HiSeq,100.0,0.71,True,129,4326798,65.17,58814,d__Bacteria;p__Pseudomonadota;c__Alphaproteobacteria;o__Rhodospirillales;f__Magnetospirillaceae;g__Magnetospirillum;s__Magnetospirillum moscoviense
GCA_015232115.1,GCA_015232115.1_Nitrospirota_bacterium_nMYbin6,Nitrospirota_bacterium_nMYbin6,Mars_lake_analog,freshwater,"China: Beijing, Lake Miyun",40.48874,117.00714,Scaffold,Illumina HiSeq,87.13,7.4,True,171,3404042,47.77,27655,d__Bacteria;p__Nitrospirota;c__Thermodesulfovibrionia;o__Thermodesulfovibrionales;f__Magnetobacteriaceae;g__Magnetominusculus;s__Magnetominusculus sp002753305
GCA_015232145.1,GCA_015232145.1_Nitrospirota_bacterium_nMYbin4,Nitrospirota_bacterium_nMYbin4,Mars_lake_analog,freshwater,"China: Beijing, Lake Miyun",40.48874,117.00714,Scaffold,Illumina HiSeq,97.28,1.61,True,213,3929094,44.04,34309,d__Bacteria;p__Nitrospirota;c__Thermodesulfovibrionia;o__Thermodesulfovibrionales;f__Magnetobacteriaceae;g__Magnetobacterium;s__Magnetobacterium sp002753395
GCA_015232195.1,GCA_015232195.1_Nitrospirota_bacterium_nMYbin1,Nitrospirota_bacterium_nMYbin1,Mars_lake_analog,freshwater,"China: Beijing, Lake Miyun",40.48874,117.00714,Scaffold,Illumina HiSeq,100.0,0.0,True,48,2908520,44.36,104491,d__Bacteria;p__Nitrospirota;c__Thermodesulfovibrionia;o__Thermodesulfovibrionales;f__Dissulfurispiraceae;g__MYbin3;s__MYbin3 sp002753335
GCA_015232235.1,GCA_015232235.1_Candidatus_Omnitrophica_bacterium_nMBPbin3,Candidatus_Omnitrophota_bacterium_nMBPbin3,Mars_lake_analog,freshwater,Australia: Mount Beauty Pondage,-36.73874,147.16443,Scaffold,Illumina HiSeq,73.85,0.3,True,41,1969424,50.38,106662,d__Bacteria;p__Omnitrophota;c__Koll11;o__Zapsychrales;f__Fredricksoniimonadaceae;g__Fredricksoniimonas;s__Fredricksoniimonas sp002753465
GCA_015232245.1,GCA_015232245.1_Magnetococcales_bacterium_nMBPbin6,Magnetococcales_bacterium_nMBPbin6,Mars_lake_analog,freshwater,Australia: Mount Beauty Pondage,-36.73874,147.16443,Scaffold,Illumina HiSeq,81.57,1.27,True,481,3695133,59.23,10704,d__Bacteria;p__Pseudomonadota;c__Magnetococcia;o__Magnetococcales;f__Magnetaquicoccaceae;g__JAANAU01;s__JAANAU01 sp015232245
GCA_015232255.1,GCA_015232255.1_Oligoflexia_bacterium_nKLKbin5,Oligoflexia_bacterium_nKLKbin5,Mars_lake_analog,brackish,"China: Qinghai, Keluke Lake",37.283722,96.859816,Scaffold,Illumina HiSeq,89.99,1.98,True,212,4586144,41.45,36596,d__Bacteria;p__Bdellovibrionota;c__Bacteriovoracia;o__Bacteriovoracales;f__Bacteriovoracaceae;g__JADGAN01;s__JADGAN01 sp015231955
GCA_015232265.1,GCA_015232265.1_Magnetococcales_bacterium_nKLKbin4,Magnetococcales_bacterium_nKLKbin4,Mars_lake_analog,brackish,"China: Qinghai, Keluke Lake",37.283722,96.859816,Scaffold,Illumina HiSeq,86.29,2.98,True,225,4028132,54.24,26216,d__Bacteria;p__Pseudomonadota;c__Magnetococcia;o__Magnetococcales;f__UBA8363;g__UBA8363;s__UBA8363 sp002753735
GCA_015232315.1,GCA_015232315.1_SAR324_cluster_bacterium_nKLKbin6,SAR324_cluster_bacterium_nKLKbin6,Mars_lake_analog,brackish,"China: Qinghai, Keluke Lake",37.283722,96.859816,Scaffold,Illumina HiSeq,95.27,1.24,True,88,5251075,45.21,107714,d__Bacteria;p__SAR324;c__SAR324;o__SAR324;f__JADFZZ01;g__JADFZZ01;s__JADFZZ01 sp015232315
GCA_015232335.1,GCA_015232335.1_Alphaproteobacteria_bacterium_nKLKbin1,Alphaproteobacteria_bacterium_nKLKbin1,Mars_lake_analog,brackish,"China: Qinghai, Keluke Lake",37.283722,96.859816,Scaffold,Illumina HiSeq,99.94,0.31,True,89,3428751,59.34,60596,d__Bacteria;p__Pseudomonadota;c__Alphaproteobacteria;o__Rhodospirillales;f__WMHbin7;g__WMHbin7;s__WMHbin7 sp015232335
GCA_015232355.1,GCA_015232355.1_Oligoflexia_bacterium_nKLKbin12,Oligoflexia_bacterium_nKLKbin12,Mars_lake_analog,brackish,"China: Qinghai, Keluke Lake",37.283722,96.859816,Scaffold,Illumina HiSeq,100.0,3.2,True,96,5633167,32.16,134958,d__Bacteria;p__Bdellovibrionota;c__Bacteriovoracia;o__Bacteriovoracales;f__Bacteriovoracaceae;g__JADFZW01;s__JADFZW01 sp015232355
GCA_015232365.1,GCA_015232365.1_Magnetococcales_bacterium_nJSWbin3,Magnetococcales_bacterium_nJSWbin3,Mars_lake_analog,brackish,"China: Jinshawan, Yingkou",40.223972,122.083844,Scaffold,Illumina HiSeq,83.03,0.81,True,103,2838496,44.6,45395,d__Bacteria;p__Pseudomonadota;c__Magnetococcia;o__Magnetococcales;f__UBA8363;g__GCA-2753565;s__GCA-2753565 sp015232365
GCA_015232395.1,GCA_015232395.1_Magnetococcales_bacterium_nJSWbin2,Magnetococcales_bacterium_nJSWbin2,Mars_lake_analog,brackish,"China: Jinshawan, Yingkou",40.223972,122.083844,Scaffold,Illumina HiSeq,99.98,1.21,True,170,4942843,55.33,50362,d__Bacteria;p__Pseudomonadota;c__Magnetococcia;o__Magnetococcales;f__JADFZT01;g__JADFZT01;s__JADFZT01 sp015232395
GCA_015232405.1,GCA_015232405.1_Magnetococcales_bacterium_nJSWbin1,Magnetococcales_bacterium_nJSWbin1,Mars_lake_analog,brackish,"China: Jinshawan, Yingkou",40.223972,122.083844,Scaffold,Illumina HiSeq,85.95,2.69,True,335,5862517,42.2,33993,d__Bacteria;p__Pseudomonadota;c__Magnetococcia;o__Magnetococcales;f__UBA8363;g__GCA-2753565;s__GCA-2753565 sp015232405
GCA_015232435.1,GCA_015232435.1_Alphaproteobacteria_bacterium_nJC2bin54,Alphaproteobacteria_bacterium_nJC2bin54,Mars_lake_analog,freshwater,China: Innermogolia,41.686682,108.39418,Scaffold,Illumina HiSeq,85.56,1.25,True,694,3885447,67.6,6643,d__Bacteria;p__Pseudomonadota;c__Alphaproteobacteria;o__Rhodospirillales;f__Magnetospirillaceae;g__JADFZP01;s__JADFZP01 sp015232485
GCA_015232455.1,GCA_015232455.1_Desulfamplus_sp._nJC1bin9,Desulfamplus_sp._nJC1bin9,Mars_lake_analog,freshwater,China: Innermogolia,41.687541,108.393862,Scaffold,Illumina HiSeq,99.62,0.74,True,82,4348730,35.99,138975,d__Bacteria;p__Desulfobacterota;c__Desulfobacteria;o__Desulfobacterales;f__Desulfobacteraceae;g__Desulfamplus;s__Desulfamplus sp015232455
GCA_015232465.1,GCA_015232465.1_Desulfamplus_sp._nHLHbin7,Desulfamplus_sp._nHLHbin7,Mars_lake_analog,freshwater,China: Innermogolia,49.06944,117.75694,Scaffold,Illumina HiSeq,85.09,0.53,True,147,3017047,37.75,34217,d__Bacteria;p__Desulfobacterota;c__Desulfobacteria;o__Desulfobacterales;f__Desulfobacteraceae;g__Desulfamplus;s__Desulfamplus sp015232465
GCA_015232485.1,GCA_015232485.1_Alphaproteobacteria_bacterium_nJC1bin3,Alphaproteobacteria_bacterium_nJC1bin3,Mars_lake_analog,freshwater,China: Innermogolia,41.687541,108.393862,Scaffold,Illumina HiSeq,84.65,0.44,True,698,3955622,67.27,6954,d__Bacteria;p__Pseudomonadota;c__Alphaproteobacteria;o__Rhodospirillales;f__Magnetospirillaceae;g__JADFZP01;s__JADFZP01 sp015232485
GCA_015232515.1,GCA_015232515.1_Desulfobacterales_bacterium_nHLHbin5,Desulfobacterales_bacterium_nHLHbin5,Mars_lake_analog,freshwater,China: Innermogolia,49.06944,117.75694,Scaffold,Illumina HiSeq,80.32,1.3,True,421,4582957,32.52,15842,d__Bacteria;p__Desulfobacterota;c__Desulfobacteria;o__Desulfobacterales;f__YD0425bin51;g__YD0425bin51;s__YD0425bin51 sp002753225
GCA_015232535.1,GCA_015232535.1_Candidatus_Omnitrophica_bacterium_nHLHbin2,Candidatus_Omnitrophota_bacterium_nHLHbin2,Mars_lake_analog,freshwater,China: Innermogolia,49.06944,117.75694,Scaffold,Illumina HiSeq,83.04,0.47,True,210,2207473,42.78,15244,d__Bacteria;p__Omnitrophota;c__Koll11;o__Zapsychrales;f__Zapsychraceae;g__JADFZM01;s__JADFZM01 sp015232535
GCA_015232555.1,GCA_015232555.1_Desulfamplus_sp._nHGRbin17,Desulfamplus_sp._nHGRbin17,Mars_lake_analog,freshwater,China: Innermogolia,41.573047,108.313566,Scaffold,Illumina HiSeq,89.58,0.63,True,106,3818984,37.82,58122,d__Bacteria;p__Desulfobacterota;c__Desulfobacteria;o__Desulfobacterales;f__Desulfobacteraceae;g__Desulfamplus;s__Desulfamplus sp015232555
GCA_015232565.1,GCA_015232565.1_Candidatus_Omnitrophica_bacterium_nHGRbin18,Candidatus_Omnitrophota_bacterium_nHGRbin18,Mars_lake_analog,freshwater,China: Innermogolia,41.573047,108.313566,Scaffold,Illumina HiSeq,96.03,0.19,True,80,2643610,51.11,53313,d__Bacteria;p__Omnitrophota;c__Koll11;o__Zapsychrales;f__Fredricksoniimonadaceae;g__GCA-2753745;s__GCA-2753745 sp015232565
GCA_015232575.1,GCA_015232575.1_Candidatus_Riflebacteria_bacterium_nHGRbin4,Candidatus_Riflebacteria_bacterium_nHGRbin4,Mars_lake_analog,freshwater,China: Innermogolia,41.573047,108.313566,Scaffold,Illumina HiSeq,99.93,5.07,True,54,7047312,40.28,283247,d__Bacteria;p__Riflebacteria;c__Ozemobacteria;o__Ozemobacterales;f__Ozemobacteraceae;g__JADFXM01;s__JADFXM01 sp015232575
GCA_015232615.1,GCA_015232615.1_Nitrospirota_bacterium_nHCHbin2,Nitrospirota_bacterium_nHCHbin2,Mars_lake_analog,freshwater,China: Xian city moat,34.25287,108.92187,Scaffold,Illumina HiSeq,100.0,0.57,True,99,3701936,45.24,57400,d__Bacteria;p__Nitrospirota;c__Thermodesulfovibrionia;o__Thermodesulfovibrionales;f__Magnetobacteriaceae;g__Magnetominusculus;s__Magnetominusculus xianensis
GCA_015232635.1,GCA_015232635.1_Magnetococcales_bacterium_nHCHbin1,Magnetococcales_bacterium_nHCHbin1,Mars_lake_analog,freshwater,China: Xian city moat,34.25287,108.92187,Scaffold,Illumina HiSeq,88.99,0.96,True,295,3805225,56.77,22140,d__Bacteria;p__Pseudomonadota;c__Magnetococcia;o__Magnetococcales;f__Magnetaquicoccaceae;g__HCHbin5;s__HCHbin5 sp002753505
GCA_015232645.1,GCA_015232645.1_Magnetococcales_bacterium_nHA5abin3,Magnetococcales_bacterium_nHA5abin3,Mars_lake_analog,freshwater,China: Hongan,31.290556,114.913333,Scaffold,Illumina HiSeq,71.52,0.76,True,426,3385412,54.67,12490,d__Bacteria;p__Pseudomonadota;c__Magnetococcia;o__Magnetococcales;f__UBA8363;g__UBA8363;s__UBA8363 sp015232645
GCA_015232675.1,GCA_015232675.1_Magnetococcales_bacterium_nHAa3bin1,Magnetococcales_bacterium_nHAa3bin1,Mars_lake_analog,freshwater,China: Hongan,31.174289,114.543941,Scaffold,Illumina HiSeq,76.7,0.68,True,97,3004780,53.21,84180,d__Bacteria;p__Pseudomonadota;c__Magnetococcia;o__Magnetococcales;f__UBA8363;g__UBA8363;s__UBA8363 sp002753515
GCA_015232685.1,GCA_015232685.1_Magnetococcales_bacterium_nHA5abin2,Magnetococcales_bacterium_nHA5abin2,Mars_lake_analog,freshwater,China: Hongan,31.290556,114.913333,Scaffold,Illumina HiSeq,78.82,0.75,True,229,3237156,52.36,25023,d__Bacteria;p__Pseudomonadota;c__Magnetococcia;o__Magnetococcales;f__UBA8363;g__UBA8363;s__UBA8363 sp015228975
GCA_015232755.1,GCA_015232755.1_Magnetococcales_bacterium_nHA3dbin2,Magnetococcales_bacterium_nHA3dbin2,Mars_lake_analog,freshwater,China: Hongan,31.173819,114.547642,Scaffold,Illumina HiSeq,88.41,3.96,True,358,3545338,61.56,17432,d__Bacteria;p__Pseudomonadota;c__Magnetococcia;o__Magnetococcales;f__DC0425bin3;g__HA3dbin3;s__HA3dbin3 sp002753495
GCA_015232815.1,GCA_015232815.1_Magnetococcales_bacterium_nHA3dbin1,Magnetococcales_bacterium_nHA3dbin1,Mars_lake_analog,freshwater,China: Hongan,31.173819,114.547642,Scaffold,Illumina HiSeq,100.0,1.12,True,203,4465439,52.89,43128,d__Bacteria;p__Pseudomonadota;c__Magnetococcia;o__Magnetococcales;f__UBA8363;g__UBA8363;s__UBA8363 sp002753515
GCA_015232825.1,GCA_015232825.1_Magnetococcales_bacterium_nHA1bin2,Magnetococcales_bacterium_nHA1bin2,Mars_lake_analog,freshwater,China: Hongan,31.295,114.916944,Scaffold,Illumina HiSeq,73.03,0.9,True,270,3028638,50.29,17143,d__Bacteria;p__Pseudomonadota;c__Magnetococcia;o__Magnetococcales;f__Magnetaquicoccaceae;g__JAANAU01;s__JAANAU01 sp015232825
GCA_015232855.1,GCA_015232855.1_Fibrobacteria_bacterium_nGRbin1,Fibrobacteria_bacterium_nGRbin1,Mars_lake_analog,brackish,Australia: Gellibrand River,-38.69715,143.15477,Scaffold,Illumina HiSeq,84.46,1.76,True,350,5376203,40.73,27450,d__Bacteria;p__Fibrobacterota;c__Fibrobacteria;o__UBA11236;f__JADFYW01;g__JADFYW01;s__JADFYW01 sp015232855
GCA_015232875.1,GCA_015232875.1_Candidatus_Magnetomorum_sp._nER2bin1,Candidatus_Magnetomorum_sp._nER2bin1,Mars_lake_analog,brackish,Australia: Erskine River,-38.5359,143.97478,Scaffold,Illumina HiSeq,96.13,1.03,True,393,6162735,38.94,22709,d__Bacteria;p__Desulfobacterota;c__Desulfobacteria;o__Desulfobacterales;f__Magnetomoraceae;g__Magnetomorum;s__Magnetomorum sp002753725
GCA_015232915.1,GCA_015232915.1_Magnetococcales_bacterium_nER1bin1,Magnetococcales_bacterium_nER1bin1,Mars_lake_analog,brackish,Australia: Erskine River,-38.5338,143.97832,Scaffold,Illumina HiSeq,99.51,1.29,True,47,3664887,52.32,113822,d__Bacteria;p__Pseudomonadota;c__Magnetococcia;o__Magnetococcales;f__UBA8363;g__GCA-2753565;s__GCA-2753565 sp002753565
GCA_015232955.1,GCA_015232955.1_Gammaproteobacteria_bacterium_nER1bin10,Gammaproteobacteria_bacterium_nER1bin10,Mars_lake_analog,brackish,Australia: Erskine River,-38.5338,143.97832,Contig,Illumina HiSeq,76.52,0.53,True,485,2595233,54.7,6203,d__Bacteria;p__Pseudomonadota;c__Gammaproteobacteria;o__BW-2;f__BW-2;g__JADFYS01;s__JADFYS01 sp015232955
GCA_015232995.1,GCA_015232995.1_Nitrospirota_bacterium_nDJH8bin8,Nitrospirota_bacterium_nDJH8bin8,Mars_acidic_analog,bog/peatland (acidic),China: Dajiu Lake,31.48944,109.99638,Scaffold,Illumina HiSeq,99.98,1.3,True,111,4187783,41.49,60346,d__Bacteria;p__Nitrospirota;c__Thermodesulfovibrionia;o__Thermodesulfovibrionales;f__Magnetobacteriaceae;g__JADFXG01;s__JADFXG01 sp015233895
GCA_015233015.1,GCA_015233015.1_Nitrospirota_bacterium_nDJH8bin6,Nitrospirota_bacterium_nDJH8bin6,Mars_acidic_analog,bog/peatland (acidic),China: Dajiu Lake,31.48944,109.99638,Scaffold,Illumina HiSeq,99.97,0.34,True,149,3781477,46.6,45032,d__Bacteria;p__Nitrospirota;c__Thermodesulfovibrionia;o__Thermodesulfovibrionales;f__Magnetobacteriaceae;g__Magnetominusculus;s__Magnetominusculus sp015233015
GCA_015233035.1,GCA_015233035.1_Magnetococcales_bacterium_nDJH8bin2,Magnetococcales_bacterium_nDJH8bin2,Mars_acidic_analog,bog/peatland (acidic),China: Dajiu Lake,31.48944,109.99638,Scaffold,Illumina HiSeq,96.5,2.61,True,434,4525783,57.45,14666,d__Bacteria;p__Pseudomonadota;c__Magnetococcia;o__Magnetococcales;f__Magnetaquicoccaceae;g__HCHbin5;s__HCHbin5 sp015233035
GCA_015233055.1,GCA_015233055.1_Deltaproteobacteria_bacterium_nDJH8bin5,Deltaproteobacteria_bacterium_nDJH8bin5,Mars_acidic_analog,bog/peatland (acidic),China: Dajiu Lake,31.48944,109.99638,Scaffold,Illumina HiSeq,75.87,3.09,True,527,4054746,51.56,10433,d__Bacteria;p__Desulfobacterota;c__JADFXK01;o__JADFXK01;f__JADFXK01;g__JADFXK01;s__JADFXK01 sp015233055
GCA_015233065.1,GCA_015233065.1_Desulfovibrionaceae_bacterium_nDJH8bin10,Desulfovibrionaceae_bacterium_nDJH8bin10,Mars_acidic_analog,bog/peatland (acidic),China: Dajiu Lake,31.48944,109.99638,Scaffold,Illumina HiSeq,93.67,0.07,True,255,3285386,62.71,21540,d__Bacteria;p__Desulfobacterota;c__Desulfovibrionia;o__Desulfovibrionales;f__Desulfovibrionaceae;g__JADFXV01;s__JADFXV01 sp015233395
GCA_015233115.1,GCA_015233115.1_Candidatus_Omnitrophica_bacterium_nDJH6bin5,Candidatus_Omnitrophota_bacterium_nDJH6bin5,Mars_acidic_analog,bog/peatland (acidic),China: Dajiu Lake,31.49055,109.99611,Scaffold,Illumina HiSeq,90.95,0.26,True,37,2393593,40.68,108715,d__Bacteria;p__Omnitrophota;c__Koll11;o__Zapsychrales;f__Zapsychraceae;g__JADFYE01;s__JADFYE01 sp015233115
GCA_015233135.1,GCA_015233135.1_Deltaproteobacteria_bacterium_nDJH6bin20,Deltaproteobacteria_bacterium_nDJH6bin20,Mars_acidic_analog,bog/peatland (acidic),China: Dajiu Lake,31.49055,109.99611,Scaffold,Illumina HiSeq,100.0,0.08,True,64,2614640,45.14,63680,d__Bacteria;p__UBA10199;c__UBA10199;o__DSSB01;f__JADFYH01;g__JADFYH01;s__JADFYH01 sp015233135
GCA_015233155.1,GCA_015233155.1_Candidatus_Riflebacteria_bacterium_nDJH6bin19,Candidatus_Riflebacteria_bacterium_nDJH6bin19,Mars_acidic_analog,bog/peatland (acidic),China: Dajiu Lake,31.49055,109.99611,Scaffold,Illumina HiSeq,86.87,2.56,True,185,6314079,49.32,78585,d__Bacteria;p__Riflebacteria;c__Ozemobacteria;o__Ozemobacterales;f__Ozemobacteraceae;g__JADFYG01;s__JADFYG01 sp015233155
GCA_015233165.1,GCA_015233165.1_Candidatus_Omnitrophica_bacterium_nDJH6bin18,Candidatus_Omnitrophota_bacterium_nDJH6bin18,Mars_acidic_analog,bog/peatland (acidic),China: Dajiu Lake,31.49055,109.99611,Scaffold,Illumina HiSeq,84.09,3.87,True,187,2287963,41.64,23939,d__Bacteria;p__Omnitrophota;c__Koll11;o__Zapsychrales;f__Fredricksoniimonadaceae;g__JACQCF01;s__JACQCF01 sp015233165
GCA_015233195.1,GCA_015233195.1_Candidatus_Omnitrophica_bacterium_nDJH6bin14,Candidatus_Omnitrophota_bacterium_nDJH6bin14,Mars_acidic_analog,bog/peatland (acidic),China: Dajiu Lake,31.49055,109.99611,Scaffold,Illumina HiSeq,83.76,0.42,True,50,1979993,37.49,86148,d__Bacteria;p__Omnitrophota;c__Koll11;o__Zapsychrales;f__Zapsychraceae;g__JADFYE01;s__JADFYE01 sp015233195
GCA_015233235.1,GCA_015233235.1_Candidatus_Omnitrophica_bacterium_nDJH6bin13,Candidatus_Omnitrophota_bacterium_nDJH6bin13,Mars_acidic_analog,bog/peatland (acidic),China: Dajiu Lake,31.49055,109.99611,Scaffold,Illumina HiSeq,75.83,0.18,True,175,1591307,47.17,11632,d__Bacteria;p__Omnitrophota;c__Koll11;o__Tantalellales;f__Tantalellaceae;g__JADFYD01;s__JADFYD01 sp015233235
GCA_015233245.1,GCA_015233245.1_Nitrospirota_bacterium_nDJH6bin1,Nitrospirota_bacterium_nDJH6bin1,Mars_acidic_analog,bog/peatland (acidic),China: Dajiu Lake,31.49055,109.99611,Scaffold,Illumina HiSeq,93.13,1.43,True,318,3469571,41.13,17243,d__Bacteria;p__Nitrospirota;c__Thermodesulfovibrionia;o__Thermodesulfovibrionales;f__Magnetobacteriaceae;g__JADFXG01;s__JADFXG01 sp015233245
GCA_015233265.1,GCA_015233265.1_Nitrospirota_bacterium_nDJH5bin4,Nitrospirota_bacterium_nDJH5bin4,Mars_acidic_analog,bog/peatland (acidic),China: Dajiu Lake,31.490422,109.995886,Scaffold,Illumina HiSeq,70.48,1.19,True,344,2541747,47.41,11135,d__Bacteria;p__Nitrospirota;c__Thermodesulfovibrionia;o__Thermodesulfovibrionales;f__Magnetobacteriaceae;g__Magnetominusculus;s__Magnetominusculus sp015233265
GCA_015233335.1,GCA_015233335.1_Candidatus_Omnitrophica_bacterium_nDJH2bin18,Candidatus_Omnitrophota_bacterium_nDJH2bin18,Mars_acidic_analog,bog/peatland (acidic),China: Dajiu Lake,31.49194,109.99472,Scaffold,Illumina HiSeq,73.16,2.59,True,38,1845990,44.09,102146,d__Bacteria;p__Omnitrophota;c__Koll11;o__Zapsychrales;f__Fredricksoniimonadaceae;g__JABDGZ01;s__JABDGZ01 sp015233335
GCA_015233355.1,GCA_015233355.1_Deltaproteobacteria_bacterium_nDJH2bin9,Deltaproteobacteria_bacterium_nDJH2bin9,Mars_acidic_analog,bog/peatland (acidic),China: Dajiu Lake,31.49194,109.99472,Scaffold,Illumina HiSeq,79.55,1.7,True,633,4762695,51.72,10360,d__Bacteria;p__Desulfobacterota;c__JADFXK01;o__JADFXK01;f__JADFXK01;g__JADFXK01;s__JADFXK01 sp015233285
GCA_015233365.1,GCA_015233365.1_Nitrospirota_bacterium_nDJH15bin8,Nitrospirota_bacterium_nDJH15bin8,Mars_acidic_analog,bog/peatland (acidic),China: Dajiu Lake,31.485181,110.001483,Scaffold,Illumina HiSeq,72.19,0.46,True,62,2181452,48.65,52271,d__Bacteria;p__Nitrospirota;c__Thermodesulfovibrionia;o__Thermodesulfovibrionales;f__Dissulfurispiraceae;g__JADFXI01;s__JADFXI01 sp015233365
GCA_015233395.1,GCA_015233395.1_Desulfovibrionaceae_bacterium_nDJH2bin10,Desulfovibrionaceae_bacterium_nDJH2bin10,Mars_acidic_analog,bog/peatland (acidic),China: Dajiu Lake,31.49194,109.99472,Scaffold,Illumina HiSeq,98.9,0.0,True,158,3372092,62.81,36054,d__Bacteria;p__Desulfobacterota;c__Desulfovibrionia;o__Desulfovibrionales;f__Desulfovibrionaceae;g__JADFXV01;s__JADFXV01 sp015233395
GCA_015233405.1,GCA_015233405.1_Candidatus_Omnitrophica_bacterium_nDJH15bin6,Candidatus_Omnitrophota_bacterium_nDJH15bin6,Mars_acidic_analog,bog/peatland (acidic),China: Dajiu Lake,31.485181,110.001483,Scaffold,Illumina HiSeq,85.32,4.44,True,47,2379669,43.25,130162,d__Bacteria;p__Omnitrophota;c__Koll11;o__Zapsychrales;f__Zapsychraceae;g__JADFXT01;s__JADFXT01 sp015233405
GCA_015233455.1,GCA_015233455.1_Nitrospirota_bacterium_nDJH15bin2,Nitrospirota_bacterium_nDJH15bin2,Mars_acidic_analog,bog/peatland (acidic),China: Dajiu Lake,31.485181,110.001483,Scaffold,Illumina HiSeq,92.06,0.04,True,245,3580043,49.18,21641,d__Bacteria;p__Nitrospirota;c__Thermodesulfovibrionia;o__Thermodesulfovibrionales;f__Magnetobacteriaceae;g__Magnetobacterium;s__Magnetobacterium sp015233725
GCA_015233465.1,GCA_015233465.1_Nitrospirota_bacterium_nDJH14bin9,Candidatus_Magnetobacteriaceae_bacterium_nDJH14bin9,Mars_acidic_analog,bog/peatland (acidic),China: Dajiu Lake,31.483503,110.000844,Scaffold,Illumina HiSeq,99.8,0.97,True,75,3130381,35.21,93402,d__Bacteria;p__Nitrospirota;c__Thermodesulfovibrionia;o__Thermodesulfovibrionales;f__Magnetobacteriaceae;g__JADFXP01;s__JADFXP01 sp015233465
GCA_015233485.1,GCA_015233485.1_Nitrospirota_bacterium_nDJH14bin7,Nitrospirota_bacterium_nDJH14bin7,Mars_acidic_analog,bog/peatland (acidic),China: Dajiu Lake,31.483503,110.000844,Scaffold,Illumina HiSeq,84.33,2.04,True,565,4238609,44.94,10032,d__Bacteria;p__Nitrospirota;c__Thermodesulfovibrionia;o__Thermodesulfovibrionales;f__Magnetobacteriaceae;g__Magnetominusculus;s__Magnetominusculus sp015233485
GCA_015233495.1,GCA_015233495.1_Candidatus_Omnitrophica_bacterium_nDJH15bin13,Candidatus_Omnitrophota_bacterium_nDJH15bin13,Mars_acidic_analog,bog/peatland (acidic),China: Dajiu Lake,31.485181,110.001483,Scaffold,Illumina HiSeq,89.7,0.5,True,111,2101230,49.08,34545,d__Bacteria;p__Omnitrophota;c__Koll11;o__Zapsychrales;f__Zapsychraceae;g__JADFXQ01;s__JADFXQ01 sp015233495
GCA_015233555.1,GCA_015233555.1_Nitrospirota_bacterium_nDJH14bin5,Nitrospirota_bacterium_nDJH14bin5,Mars_acidic_analog,bog/peatland (acidic),China: Dajiu Lake,31.483503,110.000844,Scaffold,Illumina HiSeq,98.8,0.19,True,69,3591102,41.5,83655,d__Bacteria;p__Nitrospirota;c__Thermodesulfovibrionia;o__Thermodesulfovibrionales;f__Magnetobacteriaceae;g__JADFXG01;s__JADFXG01 sp015233895
GCA_015233565.1,GCA_015233565.1_Candidatus_Riflebacteria_bacterium_nDJH14bin3,Candidatus_Riflebacteria_bacterium_nDJH14bin3,Mars_acidic_analog,bog/peatland (acidic),China: Dajiu Lake,31.483503,110.000844,Scaffold,Illumina HiSeq,99.99,8.49,True,185,8297085,40.61,109594,d__Bacteria;p__Riflebacteria;c__Ozemobacteria;o__Ozemobacterales;f__Ozemobacteraceae;g__JADFXM01;s__JADFXM01 sp015233565
GCA_015233585.1,GCA_015233585.1_Alphaproteobacteria_bacterium_nDJH14bin10,Alphaproteobacteria_bacterium_nDJH14bin10,Mars_acidic_analog,bog/peatland (acidic),China: Dajiu Lake,31.483503,110.000844,Scaffold,Illumina HiSeq,77.96,2.62,True,435,3326350,60.2,11257,d__Bacteria;p__Pseudomonadota;c__Alphaproteobacteria;o__Rhodospirillales;f__Rhodospirillaceae;g__JADFXL01;s__JADFXL01 sp015233585
GCA_015233615.1,GCA_015233615.1_Nitrospirota_bacterium_nDJH13bin3,Nitrospirota_bacterium_nDJH13bin3,Mars_acidic_analog,bog/peatland (acidic),China: Dajiu Lake,31.483672,110.000694,Scaffold,Illumina HiSeq,80.08,2.93,True,220,4006792,47.81,25191,d__Bacteria;p__Nitrospirota;c__Thermodesulfovibrionia;o__Thermodesulfovibrionales;f__Magnetobacteriaceae;g__JADFXJ01;s__JADFXJ01 sp015233615
GCA_015233625.1,GCA_015233625.1_Deltaproteobacteria_bacterium_nDJH13bin5,Deltaproteobacteria_bacterium_nDJH13bin5,Mars_acidic_analog,bog/peatland (acidic),China: Dajiu Lake,31.483672,110.000694,Scaffold,Illumina HiSeq,75.76,2.54,True,619,4587119,51.85,9499,d__Bacteria;p__Desulfobacterota;c__JADFXK01;o__JADFXK01;f__JADFXK01;g__JADFXK01;s__JADFXK01 sp015233625
GCA_015233655.1,GCA_015233655.1_Nitrospirota_bacterium_nDJH13bin21,Nitrospirota_bacterium_nDJH13bin21,Mars_acidic_analog,bog/peatland (acidic),China: Dajiu Lake,31.483672,110.000694,Scaffold,Illumina HiSeq,91.63,2.4,True,262,3287085,47.98,20424,d__Bacteria;p__Nitrospirota;c__Thermodesulfovibrionia;o__Thermodesulfovibrionales;f__Dissulfurispiraceae;g__JADFXI01;s__JADFXI01 sp015233655
GCA_015233675.1,GCA_015233675.1_Candidatus_Omnitrophica_bacterium_nDJH13bin20,Candidatus_Omnitrophota_bacterium_nDJH13bin20,Mars_acidic_analog,bog/peatland (acidic),China: Dajiu Lake,31.483672,110.000694,Scaffold,Illumina HiSeq,74.56,0.68,True,31,2119943,42.8,179029,d__Bacteria;p__Omnitrophota;c__Koll11;o__Zapsychrales;f__Fredricksoniimonadaceae;g__JABDGZ01;s__JABDGZ01 sp015233675
GCA_015233725.1,GCA_015233725.1_Nitrospirota_bacterium_nDJH13bin1,Nitrospirota_bacterium_nDJH13bin1,Mars_acidic_analog,bog/peatland (acidic),China: Dajiu Lake,31.483672,110.000694,Scaffold,Illumina HiSeq,79.98,0.65,True,168,3320021,49.07,29980,d__Bacteria;p__Nitrospirota;c__Thermodesulfovibrionia;o__Thermodesulfovibrionales;f__Magnetobacteriaceae;g__Magnetobacterium;s__Magnetobacterium sp015233725
GCA_015233765.1,GCA_015233765.1_Candidatus_Omnitrophica_bacterium_nCal1bin2,Candidatus_Omnitrophota_bacterium_nCal1bin2,Mars_lake_analog,freshwater,Australia: Lake Catani,-36.73426,146.81119,Scaffold,Illumina HiSeq,94.37,1.18,True,196,2952830,49.66,25022,d__Bacteria;p__Omnitrophota;c__Koll11;o__Zapsychrales;f__Fredricksoniimonadaceae;g__GCA-2753745;s__GCA-2753745 sp002753745
GCA_015233785.1,GCA_015233785.1_Magnetococcales_bacterium_nCLbin10,Magnetococcales_bacterium_nCLbin10,Mars_lake_analog,freshwater,Australia: Corunna Lake,-38.23694,144.42936,Contig,Illumina HiSeq,72.32,1.23,True,364,3357974,55.62,18428,d__Bacteria;p__Pseudomonadota;c__Magnetococcia;o__Magnetococcales;f__JADFWT01;g__JADFWT01;s__JADFWT01 sp015233785
GCA_015233895.1,GCA_015233895.1_Nitrospirota_bacterium_nDJH13bin19,Nitrospirota_bacterium_nDJH13bin19,Mars_acidic_analog,bog/peatland (acidic),China: Dajiu Lake,31.483672,110.000694,Scaffold,Illumina HiSeq,99.98,0.02,True,65,3711429,41.57,125510,d__Bacteria;p__Nitrospirota;c__Thermodesulfovibrionia;o__Thermodesulfovibrionales;f__Magnetobacteriaceae;g__JADFXG01;s__JADFXG01 sp015233895
GCA_015233935.1,GCA_015233935.1_Magnetococcales_bacterium_nDH2bin6,Magnetococcales_bacterium_nDH2bin6,Mars_lake_analog,freshwater,China: Lake East,30.555833,114.411389,Scaffold,Illumina HiSeq,90.85,7.17,True,414,4543171,52.7,21120,d__Bacteria;p__Pseudomonadota;c__Magnetococcia;o__Magnetococcales;f__JADFXB01;g__JADFXB01;s__JADFXB01 sp015233935
GCA_015233945.1,GCA_015233945.1_Magnetococcales_bacterium_nDC0425bin2,Magnetococcales_bacterium_nDC0425bin2,Mars_lake_analog,freshwater,China: Lake Dianchi,24.908133,102.74605,Scaffold,Illumina HiSeq,70.41,4.72,True,364,3037792,55.86,10610,d__Bacteria;p__Pseudomonadota;c__Magnetococcia;o__Magnetococcales;f__Magnetaquicoccaceae;g__HCHbin5;s__HCHbin5 sp002753505
GCA_015233965.1,GCA_015233965.1_Magnetococcales_bacterium_nDC0425bin4,Magnetococcales_bacterium_nDC0425bin4,Mars_lake_analog,freshwater,China: Lake Dianchi,24.908133,102.74605,Scaffold,Illumina HiSeq,99.95,1.49,True,165,3892739,65.39,49112,d__Bacteria;p__Pseudomonadota;c__Magnetococcia;o__Magnetococcales;f__DC0425bin3;g__DC0425bin3;s__DC0425bin3 sp002753665
GCA_015233985.1,GCA_015233985.1_Nitrospirota_bacterium_nDC0425bin1,Nitrospirota_bacterium_nDC0425bin1,Mars_lake_analog,freshwater,China: Lake Dianchi,24.908133,102.74605,Scaffold,Illumina HiSeq,99.86,0.29,True,178,4037545,49.09,35907,d__Bacteria;p__Nitrospirota;c__Thermodesulfovibrionia;o__Thermodesulfovibrionales;f__Magnetobacteriaceae;g__Magnetobacterium;s__Magnetobacterium sp002753685
GCA_015234015.1,GCA_015234015.1_Magnetococcales_bacterium_nDCbin4,Magnetococcales_bacterium_nDCbin4,Mars_lake_analog,freshwater,China: Lake Dianchi,24.908133,102.74605,Scaffold,Illumina HiSeq,99.89,0.58,True,149,4493558,54.13,47506,d__Bacteria;p__Pseudomonadota;c__Magnetococcia;o__Magnetococcales;f__UBA8363;g__UBA8363;s__UBA8363 sp002753735
GCA_015234035.1,GCA_015234035.1_Magnetococcales_bacterium_nDCbin2,Magnetococcales_bacterium_nDCbin2,Mars_lake_analog,freshwater,China: Lake Dianchi,24.908133,102.74605,Scaffold,Illumina HiSeq,99.76,1.53,True,311,4466229,51.87,24333,d__Bacteria;p__Pseudomonadota;c__Magnetococcia;o__Magnetococcales;f__UBA8363;g__UBA8363;s__UBA8363 sp002753615
GCA_015234045.1,GCA_015234045.1_Magnetococcales_bacterium_nCLbin6,Magnetococcales_bacterium_nCLbin6,Mars_lake_analog,freshwater,Australia: Corunna Lake,-38.23694,144.42936,Scaffold,Illumina HiSeq,83.52,1.79,True,117,3646512,47.56,61959,d__Bacteria;p__Pseudomonadota;c__Magnetococcia;o__Magnetococcales;f__JADFWU01;g__JADFWU01;s__JADFWU01 sp015234045
GCA_015234065.1,GCA_015234065.1_Candidatus_Omnitrophica_bacterium_nCal2bin1,Candidatus_Omnitrophota_bacterium_nCal2bin1,Mars_lake_analog,freshwater,Australia: Lake Catani,-36.73274,146.81226,Contig,Illumina HiSeq,78.41,2.16,True,176,1746582,51.48,15478,d__Bacteria;p__Omnitrophota;c__Koll11;o__Zapsychrales;f__Fredricksoniimonadaceae;g__JADFWS01;s__JADFWS01 sp015234065
GCA_015234085.1,GCA_015234085.1_Nitrospinae_bacterium_nARSLQbin3,Nitrospinota_bacterium_nARSLQbin3,Mars_lake_analog,freshwater,China: Innermogolia,47.19788,119.92877,Scaffold,Illumina HiSeq,79.21,0.9,True,440,2637238,54.88,7942,d__Bacteria;p__Nitrospinota;c__UBA7883;o__UBA7883;f__JACRLM01;g__JADGAO01;s__JADGAO01 sp015231995
GCA_015234115.1,GCA_015234115.1_Magnetococcales_bacterium_nARSLQbin1,Magnetococcales_bacterium_nARSLQbin1,Mars_lake_analog,freshwater,China: Innermogolia,47.19788,119.92877,Scaffold,Illumina HiSeq,74.79,2.83,True,161,3310492,58.83,41237,d__Bacteria;p__Pseudomonadota;c__Magnetococcia;o__Magnetococcales;f__Magnetaquicoccaceae;g__JAANAU01;s__JAANAU01 sp015234115
GCA_018606785.1,GCA_018606785.1_Candidatus_Magnetobacterium_sp._XYR,Candidatus_Magnetobacterium_cryptolimnobacter_XYR,Mars_lake_analog,freshwater,"China: Shaanxi, Xianyang Lake",34.33,108.72,Scaffold,Illumina HiSeq,99.98,0.73,True,195,4233998,48.61,61028,d__Bacteria;p__Nitrospirota;c__Thermodesulfovibrionia;o__Thermodesulfovibrionales;f__Magnetobacteriaceae;g__Magnetobacterium;s__Magnetobacterium sp002753685
GCA_018606805.1,GCA_018606805.1_Candidatus_Magnetobacterium_sp._XYC,Candidatus_Magnetomicrobium_cryptolimnococcus_XYC,Mars_lake_analog,freshwater,"China: Shaanxi, Xianyang Lake",34.33,108.72,Scaffold,Illumina HiSeq,99.94,0.56,True,91,3588292,37.75,130433,d__Bacteria;p__Nitrospirota;c__Thermodesulfovibrionia;o__Thermodesulfovibrionales;f__Magnetobacteriaceae;g__XYC;s__XYC sp018606805
GCA_020523885.1,GCA_020523885.1_Candidatus_Liberimonas_magnetica_DUR002,Candidatus_Liberimonas_magnetica_DUR002,Mars_lake_analog,bog/peatland (brackish),"Russia: Moscow Region, Durykino ravine",56.048889,37.164722,Scaffold,Oxford Nanopore MinION,99.93,1.68,True,29,3394123,39.76,185704,d__Bacteria;p__Elusimicrobiota;c__Endomicrobiia;o__Endomicrobiales;f__JAFGIL01;g__Liberimonas;s__Liberimonas magnetica
GCA_022321325.1,GCA_022321325.1_Candidatus_Magnetominusculus_sp._LBB02,Candidatus_Magnetominusculus_sp._LBB02,Mars_lake_analog,freshwater,"Russia: Moscow region, Shatura district, Lake Beloe Bordukovskoe",55.63,39.74,Scaffold,DNBSEQ (MGI); Oxford Nanopore Technologies (ONT),93.11,2.01,True,142,3471208,47.48,44214,d__Bacteria;p__Nitrospirota;c__Thermodesulfovibrionia;o__Thermodesulfovibrionales;f__Magnetobacteriaceae;g__Magnetominusculus;s__Magnetominusculus sp022321325
GCA_029001845.1,GCA_029001845.1_Candidatus_Magnetocorallium_paracelense_XS-1,Candidatus_Magnetocorallium_paracelense_XS-1,Europa_ocean_analog,marine,China: the Paracel Islands,16.57,112.2,Contig,Illumina,100.0,0.58,True,103,6007824,41.25,99879,d__Bacteria;p__Nitrospirota;c__Thermodesulfovibrionia;o__Thermodesulfovibrionales;f__Magnetobacteriaceae;g__Magnetocorallium;s__Magnetocorallium paracelense
GCA_040325905.1,GCA_040325905.1_Candidatus_Magnetobacterium_sp._LHC-1,Candidatus_Magnetobacterium_sp._LHC-1,Mars_lake_analog,freshwater,"China: Lake Lianhuachi, Beijing",39.89,116.3,Scaffold,Illumina HiSeq,98.69,0.24,True,283,4085014,48.69,22734,d__Bacteria;p__Nitrospirota;c__Thermodesulfovibrionia;o__Thermodesulfovibrionales;f__Magnetobacteriaceae;g__Magnetobacterium;s__Magnetobacterium sp002753685
GCA_900093605.1,GCA_900093605.1_Candidatus_Terasakiella_magnetica_PR-1,Candidatus_Terasakiella_magnetica_PR-1,Europa_ocean_analog,marine,France: Pointe Rouge Marina in Marseille,43.24560083,5.364499897,Contig,-,99.99,0.22,True,32,3682454,45.97,253666,d__Bacteria;p__Pseudomonadota;c__Alphaproteobacteria;o__Rhodospirillales_A;f__Terasakiellaceae;g__Terasakiella;s__Terasakiella magnetica
GCA_900170035.1,GCA_900170035.1_Desulfamplus_magnetovallimortis_BW-1,Desulfamplus_magnetovallimortis_BW-1,Mars_lake_analog,brackish,"USA: Badwater Basin at Death Valley National Park, California",36.2302,-116.7674,Scaffold,-,99.95,0.34,True,108,6677998,40.72,274785,d__Bacteria;p__Desulfobacterota;c__Desulfobacteria;o__Desulfobacterales;f__Desulfobacteraceae;g__Desulfamplus;s__Desulfamplus magnetovallimortis
GCA_900659855.1,GCA_900659855.1_uncultured_Desulfobacteraceae_bacterium_CR-1,Candidatus_Desulfarcum_epimagneticum_CR-1,Europa_ocean_analog,marine,France: Carry-le-Rouet,43.334222,5.175278,Contig,-,99.28,0.47,True,46,3253206,54.03,317600,d__Bacteria;p__Desulfobacterota;c__Desulfobacteria;o__Desulfobacterales;f__CR-1;g__CR-1;s__CR-1 sp900659855
GCA_902725215.1,GCA_902725215.1_Rhodospirillaceae_bacterium_LM-1,Rhodospirillaceae_bacterium_LM-1,Mars_lake_analog,freshwater,"Boulder Beach, Lake Mead, Nevada",36.0427571,-114.7999856,Contig,-,100.0,0.17,True,24,3571800,59.52,364589,d__Bacteria;p__Pseudomonadota;c__Alphaproteobacteria;o__Rhodospirillales;f__WMHbin7;g__WMHbin7;s__WMHbin7 sp902725215
GCA_902729425.1,GCA_902729425.1_Magnetospirillum_sp._SS-4,Magnetospirillum_sp._SS-4,Mars_lake_analog,brackish,"Alamo River near the Salton Sea, California",33.201109,-115.602421,Scaffold,-,100.0,0.37,True,101,4518863,66.03,175174,d__Bacteria;p__Pseudomonadota;c__Alphaproteobacteria;o__Rhodospirillales;f__Magnetospirillaceae;g__Phaeospirillum;s__Phaeospirillum sp902729425
GCA_902729435.1,GCA_902729435.1_Magnetospirillum_sp._UT-4,Magnetospirillum_sp._UT-4,Mars_lake_analog,freshwater,"Pond near Zion National Park, Utah",37.2452462,-113.1446629,Scaffold,-,100.0,0.1,True,94,4005051,68.88,92932,d__Bacteria;p__Pseudomonadota;c__Alphaproteobacteria;o__Rhodospirillales;f__Magnetospirillaceae;g__Magnetospirillum;s__Magnetospirillum sp902729435
GCA_902729445.1,GCA_902729445.1_Magnetospirillum_sp._LM-5,Magnetospirillum_sp._LM-5,Mars_lake_analog,freshwater,"Boulder Beach, Lake Mead, Nevada",36.0427571,-114.7999856,Scaffold,-,100.0,0.07,True,71,3903923,65.48,141579,d__Bacteria;p__Pseudomonadota;c__Alphaproteobacteria;o__Rhodospirillales;f__Magnetospirillaceae;g__Magnetospirillum;s__Magnetospirillum sp902729445
GCA_937425535.1,GCA_937425535.1_Rhodovastum_atsumiense_G2-11,Rhodovastum_atsumiense_G2-11,Mars_lake_analog,freshwater,Japan: Atsumi Peninsula,34.7166667,137.366666,Complete Genome,-,100.0,1.93,True,9,7423543,68.56,6482810,d__Bacteria;p__Pseudomonadota;c__Alphaproteobacteria;o__Acetobacterales;f__Acetobacteraceae;g__Rhodovastum;s__Rhodovastum atsumiense
IMG_2651870060,IMG_2651870060_Unclassified_Nitrospina_Bin_25,Unclassified_Nitrospina_Bin_25,Europa_ocean_analog,marine,northern gulf of mexico hypoxic zone,25.55972426,-90.38104391,Contig,-,90.14,0.37,True,431,4158979,37.69,11956,d__Bacteria;p__Nitrospinota;c__Nitrospinia;o__Nitrospinales;f__JAJDAT01;g__JAJDAT01;s__
LMSG_G000036956.1,LMSG_G000036956.1_uncultured_Bdellovibrionaceae_bacterium_SFLP_MTB_Ki1-2-2m_bin5,uncultured_Bdellovibrionaceae_bacterium_SFLP_MTB_Ki1-2-2m_bin5,Mars_lake_analog,freshwater,Sweden: lake Ki1,67.93,20.36,Contig,NovaSeq,99.94,1.09,True,132,3279113,41.8,58117,d__Bacteria;p__Bdellovibrionota;c__Bdellovibrionia;o__Bdellovibrionales;f__Bdellovibrionaceae;g__CAIYID01;s__CAIYID01 sp903926205
LMSG_G000036957.1,LMSG_G000036957.1_uncultured_Bdellovibrionaceae_bacterium_SFLP_MTB_Ki1-2-7m_bin20,uncultured_Bdellovibrionaceae_bacterium_SFLP_MTB_Ki1-2-7m_bin20,Mars_lake_analog,freshwater,Sweden: lake Ki1,67.93,20.36,Contig,NovaSeq,95.93,1.61,True,274,3171535,41.85,16269,d__Bacteria;p__Bdellovibrionota;c__Bdellovibrionia;o__Bdellovibrionales;f__Bdellovibrionaceae;g__CAIYID01;s__CAIYID01 sp903926205
LMSG_G000036958.1,LMSG_G000036958.1_uncultured_Bdellovibrionia_bacterium_SFLP_MTB_Ki3-D4_bin3,uncultured_Bdellovibrionia_bacterium_SFLP_MTB_Ki3-D4_bin3,Mars_lake_analog,freshwater,Sweden: lake Haukij?rvi,67.65,21.17,Contig,NovaSeq,98.4,1.3,True,267,4348562,50.45,26787,d__Bacteria;p__Bdellovibrionota;c__UBA1018;o__UBA1018;f__UBA1018;g__CAIRTR01;s__CAIRTR01 sp903881565
LMSG_G000036959.1,LMSG_G000036959.1_uncultured_Bdellovibrionia_bacterium_SFLP_MTB_LJ-3-65m_bin36,uncultured_Bdellovibrionia_bacterium_SFLP_MTB_LJ-3-65m_bin36,Mars_lake_analog,freshwater,Finland: lake Lovoj?rvi,61.08,25.03,Contig,NovaSeq,90.47,5.22,True,613,4673194,47.36,10043,d__Bacteria;p__Bdellovibrionota;c__UBA1018;o__UBA1018;f__UBA1018;g__CAITVN01;s__CAITVN01 sp903895855
LMSG_G000036961.1,LMSG_G000036961.1_uncultured_Bdellovibrionia_bacterium_SFLP_MTB_LJ-7-9m_bin42,uncultured_Bdellovibrionia_bacterium_SFLP_MTB_LJ-7-9m_bin42,Mars_lake_analog,freshwater,Finland: lake Lovoj?rvi,61.08,25.03,Contig,NovaSeq,90.04,1.19,True,697,4569893,47.38,8218,d__Bacteria;p__Bdellovibrionota;c__UBA1018;o__UBA1018;f__UBA1018;g__CAITVN01;s__CAITVN01 sp903895855
LMSG_G000036962.1,LMSG_G000036962.1_uncultured_Oligoflexia_bacterium_SFLP_MTB_LJ-13-9m_bin1,uncultured_Oligoflexia_bacterium_SFLP_MTB_LJ-13-9m_bin1,Mars_lake_analog,freshwater,Finland: lake Lovoj?rvi,61.08,25.03,Contig,NovaSeq,87.89,1.77,True,780,4452101,44.53,6941,d__Bacteria;p__Bdellovibrionota;c__Oligoflexia;o__Oligoflexales;f__RGVZ01;g__CAILAO01;s__CAILAO01 sp903832105
LMSG_G000036966.1,LMSG_G000036966.1_uncultured_Desulfatirhabdiaceae_bacterium_SFLP_MTB_Ki1-2-7m_bin29,uncultured_Desulfatirhabdiaceae_bacterium_SFLP_MTB_Ki1-2-7m_bin29,Mars_lake_analog,freshwater,Sweden: lake Ki1,67.93,20.36,Contig,NovaSeq,84.32,1.23,True,562,4674740,47.9,11777,d__Bacteria;p__Desulfobacterota;c__Desulfobacteria;o__Desulfobacterales;f__Desulfatirhabdiaceae;g__RAAP-1;s__
LMSG_G000036967.1,LMSG_G000036967.1_uncultured_Desulfatirhabdiaceae_bacterium_SFLP_MTB_Umea1p4_bin7,uncultured_Desulfatirhabdiaceae_bacterium_SFLP_MTB_Umea1p4_bin7,Mars_lake_analog,freshwater,Sweden: lake N?stj?rnen (711940-164576),64.15,18.8,Contig,NovaSeq,100.0,2.01,True,596,5332913,47.29,13145,d__Bacteria;p__Desulfobacterota;c__Desulfobacteria;o__Desulfobacterales;f__Desulfatirhabdiaceae;g__RAAP-1;s__RAAP-1 sp903839535
LMSG_G000036968.1,LMSG_G000036968.1_uncultured_Desulfatirhabdiaceae_bacterium_SFLP_MTB_Loc080925-7m_bin41,uncultured_Desulfatirhabdiaceae_bacterium_SFLP_MTB_Loc080925-7m_bin41,Mars_lake_analog,freshwater,Switzerland: lake Loclat,47.02,7.0,Contig,NovaSeq,98.52,1.42,True,265,4078212,50.36,25537,d__Bacteria;p__Desulfobacterota;c__Desulfobacteria;o__Desulfobacterales;f__Desulfatirhabdiaceae;g__RAAP-1;s__RAAP-1 sp903953895
LMSG_G000036969.1,LMSG_G000036969.1_uncultured_Desulfatirhabdiaceae_bacterium_SFLP_MTB_Loc090519-7m_bin30,uncultured_Desulfatirhabdiaceae_bacterium_SFLP_MTB_Loc090519-7m_bin30,Mars_lake_analog,freshwater,Switzerland: lake Loclat,47.02,7.0,Contig,NovaSeq,87.79,1.52,True,503,3997748,50.56,9926,d__Bacteria;p__Desulfobacterota;c__Desulfobacteria;o__Desulfobacterales;f__Desulfatirhabdiaceae;g__RAAP-1;s__RAAP-1 sp903953895
LMSG_G000036970.1,LMSG_G000036970.1_uncultured_Desulfatirhabdiaceae_bacterium_SFLP_MTB_Loc090519-8m_bin12,uncultured_Desulfatirhabdiaceae_bacterium_SFLP_MTB_Loc090519-8m_bin12,Mars_lake_analog,freshwater,Switzerland: lake Loclat,47.02,7.0,Contig,NovaSeq,99.75,0.32,True,487,4659652,50.25,13135,d__Bacteria;p__Desulfobacterota;c__Desulfobacteria;o__Desulfobacterales;f__Desulfatirhabdiaceae;g__RAAP-1;s__RAAP-1 sp903953895
LMSG_G000036971.1,LMSG_G000036971.1_uncultured_Desulfatirhabdiaceae_bacterium_SFLP_MTB_Loc090721-6m_bin27,uncultured_Desulfatirhabdiaceae_bacterium_SFLP_MTB_Loc090721-6m_bin27,Mars_lake_analog,freshwater,Switzerland: lake Loclat,47.02,7.0,Contig,NovaSeq,100.0,0.4,True,181,4787135,50.11,53218,d__Bacteria;p__Desulfobacterota;c__Desulfobacteria;o__Desulfobacterales;f__Desulfatirhabdiaceae;g__RAAP-1;s__RAAP-1 sp903953895
LMSG_G000036972.1,LMSG_G000036972.1_uncultured_Desulfatirhabdiaceae_bacterium_SFLP_MTB_Loc090721-7m_bin30,uncultured_Desulfatirhabdiaceae_bacterium_SFLP_MTB_Loc090721-7m_bin30,Mars_lake_analog,freshwater,Switzerland: lake Loclat,47.02,7.0,Contig,NovaSeq,91.89,1.2,True,567,3952897,50.67,9005,d__Bacteria;p__Desulfobacterota;c__Desulfobacteria;o__Desulfobacterales;f__Desulfatirhabdiaceae;g__RAAP-1;s__RAAP-1 sp903953895
LMSG_G000036973.1,LMSG_G000036973.1_uncultured_Desulfatirhabdiaceae_bacterium_SFLP_MTB_Loc090907-6m_bin20,uncultured_Desulfatirhabdiaceae_bacterium_SFLP_MTB_Loc090907-6m_bin20,Mars_lake_analog,freshwater,Switzerland: lake Loclat,47.02,7.0,Contig,NovaSeq,94.44,0.5,True,361,4223275,50.49,19290,d__Bacteria;p__Desulfobacterota;c__Desulfobacteria;o__Desulfobacterales;f__Desulfatirhabdiaceae;g__RAAP-1;s__RAAP-1 sp903953895
LMSG_G000036974.1,LMSG_G000036974.1_uncultured_Geobacterales_bacterium_SFLP_MTB_A4_bin1,uncultured_Geobacterales_bacterium_SFLP_MTB_A4_bin1,Mars_lake_analog,freshwater,Canada: pond SAS2A,55.23,-77.7,Contig,NovaSeq,95.32,1.93,True,209,5003715,55.24,40527,d__Bacteria;p__Desulfobacterota;c__Desulfuromonadia;o__Geobacterales;f__CAIOGM01;g__CAIOGM01;s__
LMSG_G000036979.1,LMSG_G000036979.1_uncultured_Pseudopelobacteraceae_bacterium_SFLP_MTB_Ja1-D4_bin17,uncultured_Pseudopelobacteraceae_bacterium_SFLP_MTB_Ja1-D4_bin17,Mars_lake_analog,freshwater,Sweden: lake Lomtj?rnan (703480-142137),63.35,14.46,Contig,NovaSeq,83.15,4.07,True,484,3378071,49.98,8999,d__Bacteria;p__Desulfobacterota;c__Desulfuromonadia;o__Geobacterales;f__Pseudopelobacteraceae;g__JACRCG01;s__JACRCG01 sp903845365
LMSG_G000036981.1,LMSG_G000036981.1_uncultured_Pseudopelobacteraceae_bacterium_SFLP_MTB_AM-lipid-02-D5_bin1,uncultured_Pseudopelobacteraceae_bacterium_SFLP_MTB_AM-lipid-02-D5_bin1,Mars_lake_analog,freshwater,Finland: lake Alinen Mustaj?rvi,61.21,25.11,Contig,NovaSeq,96.57,2.67,True,452,4387140,50.98,13394,d__Bacteria;p__Desulfobacterota;c__Desulfuromonadia;o__Geobacterales;f__Pseudopelobacteraceae;g__JACRCG01;s__JACRCG01 sp903925005
LMSG_G000036983.1,LMSG_G000036983.1_uncultured_Pseudopelobacteraceae_bacterium_SFLP_MTB_A3_bin18,uncultured_Pseudopelobacteraceae_bacterium_SFLP_MTB_A3_bin18,Mars_lake_analog,freshwater,Canada: pond SAS2A,55.23,-77.7,Contig,NovaSeq,84.76,1.38,True,190,3694317,51.56,31972,d__Bacteria;p__Desulfobacterota;c__Desulfuromonadia;o__Geobacterales;f__Pseudopelobacteraceae;g__JACRCG01;s__JACRCG01 sp903939115
LMSG_G000036984.1,LMSG_G000036984.1_uncultured_Pseudopelobacteraceae_bacterium_SFLP_MTB_A4_bin21,uncultured_Pseudopelobacteraceae_bacterium_SFLP_MTB_A4_bin21,Mars_lake_analog,freshwater,Canada: pond SAS2A,55.23,-77.7,Contig,NovaSeq,100.0,2.97,True,84,4661276,50.58,104191,d__Bacteria;p__Desulfobacterota;c__Desulfuromonadia;o__Geobacterales;f__Pseudopelobacteraceae;g__JACRCG01;s__JACRCG01 sp903939115
LMSG_G000036985.1,LMSG_G000036985.1_uncultured_Pseudopelobacteraceae_bacterium_SFLP_MTB_D3_bin2,uncultured_Pseudopelobacteraceae_bacterium_SFLP_MTB_D3_bin2,Mars_lake_analog,freshwater,Canada: pond SAS2B,55.23,-77.7,Contig,NovaSeq,92.11,1.58,True,306,4125050,50.9,18817,d__Bacteria;p__Desulfobacterota;c__Desulfuromonadia;o__Geobacterales;f__Pseudopelobacteraceae;g__JACRCG01;s__JACRCG01 sp903939115
LMSG_G000036986.1,LMSG_G000036986.1_uncultured_Pseudopelobacteraceae_bacterium_SFLP_MTB_D4_bin5,uncultured_Pseudopelobacteraceae_bacterium_SFLP_MTB_D4_bin5,Mars_lake_analog,freshwater,Canada: pond SAS2B,55.23,-77.7,Contig,NovaSeq,93.08,1.47,True,137,4096958,51.06,47161,d__Bacteria;p__Desulfobacterota;c__Desulfuromonadia;o__Geobacterales;f__Pseudopelobacteraceae;g__JACRCG01;s__JACRCG01 sp903939115
LMSG_G000036987.1,LMSG_G000036987.1_uncultured_Pseudopelobacteraceae_bacterium_SFLP_MTB_E5_bin6,uncultured_Pseudopelobacteraceae_bacterium_SFLP_MTB_E5_bin6,Mars_lake_analog,freshwater,Canada: pond SAS2D,55.23,-77.69,Contig,NovaSeq,88.92,1.89,True,674,4255482,51.29,8125,d__Bacteria;p__Desulfobacterota;c__Desulfuromonadia;o__Geobacterales;f__Pseudopelobacteraceae;g__JACRCG01;s__JACRCG01 sp903939115
LMSG_G000036990.1,LMSG_G000036990.1_uncultured_Syntrophales_bacterium_SFLP_MTB_Day2-6_bin17,uncultured_Syntrophales_bacterium_SFLP_MTB_Day2-6_bin17,Mars_lake_analog,freshwater,Sweden: lake Lomtj?rnan (703480-142137),63.35,14.46,Contig,NovaSeq,83.37,3.0,True,566,3596738,55.43,7806,d__Bacteria;p__Desulfobacterota;c__Syntrophia;o__Syntrophales;f__UBA5619;g__UBA5619;s__UBA5619 sp903903205
LMSG_G000036991.1,LMSG_G000036991.1_uncultured_Syntrophales_bacterium_SFLP_MTB_Ja1-D5_bin7,uncultured_Syntrophales_bacterium_SFLP_MTB_Ja1-D5_bin7,Mars_lake_analog,freshwater,Sweden: lake Lomtj?rnan (703480-142137),63.35,14.46,Contig,NovaSeq,82.45,1.57,True,395,3486791,56.04,15534,d__Bacteria;p__Desulfobacterota;c__Syntrophia;o__Syntrophales;f__UBA5619;g__UBA5619;s__UBA5619 sp903903205
LMSG_G000036992.1,LMSG_G000036992.1_uncultured_Syntrophorhabdaceae_bacterium_SFLP_MTB_Ja1-D5_bin2,uncultured_Syntrophorhabdaceae_bacterium_SFLP_MTB_Ja1-D5_bin2,Mars_lake_analog,freshwater,Sweden: lake Lomtj?rnan (703480-142137),63.35,14.46,Contig,NovaSeq,89.78,1.05,True,301,2723977,51.07,11869,d__Bacteria;p__Desulfobacterota_G;c__Syntrophorhabdia;o__Syntrophorhabdales;f__Syntrophorhabdaceae;g__Delta-02;s__Delta-02 sp903872255
LMSG_G000036993.1,LMSG_G000036993.1_uncultured_Desulfovibrionaceae_bacterium_SFLP_MTB_AM-lipid-01-D7_bin11,uncultured_Desulfovibrionaceae_bacterium_SFLP_MTB_AM-lipid-01-D7_bin11,Mars_lake_analog,freshwater,Finland: lake Alinen Mustaj?rvi,61.21,25.11,Contig,NovaSeq,99.79,0.46,True,47,3886096,63.83,142028,d__Bacteria;p__Desulfobacterota;c__Desulfovibrionia;o__Desulfovibrionales;f__Desulfovibrionaceae;g__CAILNX01;s__CAILNX01 sp903835685
LMSG_G000036994.1,LMSG_G000036994.1_uncultured_Desulfovibrionaceae_bacterium_SFLP_MTB_AM-lipid-01-D8_bin17,uncultured_Desulfovibrionaceae_bacterium_SFLP_MTB_AM-lipid-01-D8_bin17,Mars_lake_analog,freshwater,Finland: lake Alinen Mustaj?rvi,61.21,25.11,Contig,NovaSeq,99.96,0.81,True,130,4382062,62.87,66826,d__Bacteria;p__Desulfobacterota;c__Desulfovibrionia;o__Desulfovibrionales;f__Desulfovibrionaceae;g__CAILNX01;s__CAILNX01 sp903835685
LMSG_G000036995.1,LMSG_G000036995.1_uncultured_Desulfovibrionaceae_bacterium_SFLP_MTB_AM-lipid-02-D6_bin11,uncultured_Desulfovibrionaceae_bacterium_SFLP_MTB_AM-lipid-02-D6_bin11,Mars_lake_analog,freshwater,Finland: lake Alinen Mustaj?rvi,61.21,25.11,Contig,NovaSeq,83.86,0.91,True,521,3374484,64.82,7919,d__Bacteria;p__Desulfobacterota;c__Desulfovibrionia;o__Desulfovibrionales;f__Desulfovibrionaceae;g__CAILNX01;s__CAILNX01 sp903835685
LMSG_G000036996.1,LMSG_G000036996.1_uncultured_Desulfovibrionaceae_bacterium_SFLP_MTB_AM-lipid-02-D7_bin42,uncultured_Desulfovibrionaceae_bacterium_SFLP_MTB_AM-lipid-02-D7_bin42,Mars_lake_analog,freshwater,Finland: lake Alinen Mustaj?rvi,61.21,25.11,Contig,NovaSeq,99.97,0.84,True,114,4220505,63.4,68600,d__Bacteria;p__Desulfobacterota;c__Desulfovibrionia;o__Desulfovibrionales;f__Desulfovibrionaceae;g__CAILNX01;s__CAILNX01 sp903835685
LMSG_G000036997.1,LMSG_G000036997.1_uncultured_Hydrogenedentiales_bacterium_SFLP_MTB_Ki3-D4_bin17,uncultured_Hydrogenedentiales_bacterium_SFLP_MTB_Ki3-D4_bin17,Mars_lake_analog,freshwater,Sweden: lake Haukij?rvi,67.65,21.17,Contig,NovaSeq,89.77,2.0,True,795,4936554,58.0,7875,d__Bacteria;p__Hydrogenedentota;c__Hydrogenedentia;o__Hydrogenedentiales;f__CAIZGN01;g__CAIZGN01;s__CAIZGN01 sp903932505
LMSG_G000036998.1,LMSG_G000036998.1_uncultured_Polyangiaceae_bacterium_SFLP_MTB_KT4_bin17,uncultured_Polyangiaceae_bacterium_SFLP_MTB_KT4_bin17,Mars_lake_analog,freshwater,Sweden: lake Lomtj?rnan (703480-142137),63.35,14.46,Contig,NovaSeq,99.67,4.32,True,669,8017071,63.82,17174,d__Bacteria;p__Myxococcota;c__Polyangia;o__Polyangiales;f__Polyangiaceae;g__JAJZQG01;s__
LMSG_G000037000.1,LMSG_G000037000.1_uncultured_Omnitrophota_bacterium_SFLP_MTB_Ki2-D4_bin23,uncultured_Omnitrophota_bacterium_SFLP_MTB_Ki2-D4_bin23,Mars_lake_analog,freshwater,Sweden: lake Kiruna 754378??69136,67.92,20.37,Contig,NovaSeq,96.03,0.83,True,99,2613013,54.89,45002,d__Bacteria;p__Omnitrophota;c__Koll11;o__Zapsychrales;f__Fredricksoniimonadaceae;g__Fredricksoniimonas;s__Fredricksoniimonas sp903861305
LMSG_G000037005.1,LMSG_G000037005.1_uncultured_Azospirillaceae_bacterium_SFLP_MTB_AM-2014-D4_bin6,uncultured_Azospirillaceae_bacterium_SFLP_MTB_AM-2014-D4_bin6,Mars_lake_analog,freshwater,Finland: lake Alinen Mustaj?rvi,61.21,25.11,Contig,NovaSeq,96.21,4.47,True,390,5129281,65.22,20242,d__Bacteria;p__Pseudomonadota;c__Alphaproteobacteria;o__Azospirillales;f__Azospirillaceae;g__CAIZDL01;s__
LMSG_G000037006.1,LMSG_G000037006.1_uncultured_Azospirillaceae_bacterium_SFLP_MTB_VK3_bin11,uncultured_Azospirillaceae_bacterium_SFLP_MTB_VK3_bin11,Mars_lake_analog,freshwater,Finland: lake Valkea Kotinen,61.24,25.06,Contig,NovaSeq,84.57,0.77,True,250,3612753,65.64,23527,d__Bacteria;p__Pseudomonadota;c__Alphaproteobacteria;o__Azospirillales;f__Azospirillaceae;g__CAIZDL01;s__CAIZDL01 sp903856295
LMSG_G000037007.1,LMSG_G000037007.1_uncultured_Azospirillaceae_bacterium_SFLP_MTB_Umea3p3_bin40,uncultured_Azospirillaceae_bacterium_SFLP_MTB_Umea3p3_bin40,Mars_lake_analog,freshwater,Sweden: lake Bj?rntj?rnan (711632-164487),64.12,18.78,Contig,NovaSeq,83.62,1.77,True,393,2902485,60.9,9431,d__Bacteria;p__Pseudomonadota;c__Alphaproteobacteria;o__Azospirillales;f__Azospirillaceae;g__CAIZDL01;s__CAIZDL01 sp903931735
LMSG_G000037008.1,LMSG_G000037008.1_uncultured_Azospirillaceae_bacterium_SFLP_MTB_Umea3p4_bin32,uncultured_Azospirillaceae_bacterium_SFLP_MTB_Umea3p4_bin32,Mars_lake_analog,freshwater,Sweden: lake Bj?rntj?rnan (711632-164487),64.12,18.78,Contig,NovaSeq,80.73,1.75,True,491,2967519,60.88,7202,d__Bacteria;p__Pseudomonadota;c__Alphaproteobacteria;o__Azospirillales;f__Azospirillaceae;g__CAIZDL01;s__CAIZDL01 sp903931735
LMSG_G000037009.1,LMSG_G000037009.1_uncultured_Magnetospirillum_SFLP_MTB_Loc080925-5-5m_bin37,uncultured_Magnetospirillum_SFLP_MTB_Loc080925-5-5m_bin37,Mars_lake_analog,freshwater,Switzerland: lake Loclat,47.02,7.0,Contig,NovaSeq,83.67,1.99,True,299,3078168,66.77,14145,d__Bacteria;p__Pseudomonadota;c__Alphaproteobacteria;o__Rhodospirillales;f__Magnetospirillaceae;g__Magnetospirillum;s__Magnetospirillum sp903941095
LMSG_G000037010.1,LMSG_G000037010.1_uncultured_Phaeospirillum_SFLP_MTB_AM-lipid-02-D5_bin40,uncultured_Phaeospirillum_SFLP_MTB_AM-lipid-02-D5_bin40,Mars_lake_analog,freshwater,Finland: lake Alinen Mustaj?rvi,61.21,25.11,Contig,NovaSeq,90.81,0.17,True,168,4253669,66.16,40961,d__Bacteria;p__Pseudomonadota;c__Alphaproteobacteria;o__Rhodospirillales;f__Magnetospirillaceae;g__Phaeospirillum;s__Phaeospirillum sp903853455
LMSG_G000037011.1,LMSG_G000037011.1_uncultured_Phaeospirillum_SFLP_MTB_VK2_bin2,uncultured_Phaeospirillum_SFLP_MTB_VK2_bin2,Mars_lake_analog,freshwater,Finland: lake Valkea Kotinen,61.24,25.06,Contig,NovaSeq,99.99,0.52,True,158,4888818,65.42,53920,d__Bacteria;p__Pseudomonadota;c__Alphaproteobacteria;o__Rhodospirillales;f__Magnetospirillaceae;g__Phaeospirillum;s__Phaeospirillum sp903853455
LMSG_G000037012.1,LMSG_G000037012.1_uncultured_Phaeospirillum_SFLP_MTB_E3_bin4,uncultured_Phaeospirillum_SFLP_MTB_E3_bin4,Mars_lake_analog,freshwater,Canada: pond SAS2C,55.23,-77.7,Contig,NovaSeq,91.14,3.31,True,249,4098244,65.36,25121,d__Bacteria;p__Pseudomonadota;c__Alphaproteobacteria;o__Rhodospirillales;f__Magnetospirillaceae;g__Phaeospirillum;s__Phaeospirillum sp903901915
LMSG_G000037014.1,LMSG_G000037014.1_uncultured_Telmatospirillum_SFLP_MTB_AM-2014-D4_bin5,uncultured_Telmatospirillum_SFLP_MTB_AM-2014-D4_bin5,Mars_lake_analog,freshwater,Finland: lake Alinen Mustaj?rvi,61.21,25.11,Contig,NovaSeq,88.95,1.93,True,564,5220492,64.9,11758,d__Bacteria;p__Pseudomonadota;c__Alphaproteobacteria;o__Rhodospirillales;f__Magnetospirillaceae;g__Telmatospirillum;s__Telmatospirillum sp903858635
LMSG_G000037015.1,LMSG_G000037015.1_uncultured_Telmatospirillum_SFLP_MTB_AM-lipid-02-D5_bin20,uncultured_Telmatospirillum_SFLP_MTB_AM-lipid-02-D5_bin20,Mars_lake_analog,freshwater,Finland: lake Alinen Mustaj?rvi,61.21,25.11,Contig,NovaSeq,90.35,0.32,True,474,4582394,65.68,14088,d__Bacteria;p__Pseudomonadota;c__Alphaproteobacteria;o__Rhodospirillales;f__Magnetospirillaceae;g__Telmatospirillum;s__Telmatospirillum sp903858635
LMSG_G000037016.1,LMSG_G000037016.1_uncultured_gamma_proteobacterium_SFLP_MTB_KR4_bin15,uncultured_gamma_proteobacterium_SFLP_MTB_KR4_bin15,Mars_lake_analog,freshwater,Finland: lake Keskinen Rajaj?rvi,61.22,25.22,Contig,NovaSeq,99.89,0.01,True,281,3172910,53.22,16894,d__Bacteria;p__Pseudomonadota;c__Gammaproteobacteria;o__CAIRSR01;f__CAIRSR01;g__CAIRSR01;s__CAIRSR01 sp903824965
LMSG_G000037017.1,LMSG_G000037017.1_uncultured_gamma_proteobacterium_SFLP_MTB_KR4_bin9,uncultured_gamma_proteobacterium_SFLP_MTB_KR4_bin9,Mars_lake_analog,freshwater,Finland: lake Keskinen Rajaj?rvi,61.22,25.22,Contig,NovaSeq,95.19,0.63,True,350,3200600,55.07,13468,d__Bacteria;p__Pseudomonadota;c__Gammaproteobacteria;o__CAIRSR01;f__CAIRSR01;g__CAIRSR01;s__CAIRSR01 sp903881315
LMSG_G000037018.1,LMSG_G000037018.1_uncultured_Magnetaquicoccaceae_bacterium_SFLP_MTB_Umea3p4_bin52,uncultured_Magnetaquicoccaceae_bacterium_SFLP_MTB_Umea3p4_bin52,Mars_lake_analog,freshwater,Sweden: lake Bj?rntj?rnan (711632-164487),64.12,18.78,Contig,NovaSeq,85.3,3.7,True,702,3160004,57.78,4840,d__Bacteria;p__Pseudomonadota;c__Magnetococcia;o__Magnetococcales;f__Magnetaquicoccaceae;g__HCHbin5;s__HCHbin5 sp903913345
LO017727,LO017727_Candidatus_Magnetococcus_massalia_strain_MO-1_MTB,Candidatus_Magnetococcus_massalia_strain_MO-1,Europa_ocean_analog,marine,France: Pointe Rouge Marina in Marseille,43.24560083,5.364499897,Complete Genome,454 GS-FLX,99.99,0.24,True,1,5043095,55.18,5043095,d__Bacteria;p__Pseudomonadota;c__Magnetococcia;o__Magnetococcales;f__Magnetococcaceae;g__Magnetococcus;s__
RAST_1898112,RAST_1898112_181_Rhodospirillaceae_bacterium_MAG_01419_mvb_30,Rhodospirillaceae_bacterium_MAG_01419_mvb_30,Mars_lake_analog,brackish,Greece: Etoliko Lagoon,38.4825,21.315,Contig,Illumina HiSeq 2000,87.04,4.22,True,477,2811682,55.72,7268,d__Bacteria;p__Pseudomonadota;c__Alphaproteobacteria;o__Rhodospirillales_A;f__Magnetovibrionaceae;g__Magnetovibrio;s__
GCA_022760095.1,GCA_022760095.1_Candidatus_Magnetoovum_sp._WYHC-5,Candidatus_Magnetoovum_sp._WYHC-5,Mars_lake_analog,freshwater,China: Lake Weiyanghu,34.4,108.99,Contig,Illumina NovaSeq,95.33,0.91,True,307,3177142,37.99,15616,d__Bacteria;p__Nitrospirota;c__Thermodesulfovibrionia;o__Thermodesulfovibrionales;f__Magnetobacteriaceae;g__XYC;s__XYC sp018606805
GCA_036937345.1,GCA_036937345.1_Chromatiales_bacterium_YYHR-1,Chromatiales_bacterium_YYHR-1,Mars_lake_analog,freshwater,China: Yeya Lake,40.406861,115.845167,Scaffold,Illumina NovaSeq,82.27,7.12,True,1527,5228569,55.12,5431,d__Bacteria;p__Pseudomonadota;c__Gammaproteobacteria;o__BW-2;f__BW-2;g__BW-2;s__
GCA_039908085.1,GCA_039908085.1_Magnetococcus_sp._YQC-5,Magnetococcus_sp._YQC-5,Mars_lake_analog,freshwater,China: Yuqiao Lake,40.041111,117.455833,Contig,Illumina NovaSeq,97.23,1.6,True,553,5700412,50.73,14374,d__Bacteria;p__Pseudomonadota;c__Magnetococcia;o__Magnetococcales;f__Magnetaquicoccaceae;g__JAANAU01;s__
GCA_039908095.1,GCA_039908095.1_Nitrospirae_bacterium_YQR-1,Nitrospirae_bacterium_YQR-1,Mars_lake_analog,freshwater,China: Yuqiao Lake,40.041111,117.455833,Scaffold,Illumina NovaSeq,100.0,0.13,True,110,3496824,42.33,87846,d__Bacteria;p__Nitrospirota;c__Thermodesulfovibrionia;o__Thermodesulfovibrionales;f__Magnetobacteriaceae;g__JADFXG01;s__
GCA_039908105.1,GCA_039908105.1_Magnetococcus_sp._YQC-9,Magnetococcus_sp._YQC-9,Mars_lake_analog,freshwater,China: Yuqiao Lake,40.041111,117.455833,Contig,Illumina NovaSeq,99.38,0.42,True,208,3864532,58.26,30462,d__Bacteria;p__Pseudomonadota;c__Magnetococcia;o__Magnetococcales;f__Magnetaquicoccaceae;g__JAANAU01;s__
GCA_039908125.1,GCA_039908125.1_Magnetococcus_sp._XQGC-1,Magnetococcus_sp._XQGC-1,Mars_lake_analog,freshwater,China: Xingqinggong Lake,34.263833,108.96925,Scaffold,Illumina NovaSeq,92.86,9.54,True,433,4602324,57.21,36062,d__Bacteria;p__Pseudomonadota;c__Magnetococcia;o__Magnetococcales;f__Magnetaquicoccaceae;g__HCHbin5;s__
GCA_039908285.1,GCA_039908285.1_Alphaproteobacteria_bacterium_YQV-1,Alphaproteobacteria_bacterium_YQV-1,Mars_lake_analog,freshwater,China: Yuqiao Lake,40.041111,117.455833,Contig,Illumina NovaSeq,99.91,0.26,True,228,4014703,66.22,31581,d__Bacteria;p__Pseudomonadota;c__Alphaproteobacteria;o__Rhodospirillales;f__Rhodospirillaceae;g__;s__
GCA_039908345.1,GCA_039908345.1_Magnetospirillum_sp._WYHS-4,Magnetospirillum_sp._WYHS-4,Mars_lake_analog,freshwater,China: Weiyanghu Lake,34.403361,108.985944,Contig,Illumina NovaSeq,100.0,2.76,True,172,3654842,65.96,45845,d__Bacteria;p__Pseudomonadota;c__Alphaproteobacteria;o__Rhodospirillales_A;f__GLO-3;g__;s__
GCA_039908355.1,GCA_039908355.1_Gammaproteobacteria_bacterium_SHHR-1,Gammaproteobacteria_bacterium_SHHR-1,Europa_ocean_analog,hypersaline,China: Fuzhou Saltern,39.675308,121.992772,Scaffold,Illumina NovaSeq,84.75,4.52,True,535,3138237,62.67,16484,d__Bacteria;p__Pseudomonadota;c__Gammaproteobacteria;o__Chromatiales;f__Sedimenticolaceae;g__JADGBD01;s__JADGBD01 sp009497875
GCA_039908385.1,GCA_039908385.1_Magnetococcus_sp._THC-1_WYH,Magnetococcus_sp._THC-1_WYH,Mars_lake_analog,freshwater,China: Weiyanghu Lake,34.403361,108.985944,Scaffold,Illumina NovaSeq,100.0,0.7,True,87,4339321,52.19,76015,d__Bacteria;p__Pseudomonadota;c__Magnetococcia;o__Magnetococcales;f__UBA8363;g__UBA8363;s__UBA8363 sp015228925
GCA_039908505.1,GCA_039908505.1_Nitrospirota_bacterium_MYC-10,Nitrospirota_bacterium_MYC-10,Mars_lake_analog,freshwater,China: Miyun Lake,40.519917,116.835278,Scaffold,Illumina NovaSeq,99.99,0.23,True,98,3492769,45.01,64667,d__Bacteria;p__Nitrospirota;c__Thermodesulfovibrionia;o__Thermodesulfovibrionales;f__Magnetobacteriaceae;g__Magnetominusculus;s__
GCA_039908525.1,GCA_039908525.1_Magnetococcus_sp._MYC-9,Magnetococcus_sp._MYC-9,Mars_lake_analog,freshwater,China: Miyun Lake,40.519917,116.835278,Contig,Illumina NovaSeq,95.74,0.56,True,50,3598964,60.68,106821,d__Bacteria;p__Pseudomonadota;c__Magnetococcia;o__Magnetococcales;f__Magnetaquicoccaceae;g__HCHbin5;s__
GCA_039908535.1,GCA_039908535.1_Magnetococcus_sp._DMHC-6,Magnetococcus_sp._DMHC-6,Mars_lake_analog,freshwater,China: Daminghu Lake,36.671944,117.021814,Contig,Illumina NovaSeq,95.21,2.19,True,118,3667690,45.99,46571,d__Bacteria;p__Pseudomonadota;c__Magnetococcia;o__Magnetococcales;f__JADFZT01;g__;s__
GCA_039908555.1,GCA_039908555.1_Magnetococcus_sp._DMHC-8,Magnetococcus_sp._DMHC-8,Mars_lake_analog,freshwater,China: Daminghu Lake,36.671944,117.021814,Contig,Illumina NovaSeq,87.37,3.14,True,305,3159102,61.03,17531,d__Bacteria;p__Pseudomonadota;c__Magnetococcia;o__Magnetococcales;f__Magnetaquicoccaceae;g__HCHbin5;s__
GCA_039908575.1,GCA_039908575.1_Magnetococcus_sp._DMHC-1,Magnetococcus_sp._DMHC-1,Mars_lake_analog,freshwater,China: Daminghu Lake,36.671944,117.021814,Scaffold,Illumina NovaSeq,100.0,0.51,True,186,4825755,54.53,73987,d__Bacteria;p__Pseudomonadota;c__Magnetococcia;o__Magnetococcales;f__DC0425bin3;g__HA3dbin3;s__HA3dbin3 sp015228935
