Accession,ID_x,Number_of_contigs,Size (bp),GC (%),N50,Number of CDS,Number of tRNAs,tRNAs,Number of rRNA genes,Number of 5S rRNA gene,Number of 16S rRNA gene,Number of 23S rRNA gene,CheckM completeness(%),CheckM contamination(%),CheckM2 completeness(%)(GB_model),CheckM2 completeness(%)(NN_model),CheckM2 contamination(%),BUSCO completeness(%),BUSCO contamination(%),pass.GUNC,ID_y,Geographic location,Geographic coordinates,latitude,longitude,Geographic coordinates_reports_origin,Environment,Environment (note),recognized_as_MTB_through_magnetic_cell_enrichment,recognized_as_putative_MTB_through_MGC_identification,ID,Organism Name,GTDB_r220_classification,Assembly level,Sequencing platform,planetary_analog
GCA_000009985.1,GCA_000009985.1_Magnetospirillum_magneticum_AMB-1,1,4967148,65.09,4967148,4617,20,"{'Ala', 'Lys', 'Thr', 'Val', 'Trp', 'Ile', 'Met', 'Gln', 'Leu', 'Asn', 'Glu', 'Pro', 'Ser', 'Cys', 'Arg', 'Asp', 'Gly', 'Phe', 'His', 'Tyr'}",6,2,2,2,99.0,0.0,100.0,100.0,1.31,94.3,0.8,True,GCA_000009985.1_Magnetospirillum_magneticum_AMB-1,"Japan: Koganei, Tokyo",35.69322019924865 N 139.51000916768828 E,35.6932202,139.5100092,Google map,freshwater,freshwater,Yes,No,GCA_000009985.1_Magnetospirillum_magneticum_AMB-1,Paramagnetospirillum_magneticum_AMB-1,d__Bacteria;p__Pseudomonadota;c__Alphaproteobacteria;o__Rhodospirillales;f__Magnetospirillaceae;g__Phaeospirillum;s__Phaeospirillum magneticum,Complete Genome,-,Mars_lake_analog
GCA_000010665.1,GCA_000010665.1_Solidesulfovibrio_magneticus_RS-1,3,5315620,62.67,5248049,4554,21,"{'Ala', 'Lys', 'Thr', 'Val', 'Trp', 'Ile', 'Met', 'Gln', 'Leu', 'Asn', 'Glu', 'Pro', 'Ser', 'Cys', 'Arg', 'Asp', 'Gly', 'SeC', 'Phe', 'His', 'Tyr'}",9,3,3,3,100.0,0.0,98.92,100.0,0.53,93.5,0.8,True,GCA_000010665.1_Solidesulfovibrio_magneticus_RS-1,Japan: Kameno river,34.174844027425266 N 135.23713936732472 E,34.17484403,135.2371394,Google map,freshwater,freshwater,Yes,No,GCA_000010665.1_Solidesulfovibrio_magneticus_RS-1,Solidesulfovibrio_magneticus_RS-1,d__Bacteria;p__Desulfobacterota;c__Desulfovibrionia;o__Desulfovibrionales;f__Desulfovibrionaceae;g__Solidesulfovibrio;s__Solidesulfovibrio magneticus,Complete Genome,-,Mars_lake_analog
GCA_000014865.1,GCA_000014865.1_Magnetococcus_marinus_MC-1,1,4719581,54.17,4719581,3912,20,"{'Ala', 'Lys', 'Thr', 'Val', 'Trp', 'Ile', 'Met', 'Gln', 'Leu', 'Asn', 'Glu', 'Pro', 'Ser', 'Cys', 'Arg', 'Asp', 'Gly', 'Phe', 'His', 'Tyr'}",9,3,3,3,98.32,0.84,100.0,99.99,0.28,99.2,0.0,True,GCA_000014865.1_Magnetococcus_marinus_MC-1,"USA: Pettaquamscutt Estuary, Rhode Island",41.44221139400216 N 71.44088823326253 W,41.44221139,-71.44088823,Google map,marine,marine,Yes,No,GCA_000014865.1_Magnetococcus_marinus_MC-1,Magnetococcus_marinus_MC-1,d__Bacteria;p__Pseudomonadota;c__Magnetococcia;o__Magnetococcales;f__Magnetococcaceae;g__Magnetococcus;s__Magnetococcus marinus,Complete Genome,-,Europa_ocean_analog
GCA_000342045.1,GCA_000342045.1_Magnetospirillum_caucaseum_SO-1,203,4859560,65.99,55386,4509,21,"{'Ala', 'Lys', 'Thr', 'Val', 'Trp', 'Ile', 'Met', 'Gln', 'Leu', 'Asn', 'Glu', 'Pro', 'Ser', 'Cys', 'Arg', 'Asp', 'Gly', 'SeC', 'Phe', 'His', 'Tyr'}",3,1,1,1,99.5,0.5,100.0,99.99,0.11,99.2,0.8,True,GCA_000342045.1_Magnetospirillum_caucaseum_SO-1,Russia:Krasnodar krai,43.8940 N 42.7209 E,43.894,42.7209,Biosample/Paper,freshwater,freshwater,Yes,No,GCA_000342045.1_Magnetospirillum_caucaseum_SO-1,Paramagnetospirillum_caucaseum_SO-1,d__Bacteria;p__Pseudomonadota;c__Alphaproteobacteria;o__Rhodospirillales;f__Magnetospirillaceae;g__Phaeospirillum;s__Phaeospirillum caucaseum,Contig,454 GS-FLX Titanium,Mars_lake_analog
GCA_000513295.1,GCA_000513295.1_Magnetospirillum_gryphiswaldense_MSR-1_v2,1,4365796,63.28,4365796,4106,20,"{'Ala', 'Lys', 'Thr', 'Val', 'Trp', 'Ile', 'Met', 'Gln', 'Leu', 'Asn', 'Glu', 'Pro', 'Ser', 'Cys', 'Arg', 'Asp', 'Gly', 'Phe', 'His', 'Tyr'}",6,2,2,2,99.88,0.0,100.0,100.0,0.2,98.4,0.8,True,GCA_000513295.1_Magnetospirillum_gryphiswaldense_MSR-1_v2,Germany: Ryck River,54.10188087632118 N 13.389197505968982 E,54.10188088,13.38919751,Google map,freshwater,freshwater,Yes,No,GCA_000513295.1_Magnetospirillum_gryphiswaldense_MSR-1_v2,Magnetospirillum_gryphiswaldense_MSR-1_v2,d__Bacteria;p__Pseudomonadota;c__Alphaproteobacteria;o__Rhodospirillales;f__Magnetospirillaceae;g__Magnetospirillum;s__Magnetospirillum gryphiswaldense,Complete Genome,-,Mars_lake_analog
GCA_000714715.1,GCA_000714715.1_Candidatus_Magnetobacterium_casensis_MYR-1,70,3415676,48.87,90253,3153,20,"{'Ala', 'Lys', 'Thr', 'Val', 'Trp', 'Ile', 'Met', 'Gln', 'Leu', 'Asn', 'Glu', 'Pro', 'Ser', 'Cys', 'Arg', 'Asp', 'Gly', 'Phe', 'His', 'Tyr'}",3,1,1,1,92.42,0.91,92.43,86.53,0.17,88.7,0.0,True,GCA_000714715.1_Candidatus_Magnetobacterium_casensis_MYR-1,"China: Lake Miyun, Beijing",40.49863762226092 N 116.99163193698311 E,40.49863762,116.9916319,Google map,freshwater,freshwater,Yes,No,GCA_000714715.1_Candidatus_Magnetobacterium_casensis_MYR-1,Candidatus_Magnetobacterium_casense_MYR-1,d__Bacteria;p__Nitrospirota;c__Thermodesulfovibrionia;o__Thermodesulfovibrionales;f__Magnetobacteriaceae;g__Magnetobacterium;s__Magnetobacterium casense,Contig,454,Mars_lake_analog
GCA_000829825.1,GCA_000829825.1_Magnetospirillum_magnetotacticum_MS-1,33,4523005,63.56,541957,4152,20,"{'Ala', 'Lys', 'Thr', 'Val', 'Trp', 'Ile', 'Met', 'Gln', 'Leu', 'Asn', 'Glu', 'Pro', 'Ser', 'Cys', 'Arg', 'Asp', 'Gly', 'Phe', 'His', 'Tyr'}",5,3,1,1,99.5,0.0,100.0,100.0,0.06,98.4,0.8,True,GCA_000829825.1_Magnetospirillum_magnetotacticum_MS-1,"USA: Cedar Swamp, Massachusetts",42.59672121109787 N 70.76937573804732 W,42.59672121,-70.76937574,Google map,freshwater,freshwater,Yes,No,GCA_000829825.1_Magnetospirillum_magnetotacticum_MS-1,Paramagnetospirillum_magnetotacticum_MS-1,d__Bacteria;p__Pseudomonadota;c__Alphaproteobacteria;o__Rhodospirillales;f__Magnetospirillaceae;g__Phaeospirillum;s__Phaeospirillum magnetotacticum,Contig,Illumina HiSeq,Mars_lake_analog
GCA_000960725.1,GCA_000960725.1_Candidatus_Magnetoovum_chiemensis_CS-04,863,3721812,40.39,9961,3562,20,"{'Ala', 'Lys', 'Thr', 'Val', 'Trp', 'Ile', 'Met', 'Gln', 'Leu', 'Asn', 'Glu', 'Pro', 'Ser', 'Cys', 'Arg', 'Asp', 'Gly', 'SeC', 'His', 'Tyr'}",3,1,1,1,88.1,16.27,92.84,92.11,9.46,79.0,4.8,True,GCA_000960725.1_Candidatus_Magnetoovum_chiemensis_CS-04,"Germany: Lake Chiemsee, Bavaria",47.869440 N 12.398015 E,47.86944,12.398015,Biosample/Paper,freshwater,freshwater,Yes,No,GCA_000960725.1_Candidatus_Magnetoovum_chiemensis_CS-04,Candidatus_Magnetoovum_chiemensis_CS-04,d__Bacteria;p__Nitrospirota;c__Thermodesulfovibrionia;o__Thermodesulfovibrionales;f__Magnetobacteriaceae;g__;s__,Contig,Illumina MiSeq,Mars_lake_analog
GCA_000968135.1,GCA_000968135.1_Magnetospira_sp._QH-2,2,4052370,59.44,4021307,3804,20,"{'Ala', 'Lys', 'Thr', 'Val', 'Trp', 'Ile', 'Met', 'Gln', 'Leu', 'Asn', 'Glu', 'Pro', 'Ser', 'Cys', 'Arg', 'Asp', 'Gly', 'Phe', 'His', 'Tyr'}",6,2,2,2,99.5,1.0,99.3,99.96,0.43,99.2,0.0,True,GCA_000968135.1_Magnetospira_sp._QH-2,"Huiquan Bay, Qingdao, China",36.05239497110082 N 120.3371792345723 E,36.05239497,120.3371792,Google map,marine,marine,Yes,No,GCA_000968135.1_Magnetospira_sp._QH-2,Magnetospira_sp._QH-2,d__Bacteria;p__Pseudomonadota;c__Alphaproteobacteria;o__Rhodospirillales_A;f__Magnetospiraceae;g__Magnetospira;s__Magnetospira sp000968135,Complete Genome,-,Europa_ocean_analog
GCA_001292585.1,GCA_001292585.1_Candidatus_Magnetomorum_sp._HK-1,2715,14146258,34.61,18233,9452,21,"{'Ala', 'Lys', 'Thr', 'Val', 'Trp', 'Ile', 'Met', 'Gln', 'Leu', 'Asn', 'Glu', 'Pro', 'Ser', 'Cys', 'Arg', 'Asp', 'Gly', 'SeC', 'Phe', 'His', 'Tyr'}",3,1,1,1,96.94,3.57,94.35,100.0,6.16,90.3,2.4,True,GCA_001292585.1_Candidatus_Magnetomorum_sp._HK-1,"Germany:Wadden Sea, near Cuxhaven",53.890580 N 8.678464 E,53.89058,8.678464,Biosample/Paper,marine,coastal tidal sand flats,Yes,No,GCA_001292585.1_Candidatus_Magnetomorum_sp._HK-1,Candidatus_Magnetomorum_sp._HK-1,d__Bacteria;p__Desulfobacterota;c__Desulfobacteria;o__Desulfobacterales;f__Magnetomoraceae;g__Magnetomorum;s__,Contig,Illumnia MiSeq,Europa_ocean_analog
GCA_001303405.1,GCA_001303405.1_Nitrospira_bacterium_SG8_35_4,292,2692108,46.5,9622,2639,11,"{'Ser', 'Arg', 'Val', 'Met', 'Gln', 'SeC', 'Leu', 'Ala', 'Glu', 'Thr', 'Pro'}",0,0,0,0,70.97,12.18,73.44,74.86,7.0,69.4,10.5,True,GCA_001303405.1_Nitrospira_bacterium_SG8_35_4,"USA: White Oak River Estuary, North Carolina",34.7414 N 77.1234 W,34.7414,-77.1234,Biosample/Paper,brackish,"sulfate-rich zone estuary, White Oak River Estuary, North Carolina",No,Yes,GCA_001303405.1_Nitrospira_bacterium_SG8_35_4,Nitrospira_bacterium_SG8_35_4,d__Bacteria;p__Nitrospirota;c__Thermodesulfovibrionia;o__UBA6902;f__UBA6902;g__;s__,Contig,Illumina,Mars_lake_analog
GCA_001511835.1,GCA_001511835.1_Magnetospirillum_sp._XM-1_XM1,2,4992477,65.67,4825187,4581,21,"{'Ala', 'Lys', 'Thr', 'Val', 'Trp', 'Ile', 'Met', 'Gln', 'Leu', 'Asn', 'Glu', 'Pro', 'Ser', 'Cys', 'Arg', 'Asp', 'Gly', 'SeC', 'Phe', 'His', 'Tyr'}",6,2,2,2,99.5,0.0,100.0,100.0,0.21,99.2,0.8,True,GCA_001511835.1_Magnetospirillum_sp._XM-1_XM1,China: Xi'an City moat,34.2527 N 108.9203 E,34.2527,108.9203,Biosample/Paper,freshwater,freshwater,Yes,No,GCA_001511835.1_Magnetospirillum_sp._XM-1_XM1,Magnetospirillum_sp._XM-1_XM1,d__Bacteria;p__Pseudomonadota;c__Alphaproteobacteria;o__Rhodospirillales;f__Magnetospirillaceae;g__Phaeospirillum;s__Phaeospirillum sp001511835,Complete Genome,-,Mars_lake_analog
GCA_001541255.1,GCA_001541255.1_Candidatus_Magnetominusculus_xianensis_HCH-1,152,3593273,45.37,45767,3335,20,"{'Ala', 'Lys', 'Thr', 'Val', 'Trp', 'Ile', 'Met', 'Gln', 'Leu', 'Glu', 'Pro', 'Ser', 'Cys', 'Arg', 'Asp', 'Gly', 'SeC', 'Phe', 'His', 'Tyr'}",4,1,1,2,98.18,0.91,100.0,99.99,0.62,94.3,0.8,True,GCA_001541255.1_Candidatus_Magnetominusculus_xianensis_HCH-1,"China: city moat, Xi'an",34.25287 N 108.92187 E,34.25287,108.92187,Biosample/Paper,freshwater,freshwater,Yes,No,GCA_001541255.1_Candidatus_Magnetominusculus_xianensis_HCH-1,Candidatus_Magnetominusculus_xianensis_HCH-1,d__Bacteria;p__Nitrospirota;c__Thermodesulfovibrionia;o__Thermodesulfovibrionales;f__Magnetobacteriaceae;g__Magnetominusculus;s__Magnetominusculus xianensis,Contig,Illumina HiSeq,Mars_lake_analog
GCA_001650635.1,GCA_001650635.1_Magnetospirillum_moscoviense_BB-1,207,4164497,65.18,52974,3863,21,"{'Ala', 'Lys', 'Thr', 'Val', 'Trp', 'Ile', 'Met', 'Gln', 'Leu', 'Asn', 'Glu', 'Pro', 'Ser', 'Cys', 'Arg', 'Asp', 'Gly', 'SeC', 'Phe', 'His', 'Tyr'}",3,1,1,1,100.0,0.0,100.0,100.0,0.11,98.4,0.8,True,GCA_001650635.1_Magnetospirillum_moscoviense_BB-1,Russia: Moskva River,55.792661 N 37.409944 E,55.792661,37.409944,Biosample/Paper,freshwater,freshwater,Yes,No,GCA_001650635.1_Magnetospirillum_moscoviense_BB-1,Magnetospirillum_moscoviense_BB-1,d__Bacteria;p__Pseudomonadota;c__Alphaproteobacteria;o__Rhodospirillales;f__Magnetospirillaceae;g__Magnetospirillum;s__Magnetospirillum moscoviense,Contig,Illumina HiSeq,Mars_lake_analog
GCA_001650715.1,GCA_001650715.1_Magnetospirillum_marisnigri_SP-1,131,4619819,64.73,168256,4238,20,"{'Ala', 'Lys', 'Thr', 'Val', 'Trp', 'Ile', 'Met', 'Gln', 'Leu', 'Asn', 'Glu', 'Pro', 'Ser', 'Cys', 'Arg', 'Asp', 'Gly', 'Phe', 'His', 'Tyr'}",3,1,1,1,100.0,0.0,100.0,99.99,0.44,99.2,0.8,True,GCA_001650715.1_Magnetospirillum_marisnigri_SP-1,Russia: Pshada River,44.389272 N 38.336217 E,44.389272,38.336217,Biosample/Paper,freshwater,freshwater,Yes,No,GCA_001650715.1_Magnetospirillum_marisnigri_SP-1,Paramagnetospirillum_marisnigri_SP-1,d__Bacteria;p__Pseudomonadota;c__Alphaproteobacteria;o__Rhodospirillales;f__Magnetospirillaceae;g__Phaeospirillum;s__Phaeospirillum marisnigri,Scaffold,Illumina HiSeq,Mars_lake_analog
GCA_001746755.1,GCA_001746755.1_Magnetovibrio_blakemorei_MV-1,91,3638804,54.29,95462,3531,20,"{'Ala', 'Lys', 'Thr', 'Val', 'Trp', 'Ile', 'Met', 'Gln', 'Leu', 'Asn', 'Glu', 'Pro', 'Ser', 'Cys', 'Arg', 'Asp', 'Gly', 'Phe', 'His', 'Tyr'}",3,1,1,1,98.51,0.5,98.42,99.99,0.15,98.4,0.0,True,GCA_001746755.1_Magnetovibrio_blakemorei_MV-1,"USA: salt marsh pool, Neponset River estuary, Boston, MA",41.27 N 71.04000000 W,41.27,-71.04,Biosample/Paper,marine,marine,Yes,No,GCA_001746755.1_Magnetovibrio_blakemorei_MV-1,Magnetovibrio_blakemorei_MV-1,d__Bacteria;p__Pseudomonadota;c__Alphaproteobacteria;o__Rhodospirillales_A;f__Magnetovibrionaceae;g__Magnetovibrio;s__Magnetovibrio blakemorei,Contig,454; Sanger; Solexa,Europa_ocean_analog
GCA_002105535.1,GCA_002105535.1_Magnetospirillum_sp._ME-1,1,4551873,65.63,4551873,4155,20,"{'Ala', 'Lys', 'Thr', 'Val', 'Trp', 'Ile', 'Met', 'Gln', 'Leu', 'Asn', 'Glu', 'Pro', 'Ser', 'Cys', 'Arg', 'Asp', 'Gly', 'Phe', 'His', 'Tyr'}",6,2,2,2,99.5,0.5,100.0,100.0,0.11,99.2,0.8,True,GCA_002105535.1_Magnetospirillum_sp._ME-1,"China: East Lake sediment, Wuhan city",30.55 N 114.36 E,30.55,114.36,Biosample/Paper,freshwater,freshwater,Yes,No,GCA_002105535.1_Magnetospirillum_sp._ME-1,Magnetospirillum_sp._ME-1,d__Bacteria;p__Pseudomonadota;c__Alphaproteobacteria;o__Rhodospirillales;f__Magnetospirillaceae;g__Phaeospirillum;s__Phaeospirillum sp002105535,Complete Genome,Illumina Hiseq 2500,Mars_lake_analog
GCA_002109495.1,GCA_002109495.1_Magnetofaba_australis_IT-1,21,4986701,61.3,705613,4270,21,"{'Ala', 'Lys', 'Thr', 'Val', 'Pyl', 'Trp', 'Ile', 'Met', 'Gln', 'Leu', 'Asn', 'Glu', 'Pro', 'Ser', 'Cys', 'Arg', 'Asp', 'Gly', 'Phe', 'His', 'Tyr'}",6,2,2,2,98.74,0.84,100.0,99.83,0.59,96.8,0.0,True,GCA_002109495.1_Magnetofaba_australis_IT-1,"Brazil: Itaipu Lagoon, Niteroi, Rio de Janeiro State",22.9644167 S 43.0459472 W,-22.9644167,-43.0459472,Biosample/Paper,brackish,brackish to marine coastal lagoon,Yes,No,GCA_002109495.1_Magnetofaba_australis_IT-1,Magnetofaba_australis_IT-1,d__Bacteria;p__Pseudomonadota;c__Magnetococcia;o__Magnetococcales;f__Magnetococcaceae;g__Magnetofaba;s__Magnetofaba australis,Contig,454,Mars_lake_analog
GCA_002401485.1,GCA_002401485.1_Elusimicrobia_bacterium_NORP122,191,2913226,54.93,19622,2675,18,"{'Ser', 'Cys', 'Arg', 'Met', 'Val', 'Asp', 'Gly', 'Leu', 'Gln', 'Asn', 'Trp', 'Glu', 'Ala', 'Lys', 'His', 'Thr', 'Pro', 'Ile'}",6,2,1,3,74.06,1.82,78.32,77.96,1.95,74.2,0.0,True,GCA_002401485.1_Elusimicrobia_bacterium_NORP122,Atlantic Ocean: North Pond,24.5464232590787 N 46.49654978817962 W,24.54642326,-46.49654979,Google map,marine,marine,No,Yes,GCA_002401485.1_Elusimicrobia_bacterium_NORP122,Elusimicrobiota_bacterium_NORP122,d__Bacteria;p__Elusimicrobiota;c__Elusimicrobia;o__UBA1565;f__UBA1565;g__UBA1565;s__UBA1565 sp002401485,Contig,Illumina HiSeq,Europa_ocean_analog
GCA_002753095.1,GCA_002753095.1_Magnetococcales_bacterium_YD0425bin7,177,3583729,55.67,34600,3152,19,"{'Ala', 'Lys', 'Thr', 'Val', 'Trp', 'Ile', 'Met', 'Gln', 'Leu', 'Asn', 'Glu', 'Pro', 'Ser', 'Arg', 'Asp', 'Gly', 'Phe', 'His', 'Tyr'}",1,1,0,0,96.42,1.68,91.86,87.23,1.69,91.9,0.0,True,GCA_002753095.1_Magnetococcales_bacterium_YD0425bin7,China: Yuandadu Park,39.974732 N 116.368688 E,39.974732,116.368688,Biosample/Paper,freshwater,freshwater,Yes,No,GCA_002753095.1_Magnetococcales_bacterium_YD0425bin7,Magnetococcales_bacterium_YD0425bin7,d__Bacteria;p__Pseudomonadota;c__Magnetococcia;o__Magnetococcales;f__Magnetaquicoccaceae;g__Magnetaquicoccus;s__Magnetaquicoccus sp002753095,Scaffold,Illumina HiSeq,Mars_lake_analog
GCA_002753105.1,GCA_002753105.1_Deltaproteobacteria_bacterium_YD0425bin50,589,4970345,36.91,11398,3937,19,"{'Ala', 'Lys', 'Thr', 'Val', 'Met', 'Gln', 'Leu', 'Asn', 'Glu', 'Pro', 'Ser', 'Cys', 'Arg', 'Asp', 'Gly', 'SeC', 'Phe', 'His', 'Tyr'}",4,2,1,1,80.69,2.26,75.07,83.77,2.11,62.1,0.8,True,GCA_002753105.1_Deltaproteobacteria_bacterium_YD0425bin50,China: Yuandadu Park,39.974732 N 116.368688 E,39.974732,116.368688,Biosample/Paper,freshwater,freshwater,Yes,No,GCA_002753105.1_Deltaproteobacteria_bacterium_YD0425bin50,Deltaproteobacteria_bacterium_YD0425bin50,d__Bacteria;p__Desulfobacterota;c__Desulfobacteria;o__Desulfobacterales;f__YD0425bin50;g__YD0425bin50;s__YD0425bin50 sp002753105,Scaffold,Illumina HiSeq,Mars_lake_analog
GCA_002753135.1,GCA_002753135.1_Magnetococcales_bacterium_WMHbinv6,80,3839927,55.32,85378,3232,20,"{'Ala', 'Lys', 'Thr', 'Val', 'Trp', 'Ile', 'Met', 'Gln', 'Leu', 'Asn', 'Glu', 'Pro', 'Ser', 'Cys', 'Arg', 'Asp', 'Gly', 'Phe', 'His', 'Tyr'}",4,2,1,1,95.8,2.52,96.64,98.25,1.55,89.5,0.0,True,GCA_002753135.1_Magnetococcales_bacterium_WMHbinv6,China: Lake Weiming,39.993142 N 116.30256 E,39.993142,116.30256,Biosample/Paper,freshwater,freshwater,Yes,No,GCA_002753135.1_Magnetococcales_bacterium_WMHbinv6,Magnetococcales_bacterium_WMHbinv6,d__Bacteria;p__Pseudomonadota;c__Magnetococcia;o__Magnetococcales;f__Magnetaquicoccaceae;g__Magnetaquicoccus;s__Magnetaquicoccus sp002753135,Scaffold,Illumina HiSeq,Mars_lake_analog
GCA_002753155.1,GCA_002753155.1_Alphaproteobacteria_bacterium_WMHbin7,73,2984788,59.84,91589,2921,18,"{'Ser', 'Cys', 'Arg', 'Met', 'Val', 'Asp', 'Gln', 'Leu', 'Gly', 'Asn', 'Trp', 'Ala', 'Phe', 'His', 'Thr', 'Pro', 'Tyr', 'Ile'}",3,1,1,1,91.54,0.12,93.17,87.2,0.73,87.1,0.8,True,GCA_002753155.1_Alphaproteobacteria_bacterium_WMHbin7,China: Lake Weiming,39.993142 N 116.30256 E,39.993142,116.30256,Biosample/Paper,freshwater,freshwater,Yes,No,GCA_002753155.1_Alphaproteobacteria_bacterium_WMHbin7,Alphaproteobacteria_bacterium_WMHbin7,d__Bacteria;p__Pseudomonadota;c__Alphaproteobacteria;o__Rhodospirillales;f__WMHbin7;g__WMHbin7;s__WMHbin7 sp002753155,Scaffold,Illumina HiSeq,Mars_lake_analog
GCA_002753185.1,GCA_002753185.1_Magnetococcales_bacterium_WMHbin3,157,4601373,61.61,51212,4023,19,"{'Ala', 'Lys', 'Thr', 'Val', 'Trp', 'Ile', 'Met', 'Gln', 'Leu', 'Asn', 'Glu', 'Pro', 'Ser', 'Arg', 'Asp', 'Gly', 'Phe', 'His', 'Tyr'}",4,2,1,1,93.53,2.1,93.14,92.03,2.44,91.1,1.6,True,GCA_002753185.1_Magnetococcales_bacterium_WMHbin3,China: Lake Weiming,39.993142 N 116.30256 E,39.993142,116.30256,Biosample/Paper,freshwater,freshwater,Yes,No,GCA_002753185.1_Magnetococcales_bacterium_WMHbin3,Magnetococcales_bacterium_WMHbin3,d__Bacteria;p__Pseudomonadota;c__Magnetococcia;o__Magnetococcales;f__Magnetaquicoccaceae;g__WMHbin3;s__WMHbin3 sp002753185,Scaffold,Illumina HiSeq,Mars_lake_analog
GCA_002753215.1,GCA_002753215.1_Magnetococcales_bacterium_WMHbin1,242,4380192,54.3,24882,3798,20,"{'Ala', 'Lys', 'Thr', 'Val', 'Trp', 'Ile', 'Met', 'Gln', 'Leu', 'Asn', 'Glu', 'Pro', 'Ser', 'Cys', 'Arg', 'Asp', 'Gly', 'Phe', 'His', 'Tyr'}",1,1,0,0,98.32,2.94,99.17,99.98,0.73,94.4,0.0,True,GCA_002753215.1_Magnetococcales_bacterium_WMHbin1,China: Lake Weiming,39.993142 N 116.30256 E,39.993142,116.30256,Biosample/Paper,freshwater,freshwater,Yes,No,GCA_002753215.1_Magnetococcales_bacterium_WMHbin1,Magnetococcales_bacterium_WMHbin1,d__Bacteria;p__Pseudomonadota;c__Magnetococcia;o__Magnetococcales;f__UBA8363;g__UBA8363;s__UBA8363 sp002753735,Scaffold,Illumina HiSeq,Mars_lake_analog
GCA_002753225.1,GCA_002753225.1_Deltaproteobacteria_bacterium_YD0425bin51,134,5221616,32.23,82896,4249,18,"{'Ser', 'Arg', 'Val', 'Met', 'Asp', 'Gly', 'Gln', 'Leu', 'SeC', 'Trp', 'His', 'Glu', 'Phe', 'Lys', 'Ala', 'Thr', 'Pro', 'Tyr'}",2,1,0,1,96.13,0.84,96.96,99.91,3.73,91.1,0.8,True,GCA_002753225.1_Deltaproteobacteria_bacterium_YD0425bin51,China: Yuandadu Park,39.974732 N 116.368688 E,39.974732,116.368688,Biosample/Paper,freshwater,freshwater,Yes,No,GCA_002753225.1_Deltaproteobacteria_bacterium_YD0425bin51,Deltaproteobacteria_bacterium_YD0425bin51,d__Bacteria;p__Desulfobacterota;c__Desulfobacteria;o__Desulfobacterales;f__YD0425bin51;g__YD0425bin51;s__YD0425bin51 sp002753225,Contig,Illumina HiSeq,Mars_lake_analog
GCA_002753255.1,GCA_002753255.1_Candidatus_Lambdaproteobacteria_bacterium_PCRbin3,530,5059199,41.83,14906,4356,18,"{'Ser', 'Cys', 'Arg', 'Met', 'Val', 'Asp', 'Gly', 'Gln', 'SeC', 'Asn', 'Leu', 'Trp', 'Ala', 'Glu', 'His', 'Thr', 'Pro', 'Tyr'}",0,0,0,0,77.14,0.96,86.25,88.05,5.95,75.0,0.8,True,GCA_002753255.1_Candidatus_Lambdaproteobacteria_bacterium_PCRbin3,Australia: Punkally Creek,36.23413 S 150.06798 E,-36.23413,150.06798,Biosample/Paper,brackish,brackish,Yes,No,GCA_002753255.1_Candidatus_Lambdaproteobacteria_bacterium_PCRbin3,Candidatus_Lambdaproteobacteria_bacterium_PCRbin3,d__Bacteria;p__SAR324;c__SAR324;o__SAR324;f__GCA-2753255;g__GCA-2753255;s__GCA-2753255 sp002753255,Contig,Illumina HiSeq,Mars_lake_analog
GCA_002753275.1,GCA_002753275.1_Zetaproteobacteria_bacterium_PCbin4,55,1864480,47.58,58094,1737,19,"{'Ala', 'Lys', 'Thr', 'Val', 'Trp', 'Met', 'Gln', 'Leu', 'Asn', 'Glu', 'Pro', 'Ser', 'Cys', 'Arg', 'Asp', 'Gly', 'Phe', 'His', 'Tyr'}",1,1,0,0,95.33,0.84,95.34,93.95,0.08,93.5,0.0,True,GCA_002753275.1_Zetaproteobacteria_bacterium_PCbin4,Australia: Painkalac Creek,38.46575 S 144.09288 E,-38.46575,144.09288,Biosample/Paper,brackish,brackish,Yes,No,GCA_002753275.1_Zetaproteobacteria_bacterium_PCbin4,Zetaproteobacteria_bacterium_PCbin4,d__Bacteria;p__Pseudomonadota;c__Zetaproteobacteria;o__Mariprofundales;f__Mariprofundaceae;g__GCA-2753275;s__GCA-2753275 sp002753275,Scaffold,Illumina HiSeq,Mars_lake_analog
GCA_002753305.1,GCA_002753305.1_Nitrospirae_bacterium_MYbin6,218,3596763,47.78,26590,3382,17,"{'Ser', 'Cys', 'Arg', 'Val', 'Met', 'Asp', 'Gln', 'SeC', 'Leu', 'Gly', 'Asn', 'Glu', 'Phe', 'Lys', 'Ala', 'Thr', 'Pro'}",2,1,0,1,85.35,2.73,84.65,88.53,3.12,59.7,2.4,True,GCA_002753305.1_Nitrospirae_bacterium_MYbin6,China: Lake Miyun,40.48874 N 117.00714 E,40.48874,117.00714,Biosample/Paper,freshwater,freshwater,Yes,No,GCA_002753305.1_Nitrospirae_bacterium_MYbin6,Nitrospirae_bacterium_MYbin6,d__Bacteria;p__Nitrospirota;c__Thermodesulfovibrionia;o__Thermodesulfovibrionales;f__Magnetobacteriaceae;g__Magnetominusculus;s__Magnetominusculus sp002753305,Scaffold,Illumina HiSeq,Mars_lake_analog
GCA_002753335.1,GCA_002753335.1_Nitrospirae_bacterium_MYbin3,66,2929370,44.36,86724,2815,19,"{'Ala', 'Lys', 'Thr', 'Val', 'Ile', 'Met', 'Gln', 'Leu', 'Asn', 'Glu', 'Pro', 'Ser', 'Cys', 'Arg', 'Asp', 'Gly', 'SeC', 'Phe', 'His'}",3,1,1,1,96.49,0.91,93.69,99.83,0.18,90.3,0.0,True,GCA_002753335.1_Nitrospirae_bacterium_MYbin3,China: Lake Miyun,40.48874 N 117.00714 E,40.48874,117.00714,Biosample/Paper,freshwater,freshwater,Yes,No,GCA_002753335.1_Nitrospirae_bacterium_MYbin3,Nitrospirae_bacterium_MYbin3,d__Bacteria;p__Nitrospirota;c__Thermodesulfovibrionia;o__Thermodesulfovibrionales;f__Dissulfurispiraceae;g__MYbin3;s__MYbin3 sp002753335,Scaffold,Illumina HiSeq,Mars_lake_analog
GCA_002753395.1,GCA_002753395.1_Nitrospirae_bacterium_MYbinv3,175,3713224,44.44,35197,3366,20,"{'Ala', 'Lys', 'Thr', 'Val', 'Trp', 'Met', 'Gln', 'Leu', 'Asn', 'Glu', 'Pro', 'Ser', 'Cys', 'Arg', 'Asp', 'Gly', 'SeC', 'Phe', 'His', 'Tyr'}",2,1,1,0,94.24,3.18,96.59,99.91,0.88,93.5,0.0,True,GCA_002753395.1_Nitrospirae_bacterium_MYbinv3,China: Lake Miyun,40.48874 N 117.00714 E,40.48874,117.00714,Biosample/Paper,freshwater,freshwater,Yes,No,GCA_002753395.1_Nitrospirae_bacterium_MYbinv3,Nitrospirae_bacterium_MYbinv3,d__Bacteria;p__Nitrospirota;c__Thermodesulfovibrionia;o__Thermodesulfovibrionales;f__Magnetobacteriaceae;g__Magnetobacterium;s__Magnetobacterium sp002753395,Scaffold,Illumina HiSeq,Mars_lake_analog
GCA_002753435.1,GCA_002753435.1_Nitrospirota_bacterium_HCHbin1,94,3692324,45.24,55039,3422,17,"{'Ser', 'Cys', 'Arg', 'Val', 'Met', 'Asp', 'Gly', 'Leu', 'Gln', 'Trp', 'Ala', 'Glu', 'Lys', 'His', 'Phe', 'Thr', 'Pro'}",0,0,0,0,98.18,0.91,100.0,100.0,0.6,94.3,0.8,True,GCA_002753435.1_Nitrospirota_bacterium_HCHbin1,China: Xi'an city moat,34.25287 N 108.92187 E,34.25287,108.92187,Biosample/Paper,freshwater,freshwater,Yes,No,GCA_002753435.1_Nitrospirota_bacterium_HCHbin1,Nitrospirota_bacterium_HCHbin1,d__Bacteria;p__Nitrospirota;c__Thermodesulfovibrionia;o__Thermodesulfovibrionales;f__Magnetobacteriaceae;g__Magnetominusculus;s__Magnetominusculus xianensis,Scaffold,Illumina HiSeq,Mars_lake_analog
GCA_002753465.1,GCA_002753465.1_Candidatus_Omnitrophica_bacterium_MBPbin6,150,2181257,49.49,24179,2022,16,"{'Ser', 'Arg', 'Val', 'Met', 'Gln', 'SeC', 'Leu', 'Gly', 'Glu', 'His', 'Lys', 'Phe', 'Ala', 'Thr', 'Pro', 'Tyr'}",0,0,0,0,68.4,2.15,64.42,75.85,2.28,53.2,0.0,True,GCA_002753465.1_Candidatus_Omnitrophica_bacterium_MBPbin6,Australia: Mount Beauty Pondage,36.73874 S 147.16443 E,-36.73874,147.16443,Biosample/Paper,freshwater,freshwater,Yes,No,GCA_002753465.1_Candidatus_Omnitrophica_bacterium_MBPbin6,Candidatus_Omnitrophota_bacterium_MBPbin6,d__Bacteria;p__Omnitrophota;c__Koll11;o__Zapsychrales;f__Fredricksoniimonadaceae;g__Fredricksoniimonas;s__Fredricksoniimonas sp002753465,Contig,Illumina HiSeq,Mars_lake_analog
GCA_002753495.1,GCA_002753495.1_Magnetococcales_bacterium_HA3dbin3,316,2895658,61.72,13187,2599,15,"{'Ser', 'Cys', 'Arg', 'Met', 'Gly', 'Leu', 'Gln', 'Asn', 'Ala', 'Phe', 'Lys', 'Glu', 'Thr', 'Pro', 'Ile'}",1,1,0,0,74.36,2.52,77.08,72.19,2.73,74.2,0.0,True,GCA_002753495.1_Magnetococcales_bacterium_HA3dbin3,"China: Pond, Hongan",31.173819 N 114.547642 E,31.173819,114.547642,Biosample/Paper,freshwater,freshwater,Yes,No,GCA_002753495.1_Magnetococcales_bacterium_HA3dbin3,Magnetococcales_bacterium_HA3dbin3,d__Bacteria;p__Pseudomonadota;c__Magnetococcia;o__Magnetococcales;f__DC0425bin3;g__HA3dbin3;s__HA3dbin3 sp002753495,Contig,Illumina HiSeq,Mars_lake_analog
GCA_002753505.1,GCA_002753505.1_Magnetococcales_bacterium_HCHbin5,200,4188618,56.97,38237,3513,20,"{'Ala', 'Lys', 'Thr', 'Val', 'Trp', 'Ile', 'Met', 'Gln', 'Leu', 'Asn', 'Glu', 'Pro', 'Ser', 'Cys', 'Arg', 'Asp', 'Gly', 'Phe', 'His', 'Tyr'}",5,3,1,1,98.99,4.73,99.45,99.97,3.9,96.7,3.2,True,GCA_002753505.1_Magnetococcales_bacterium_HCHbin5,China: Xi'an city moat,34.25287 N 108.92187 E,34.25287,108.92187,Biosample/Paper,freshwater,freshwater,Yes,No,GCA_002753505.1_Magnetococcales_bacterium_HCHbin5,Magnetococcales_bacterium_HCHbin5,d__Bacteria;p__Pseudomonadota;c__Magnetococcia;o__Magnetococcales;f__Magnetaquicoccaceae;g__HCHbin5;s__HCHbin5 sp002753505,Scaffold,Illumina HiSeq,Mars_lake_analog
GCA_002753515.1,GCA_002753515.1_Magnetococcales_bacterium_HA3dbin1,134,4326896,53.32,54627,3638,20,"{'Ala', 'Lys', 'Thr', 'Val', 'Trp', 'Ile', 'Met', 'Gln', 'Leu', 'Asn', 'Glu', 'Pro', 'Ser', 'Cys', 'Arg', 'Asp', 'Gly', 'Phe', 'His', 'Tyr'}",1,1,0,0,96.57,3.36,97.59,99.98,1.53,92.7,4.0,True,GCA_002753515.1_Magnetococcales_bacterium_HA3dbin1,"China: Pond, Hongan",31.173819 N 114.547642 E,31.173819,114.547642,Biosample/Paper,freshwater,freshwater,Yes,No,GCA_002753515.1_Magnetococcales_bacterium_HA3dbin1,Magnetococcales_bacterium_HA3dbin1,d__Bacteria;p__Pseudomonadota;c__Magnetococcia;o__Magnetococcales;f__UBA8363;g__UBA8363;s__UBA8363 sp002753515,Scaffold,Illumina HiSeq,Mars_lake_analog
GCA_002753565.1,GCA_002753565.1_Magnetococcales_bacterium_ER1bin7,92,3866744,52.3,116043,3392,19,"{'Ala', 'Lys', 'Thr', 'Val', 'Trp', 'Ile', 'Met', 'Gln', 'Leu', 'Asn', 'Glu', 'Pro', 'Ser', 'Arg', 'Asp', 'Gly', 'Phe', 'His', 'Tyr'}",3,2,0,1,99.11,1.68,99.43,99.74,3.26,98.4,0.8,True,GCA_002753565.1_Magnetococcales_bacterium_ER1bin7,Australia: Erskine River,38.5338 S 143.97832 E,-38.5338,143.97832,Biosample/Paper,brackish,brackish,Yes,No,GCA_002753565.1_Magnetococcales_bacterium_ER1bin7,Magnetococcales_bacterium_ER1bin7,d__Bacteria;p__Pseudomonadota;c__Magnetococcia;o__Magnetococcales;f__UBA8363;g__GCA-2753565;s__GCA-2753565 sp002753565,Scaffold,Illumina HiSeq,Mars_lake_analog
GCA_002753595.1,GCA_002753595.1_Magnetococcales_bacterium_HAa3bin1,118,4347394,53.21,63208,3737,20,"{'Ala', 'Lys', 'Thr', 'Val', 'Trp', 'Ile', 'Met', 'Gln', 'Leu', 'Asn', 'Glu', 'Pro', 'Ser', 'Cys', 'Arg', 'Asp', 'Gly', 'Phe', 'His', 'Tyr'}",1,1,0,0,98.25,4.2,99.07,100.0,1.17,94.3,4.0,True,GCA_002753595.1_Magnetococcales_bacterium_HAa3bin1,"China: Rice field, Hongan",31.174289 N 114.543941 E,31.174289,114.543941,Biosample/Paper,freshwater,freshwater,Yes,No,GCA_002753595.1_Magnetococcales_bacterium_HAa3bin1,Magnetococcales_bacterium_HAa3bin1,d__Bacteria;p__Pseudomonadota;c__Magnetococcia;o__Magnetococcales;f__UBA8363;g__UBA8363;s__UBA8363 sp015228975,Scaffold,Illumina HiSeq,Mars_lake_analog
GCA_002753615.1,GCA_002753615.1_Magnetococcales_bacterium_DCbin2,201,3364396,51.85,24837,3052,18,"{'Ser', 'Arg', 'Val', 'Met', 'Gln', 'Gly', 'Asn', 'Leu', 'Trp', 'Ala', 'Glu', 'Lys', 'His', 'Phe', 'Thr', 'Pro', 'Tyr', 'Ile'}",2,2,0,0,77.26,1.68,78.09,79.1,0.96,79.8,0.8,True,GCA_002753615.1_Magnetococcales_bacterium_DCbin2,China: Lake Dianchi,24.908133 N 102.74605 E,24.908133,102.74605,Biosample/Paper,freshwater,freshwater,Yes,No,GCA_002753615.1_Magnetococcales_bacterium_DCbin2,Magnetococcales_bacterium_DCbin2,d__Bacteria;p__Pseudomonadota;c__Magnetococcia;o__Magnetococcales;f__UBA8363;g__UBA8363;s__UBA8363 sp002753615,Scaffold,Illumina HiSeq,Mars_lake_analog
GCA_002753665.1,GCA_002753665.1_Magnetococcales_bacterium_DC0425bin3,230,3696616,65.4,26687,3250,18,"{'Ser', 'Cys', 'Arg', 'Val', 'Met', 'Asp', 'Gln', 'Leu', 'Gly', 'Asn', 'Trp', 'His', 'Ala', 'Phe', 'Glu', 'Lys', 'Pro', 'Ile'}",2,2,0,0,98.32,1.68,99.64,99.95,0.9,95.2,0.8,True,GCA_002753665.1_Magnetococcales_bacterium_DC0425bin3,China: Lake Dianchi,24.908133 N 102.74605 E,24.908133,102.74605,Biosample/Paper,freshwater,freshwater,Yes,No,GCA_002753665.1_Magnetococcales_bacterium_DC0425bin3,Magnetococcales_bacterium_DC0425bin3,d__Bacteria;p__Pseudomonadota;c__Magnetococcia;o__Magnetococcales;f__DC0425bin3;g__DC0425bin3;s__DC0425bin3 sp002753665,Contig,Illumina HiSeq,Mars_lake_analog
GCA_002753685.1,GCA_002753685.1_Nitrospirota_bacterium_DC0425bin1,107,4024796,49.04,75024,3623,21,"{'Ala', 'Lys', 'Thr', 'Val', 'Trp', 'Ile', 'Met', 'Gln', 'Leu', 'Asn', 'Glu', 'Pro', 'Ser', 'Cys', 'Arg', 'Asp', 'Gly', 'SeC', 'Phe', 'His', 'Tyr'}",3,1,1,1,96.97,1.82,98.57,99.8,0.51,93.5,0.0,True,GCA_002753685.1_Nitrospirota_bacterium_DC0425bin1,China: Lake Dianchi,24.908133 N 102.74605 E,24.908133,102.74605,Biosample/Paper,freshwater,freshwater,Yes,No,GCA_002753685.1_Nitrospirota_bacterium_DC0425bin1,Nitrospirota_bacterium_DC0425bin1,d__Bacteria;p__Nitrospirota;c__Thermodesulfovibrionia;o__Thermodesulfovibrionales;f__Magnetobacteriaceae;g__Magnetobacterium;s__Magnetobacterium sp002753685,Scaffold,Illumina HiSeq,Mars_lake_analog
GCA_002753725.1,GCA_002753725.1_Deltaproteobacteria_bacterium_ER2bin7,653,5965504,38.47,12662,4225,18,"{'Ser', 'Cys', 'Arg', 'Val', 'Met', 'Asp', 'Gln', 'Leu', 'SeC', 'Gly', 'Trp', 'Glu', 'Ala', 'Lys', 'His', 'Phe', 'Thr', 'Pro'}",1,1,0,0,88.06,0.7,90.46,92.33,4.07,83.9,1.6,True,GCA_002753725.1_Deltaproteobacteria_bacterium_ER2bin7,Australia: Erskine River,38.5359 S 143.97478 E,-38.5359,143.97478,Biosample/Paper,brackish,brackish,Yes,No,GCA_002753725.1_Deltaproteobacteria_bacterium_ER2bin7,Deltaproteobacteria_bacterium_ER2bin7,d__Bacteria;p__Desulfobacterota;c__Desulfobacteria;o__Desulfobacterales;f__Magnetomoraceae;g__Magnetomorum;s__Magnetomorum sp002753725,Scaffold,Illumina HiSeq,Mars_lake_analog
GCA_002753735.1,GCA_002753735.1_Magnetococcales_bacterium_DCbin4,148,4521331,54.25,49732,3827,20,"{'Ala', 'Lys', 'Thr', 'Val', 'Trp', 'Ile', 'Met', 'Gln', 'Leu', 'Asn', 'Glu', 'Pro', 'Ser', 'Cys', 'Arg', 'Asp', 'Gly', 'Phe', 'His', 'Tyr'}",2,2,0,0,94.12,2.1,95.91,99.92,0.4,91.9,0.0,True,GCA_002753735.1_Magnetococcales_bacterium_DCbin4,China: Lake Dianchi,24.908133 N 102.74605 E,24.908133,102.74605,Biosample/Paper,freshwater,freshwater,Yes,No,GCA_002753735.1_Magnetococcales_bacterium_DCbin4,Magnetococcales_bacterium_DCbin4,d__Bacteria;p__Pseudomonadota;c__Magnetococcia;o__Magnetococcales;f__UBA8363;g__UBA8363;s__UBA8363 sp002753735,Scaffold,Illumina HiSeq,Mars_lake_analog
GCA_002753745.1,GCA_002753745.1_Candidatus_Omnitrophica_bacterium_Cal1bin1,240,2540141,49.55,15133,2275,20,"{'Ala', 'Lys', 'Thr', 'Val', 'Trp', 'Ile', 'Met', 'Gln', 'Leu', 'Asn', 'Glu', 'Pro', 'Ser', 'Arg', 'Asp', 'Gly', 'SeC', 'Phe', 'His', 'Tyr'}",3,1,1,1,84.26,2.15,86.1,92.08,0.98,83.1,0.0,True,GCA_002753745.1_Candidatus_Omnitrophica_bacterium_Cal1bin1,Australia: Lake Catani,36.73426 S 146.81119 E,-36.73426,146.81119,Biosample/Paper,freshwater,freshwater,Yes,No,GCA_002753745.1_Candidatus_Omnitrophica_bacterium_Cal1bin1,Candidatus_Omnitrophota_bacterium_Cal1bin1,d__Bacteria;p__Omnitrophota;c__Koll11;o__Zapsychrales;f__Fredricksoniimonadaceae;g__GCA-2753745;s__GCA-2753745 sp002753745,Scaffold,Illumina HiSeq,Mars_lake_analog
GCA_003284725.1,GCA_003284725.1_Magnetospirillum_kuznetsovii_LBB-42,69,4405793,63.44,215319,4129,20,"{'Ala', 'Lys', 'Thr', 'Val', 'Trp', 'Ile', 'Met', 'Gln', 'Leu', 'Asn', 'Glu', 'Pro', 'Ser', 'Cys', 'Arg', 'Asp', 'Gly', 'Phe', 'His', 'Tyr'}",3,1,1,1,99.5,0.5,100.0,100.0,0.16,99.2,0.8,True,GCA_003284725.1_Magnetospirillum_kuznetsovii_LBB-42,Russia: Moscow region,55.38 N 39.44 E,55.38,39.44,Biosample/Paper,freshwater,freshwater,Yes,No,GCA_003284725.1_Magnetospirillum_kuznetsovii_LBB-42,Paramagnetospirillum_kuznetsovii_LBB-42,d__Bacteria;p__Pseudomonadota;c__Alphaproteobacteria;o__Rhodospirillales;f__Magnetospirillaceae;g__Phaeospirillum;s__Phaeospirillum kuznetsovii,Contig,Illumina HiSeq,Mars_lake_analog
GCA_004217665.1,GCA_004217665.1_Candidatus_Magnetaquicoccus_inordinatus_UR-1,546,4143644,52.51,13993,3648,19,"{'Ala', 'Lys', 'Thr', 'Val', 'Trp', 'Ile', 'Met', 'Gln', 'Leu', 'Asn', 'Glu', 'Pro', 'Ser', 'Cys', 'Arg', 'Asp', 'Gly', 'Phe', 'Tyr'}",3,1,1,1,97.4,3.78,95.66,94.88,3.89,91.9,2.4,True,GCA_004217665.1_Candidatus_Magnetaquicoccus_inordinatus_UR-1,Russia: Uda River,51.8229 N 107.6199 E,51.8229,107.6199,Biosample/Paper,freshwater,freshwater,Yes,No,GCA_004217665.1_Candidatus_Magnetaquicoccus_inordinatus_UR-1,Candidatus_Magnetaquicoccus_inordinatus_UR-1,d__Bacteria;p__Pseudomonadota;c__Magnetococcia;o__Magnetococcales;f__Magnetaquicoccaceae;g__Magnetaquicoccus;s__Magnetaquicoccus inordinatus,Scaffold,Illumina HiSeq,Mars_lake_analog
GCA_004376055.2,GCA_004376055.2_Nitrospirales_bacterium_LBB_01,1,3273455,41.96,3273455,3181,21,"{'Ala', 'Lys', 'Thr', 'Val', 'Trp', 'Ile', 'Met', 'Gln', 'Leu', 'Asn', 'Glu', 'Pro', 'Ser', 'Cys', 'Arg', 'Asp', 'Gly', 'SeC', 'Phe', 'His', 'Tyr'}",3,1,1,1,99.03,0.91,99.98,99.56,0.0,97.6,0.0,True,GCA_004376055.2_Nitrospirales_bacterium_LBB_01,"Russia: Moscow region, Shatura district, Lake Beloe Bordukovskoe",55.632230 N 39.743775 E,55.63223,39.743775,Biosample/Paper,freshwater,freshwater,Yes,No,GCA_004376055.2_Nitrospirales_bacterium_LBB_01,Nitrospirales_bacterium_LBB_01,d__Bacteria;p__Nitrospirota;c__Thermodesulfovibrionia;o__Thermodesulfovibrionales;f__Magnetobacteriaceae;g__JADFXG01;s__JADFXG01 sp004376055,Complete Genome,Oxford Nanopore MiniION; Illumina HiSeq,Mars_lake_analog
GCA_004564135.1,GCA_004564135.1_Terasakiella_sp._SH-1,1,3832570,47.53,3832570,3608,20,"{'Ala', 'Lys', 'Thr', 'Val', 'Trp', 'Ile', 'Met', 'Gln', 'Leu', 'Asn', 'Glu', 'Pro', 'Ser', 'Cys', 'Arg', 'Asp', 'Gly', 'Phe', 'His', 'Tyr'}",9,3,3,3,100.0,0.0,100.0,100.0,0.19,100.0,0.8,True,GCA_004564135.1_Terasakiella_sp._SH-1,China:Sanya,18.2913889 N 109.349722 E,18.2913889,109.349722,Biosample/Paper,marine,intertidal,Yes,No,GCA_004564135.1_Terasakiella_sp._SH-1,Terasakiella_sp._SH-1,d__Bacteria;p__Pseudomonadota;c__Alphaproteobacteria;o__Rhodospirillales_A;f__Terasakiellaceae;g__Terasakiella;s__Terasakiella sp004564135,Complete Genome,PacBio RSII,Europa_ocean_analog
GCA_008375315.1,GCA_008375315.1_Ectothiorhodospiraceae_bacterium_BW-2,1,4074140,52.6,4074140,3758,20,"{'Ala', 'Lys', 'Thr', 'Val', 'Trp', 'Ile', 'Met', 'Gln', 'Leu', 'Asn', 'Glu', 'Pro', 'Ser', 'Cys', 'Arg', 'Asp', 'Gly', 'Phe', 'His', 'Tyr'}",6,2,2,2,95.8,1.0,99.73,100.0,0.34,99.2,0.8,True,GCA_008375315.1_Ectothiorhodospiraceae_bacterium_BW-2,"USA: Badwater Basin at Death Valley National Park, California",36.051 N 116.631 W,36.051,-116.631,Biosample/Paper,brackish,brackish,Yes,No,GCA_008375315.1_Ectothiorhodospiraceae_bacterium_BW-2,Ectothiorhodospiraceae_bacterium_BW-2,d__Bacteria;p__Pseudomonadota;c__Gammaproteobacteria;o__BW-2;f__BW-2;g__BW-2;s__BW-2 sp008375315,Complete Genome,"Illumina, PacBio",Mars_lake_analog
GCA_009497875.2,GCA_009497875.2_gamma_proteobacterium_SS-5_MTB,1,3729461,61.65,3729461,3252,20,"{'Ala', 'Lys', 'Thr', 'Val', 'Trp', 'Ile', 'Met', 'Gln', 'Leu', 'Asn', 'Glu', 'Pro', 'Ser', 'Cys', 'Arg', 'Asp', 'Gly', 'Phe', 'His', 'Tyr'}",6,2,2,2,97.9,1.38,98.98,99.96,0.6,100.0,0.8,True,GCA_009497875.2_gamma_proteobacterium_SS-5_MTB,"USA: Salton Sea, California",33.32259960484889 N 115.84321548353557 W,33.3225996,-115.8432155,Google map,hypersaline,Non-marine Saline and Alkaline environment,Yes,No,GCA_009497875.2_gamma_proteobacterium_SS-5_MTB,gamma_proteobacterium_SS-5,d__Bacteria;p__Pseudomonadota;c__Gammaproteobacteria;o__Chromatiales;f__Sedimenticolaceae;g__JADGBD01;s__JADGBD01 sp009497875,Complete Genome,GS FLX,Europa_ocean_analog
GCA_011089965.1,GCA_011089965.1_Magnetococcales_bacterium_DH2_bin6,80,3658807,56.76,88744,3114,19,"{'Ala', 'Lys', 'Thr', 'Val', 'Trp', 'Ile', 'Met', 'Gln', 'Leu', 'Asn', 'Glu', 'Pro', 'Ser', 'Cys', 'Arg', 'Asp', 'Gly', 'Phe', 'Tyr'}",4,2,1,1,94.54,1.26,98.87,93.81,0.97,94.3,0.8,True,GCA_011089965.1_Magnetococcales_bacterium_DH2_bin6,"China: Wuhan, East Lake",30.555833 N 114.411389 E,30.555833,114.411389,Biosample/Paper,freshwater,freshwater,Yes,No,GCA_011089965.1_Magnetococcales_bacterium_DH2_bin6,Magnetococcales_bacterium_DH2_bin6,d__Bacteria;p__Pseudomonadota;c__Magnetococcia;o__Magnetococcales;f__Magnetaquicoccaceae;g__JAANAU01;s__JAANAU01 sp011089965,Contig,Illumina HiSeq,Mars_lake_analog
GCA_013019105.1,GCA_013019105.1_Fundidesulfovibrio_magnetotacticus_FSS-1,55,4461838,67.54,199273,3977,21,"{'Ala', 'Lys', 'Thr', 'Val', 'Trp', 'Ile', 'Met', 'Gln', 'Leu', 'Asn', 'Glu', 'Pro', 'Ser', 'Cys', 'Arg', 'Asp', 'Gly', 'SeC', 'Phe', 'His', 'Tyr'}",5,3,1,1,99.4,0.6,100.0,100.0,0.28,91.1,0.0,True,GCA_013019105.1_Fundidesulfovibrio_magnetotacticus_FSS-1,"Japan:Saitama, Suwa Pond",35.892 N 139.368 E,35.892,139.368,Biosample/Paper,freshwater,freshwater,Yes,No,GCA_013019105.1_Fundidesulfovibrio_magnetotacticus_FSS-1,Fundidesulfovibrio_magnetotacticus_FSS-1,d__Bacteria;p__Desulfobacterota;c__Desulfovibrionia;o__Desulfovibrionales;f__Desulfovibrionaceae;g__Fundidesulfovibrio;s__Fundidesulfovibrio magnetotacticus,Contig,iSeq 100 System,Mars_lake_analog
GCA_013349285.1,GCA_013349285.1_Deltaproteobacteria_bacterium_MAG_22204_dsfv_001,75,2675335,52.74,60141,2385,19,"{'Ala', 'Lys', 'Thr', 'Val', 'Trp', 'Met', 'Gln', 'Leu', 'Asn', 'Glu', 'Pro', 'Ser', 'Cys', 'Arg', 'Asp', 'Gly', 'Phe', 'His', 'Tyr'}",0,0,0,0,89.47,0.36,90.19,89.12,0.46,86.3,0.0,True,GCA_013349285.1_Deltaproteobacteria_bacterium_MAG_22204_dsfv_001,USA: California,38.0300 N 122.1500 W,38.03,-122.15,Biosample/Paper,marine,Bay sediment,No,Yes,GCA_013349285.1_Deltaproteobacteria_bacterium_MAG_22204_dsfv_001,Deltaproteobacteria_bacterium_MAG_22204_dsfv_001,d__Bacteria;p__Desulfobacterota;c__Desulfobulbia;o__Desulfobulbales;f__Desulfurivibrionaceae;g__DUZU01;s__DUZU01 sp013349285,Contig,Illumina HiSeq,Europa_ocean_analog
GCA_013349295.1,GCA_013349295.1_Deltaproteobacteria_bacterium_MAG_22309_dsfv_022,66,2902378,55.15,78905,2577,20,"{'Ala', 'Lys', 'Thr', 'Val', 'Ile', 'Met', 'Gln', 'Leu', 'Asn', 'Glu', 'Pro', 'Ser', 'Cys', 'Arg', 'Asp', 'Gly', 'SeC', 'Phe', 'His', 'Tyr'}",3,1,1,1,91.6,1.79,85.57,88.03,1.03,78.2,0.8,True,GCA_013349295.1_Deltaproteobacteria_bacterium_MAG_22309_dsfv_022,USA: California,38.0500 N 121.9340 W,38.05,-121.934,Biosample/Paper,marine,Bay sediment,No,Yes,GCA_013349295.1_Deltaproteobacteria_bacterium_MAG_22309_dsfv_022,Deltaproteobacteria_bacterium_MAG_22309_dsfv_022,d__Bacteria;p__Desulfobacterota;c__Desulfobulbia;o__Desulfobulbales;f__Desulfurivibrionaceae;g__Thiovibrio;s__Thiovibrio sp013349295,Contig,Illumina HiSeq,Europa_ocean_analog
GCA_013349325.1,GCA_013349325.1_Desulfuromonadales_bacterium_MAG_13126_9_058,72,3576562,52.01,83631,3423,18,"{'Ser', 'Cys', 'Arg', 'Val', 'Met', 'Asp', 'Gly', 'Leu', 'Gln', 'Trp', 'Pro', 'Glu', 'Phe', 'Lys', 'Ala', 'Thr', 'His', 'Tyr'}",2,1,0,1,91.61,1.29,97.91,99.96,0.67,95.2,0.0,True,GCA_013349325.1_Desulfuromonadales_bacterium_MAG_13126_9_058,"Democratic Republic of the Congo: South-Kivu, Lake Kivu, Kabuno Bay",1.64 S 29.05 E,-1.64,29.05,Biosample/Paper,freshwater,freshwater,No,Yes,GCA_013349325.1_Desulfuromonadales_bacterium_MAG_13126_9_058,Desulfuromonadales_bacterium_MAG_13126_9_058,d__Bacteria;p__Desulfobacterota;c__Desulfuromonadia;o__Geobacterales;f__Pseudopelobacteraceae;g__JACRCG01;s__JACRCG01 sp013349325,Contig,Illumina HiSeq,Mars_lake_analog
GCA_013349335.1,GCA_013349335.1_Rhodospirillaceae_bacterium_MAG_22225_2-02_112,147,2547095,61.01,26510,2427,20,"{'Ala', 'Lys', 'Thr', 'Val', 'Trp', 'Ile', 'Met', 'Gln', 'Leu', 'Asn', 'Glu', 'Pro', 'Ser', 'Cys', 'Arg', 'Asp', 'Gly', 'SeC', 'Phe', 'His'}",2,0,1,1,91.17,5.22,92.21,94.84,4.62,95.1,3.2,True,GCA_013349335.1_Rhodospirillaceae_bacterium_MAG_22225_2-02_112,Pacific Ocean: Eastern Tropical North Pacific,20.3333 N 107.0000 W,20.3333,-107.0,Biosample/Paper,marine oxygen minimum zone (OMZ),sea water (OMZ),No,Yes,GCA_013349335.1_Rhodospirillaceae_bacterium_MAG_22225_2-02_112,Rhodospirillaceae_bacterium_MAG_22225_2-02_112,d__Bacteria;p__Pseudomonadota;c__Alphaproteobacteria;o__Rhodospirillales_A;f__JADFTO01;g__GCA-2686765;s__GCA-2686765 sp013349695,Contig,Illumina HiSeq,Europa_ocean_analog
GCA_013349405.1,GCA_013349405.1_Desulfuromonadales_bacterium_MAG_21600_9_004,60,3430740,51.5,87025,3261,17,"{'Ser', 'Cys', 'Arg', 'Met', 'Asp', 'Gln', 'Leu', 'Gly', 'Trp', 'Pro', 'Glu', 'Phe', 'Lys', 'Ala', 'Thr', 'His', 'Tyr'}",1,1,0,0,90.32,0.65,96.27,88.12,0.64,66.1,0.0,True,GCA_013349405.1_Desulfuromonadales_bacterium_MAG_21600_9_004,Canada: Ontario,49.7530 N 93.7980 W,49.753,-93.798,Biosample/Paper,freshwater,freshwater,No,Yes,GCA_013349405.1_Desulfuromonadales_bacterium_MAG_21600_9_004,Desulfuromonadales_bacterium_MAG_21600_9_004,d__Bacteria;p__Desulfobacterota;c__Desulfuromonadia;o__Geobacterales;f__Pseudopelobacteraceae;g__JACRCG01;s__JACRCG01 sp013349405,Contig,Illumina HiSeq,Mars_lake_analog
GCA_013349415.1,GCA_013349415.1_Desulfuromonadales_bacterium_MAG_21601_9_030,232,2536371,54.11,20074,2451,13,"{'Cys', 'Arg', 'Met', 'Val', 'Asp', 'Gly', 'Gln', 'Asn', 'Leu', 'SeC', 'Trp', 'Phe', 'Lys'}",3,1,1,1,78.15,8.39,76.22,76.19,6.28,65.3,3.2,True,GCA_013349415.1_Desulfuromonadales_bacterium_MAG_21601_9_030,Canada: Ontario,49.6900 N 93.7180 W,49.69,-93.718,Biosample/Paper,freshwater,freshwater,No,Yes,GCA_013349415.1_Desulfuromonadales_bacterium_MAG_21601_9_030,Desulfuromonadales_bacterium_MAG_21601_9_030,d__Bacteria;p__Desulfobacterota;c__Desulfuromonadia;o__Geobacterales;f__Pseudopelobacteraceae;g__JACRCG01;s__,Contig,Illumina HiSeq,Mars_lake_analog
GCA_013349435.1,GCA_013349435.1_Planctomycetota_bacterium_MAG_18080_pl_157,139,3144921,48.44,34208,2754,19,"{'Ala', 'Lys', 'Thr', 'Val', 'Trp', 'Ile', 'Met', 'Gln', 'Leu', 'Asn', 'Glu', 'Pro', 'Ser', 'Cys', 'Arg', 'Asp', 'Gly', 'Phe', 'Tyr'}",4,1,1,2,90.91,3.41,92.33,94.07,3.58,83.1,0.8,True,GCA_013349435.1_Planctomycetota_bacterium_MAG_18080_pl_157,"USA: California, Salton Sea",33.4166 N 115.9166 W,33.4166,-115.9166,Biosample/Paper,hypersaline,Non-marine Saline and Alkaline environment,No,Yes,GCA_013349435.1_Planctomycetota_bacterium_MAG_18080_pl_157,Planctomycetota_bacterium_MAG_18080_pl_157,d__Bacteria;p__Planctomycetota;c__Phycisphaerae;o__Sedimentisphaerales;f__Anaerohalosphaeraceae;g__QNBT01;s__QNBT01 sp013349435,Contig,Illumina HiSeq,Europa_ocean_analog
GCA_013349585.1,GCA_013349585.1_Nitrospinae_bacterium_MAG_09705_ntspn_70,120,2024644,42.63,30902,2149,15,"{'Cys', 'Met', 'Val', 'Asp', 'Gly', 'Leu', 'Gln', 'Trp', 'Glu', 'His', 'Lys', 'Thr', 'Pro', 'Tyr', 'Ile'}",1,1,0,0,67.25,2.56,76.32,76.68,0.62,71.8,0.8,True,GCA_013349585.1_Nitrospinae_bacterium_MAG_09705_ntspn_70,Arctic Ocean: Canada Basin,77.0991 N 150.2252 W,77.0991,-150.2252,Biosample/Paper,marine,marine,No,Yes,GCA_013349585.1_Nitrospinae_bacterium_MAG_09705_ntspn_70,Nitrospinota_bacterium_MAG_09705_ntspn_70,d__Bacteria;p__Nitrospinota;c__Nitrospinia;o__Nitrospinales;f__VA-1;g__UBA8687;s__UBA8687 sp013349585,Contig,Illumina HiSeq,Europa_ocean_analog
GCA_013349615.1,GCA_013349615.1_Planctomycetota_bacterium_MAG_11118_pl_115,157,3767441,48.98,33372,3045,17,"{'Ser', 'Cys', 'Arg', 'Val', 'Met', 'Asp', 'Gly', 'Gln', 'Leu', 'Asn', 'Trp', 'Ala', 'His', 'Phe', 'Thr', 'Pro', 'Tyr'}",2,1,0,1,89.44,1.24,79.77,85.57,0.9,66.9,0.0,True,GCA_013349615.1_Planctomycetota_bacterium_MAG_11118_pl_115,Denmark:Aarhus Bay,56.1030 N 10.4580 E,56.103,10.458,Biosample/Paper,marine,marine sediment,No,Yes,GCA_013349615.1_Planctomycetota_bacterium_MAG_11118_pl_115,Planctomycetota_bacterium_MAG_11118_pl_115,d__Bacteria;p__Planctomycetota;c__Phycisphaerae;o__Sedimentisphaerales;f__SG8-4;g__CS2-K091;s__CS2-K091 sp013349615,Contig,Illumina HiSeq,Europa_ocean_analog
GCA_013349665.1,GCA_013349665.1_Rhodospirillaceae_bacterium_MAG_06104_tlms_034,353,3186839,64.25,13005,3090,17,"{'Ser', 'Cys', 'Arg', 'Met', 'Val', 'Asp', 'Gly', 'Leu', 'Asn', 'Trp', 'Ala', 'His', 'Lys', 'Glu', 'Phe', 'Thr', 'Pro'}",0,0,0,0,89.59,2.53,92.81,89.48,1.93,90.3,0.0,True,GCA_013349665.1_Rhodospirillaceae_bacterium_MAG_06104_tlms_034,"USA:Crystal Bog, Wisconsin, USA",46.0072 N 89.6063 W,46.0072,-89.6063,Biosample/Paper,bog/peatland (freshwater),"freshwater, bog",No,Yes,GCA_013349665.1_Rhodospirillaceae_bacterium_MAG_06104_tlms_034,Rhodospirillaceae_bacterium_MAG_06104_tlms_034,d__Bacteria;p__Pseudomonadota;c__Alphaproteobacteria;o__Rhodospirillales;f__Magnetospirillaceae;g__Telmatospirillum;s__Telmatospirillum sp013349665,Contig,Illumina HiSeq,Mars_lake_analog
GCA_013349685.1,GCA_013349685.1_Rhodospirillaceae_bacterium_MAG_05596_2-02_51,329,1831947,61.19,6777,1806,15,"{'Ser', 'Cys', 'Arg', 'Val', 'Asp', 'Gly', 'Leu', 'Gln', 'Asn', 'Trp', 'Ala', 'Glu', 'Thr', 'Pro', 'Tyr'}",0,0,0,0,76.91,0.25,80.85,77.8,0.77,77.4,0.0,True,GCA_013349685.1_Rhodospirillaceae_bacterium_MAG_05596_2-02_51,Pacific Ocean: Eastern Tropical North Pacific,19 N 107.0000 W,19.0,-107.0,Google map,marine oxygen minimum zone (OMZ),sea water (OMZ),No,Yes,GCA_013349685.1_Rhodospirillaceae_bacterium_MAG_05596_2-02_51,Rhodospirillaceae_bacterium_MAG_05596_2-02_51,d__Bacteria;p__Pseudomonadota;c__Alphaproteobacteria;o__Rhodospirillales_A;f__JADFTO01;g__GCA-2686765;s__GCA-2686765 sp013349695,Contig,Illumina HiSeq,Europa_ocean_analog
GCA_013349695.1,GCA_013349695.1_Rhodospirillaceae_bacterium_MAG_05422_2-02_14,255,2281835,61.09,11800,2194,17,"{'Ser', 'Cys', 'Arg', 'Val', 'Met', 'Asp', 'Gln', 'Leu', 'Gly', 'Asn', 'Glu', 'His', 'Ala', 'Phe', 'Lys', 'Thr', 'Pro'}",1,0,1,0,85.45,0.5,89.69,86.9,0.55,87.9,1.6,True,GCA_013349695.1_Rhodospirillaceae_bacterium_MAG_05422_2-02_14,Pacific Ocean: Eastern Tropical North Pacific,20.3333 N 106.0000 W,20.3333,-106.0,Google map,marine oxygen minimum zone (OMZ),sea water (OMZ),No,Yes,GCA_013349695.1_Rhodospirillaceae_bacterium_MAG_05422_2-02_14,Rhodospirillaceae_bacterium_MAG_05422_2-02_14,d__Bacteria;p__Pseudomonadota;c__Alphaproteobacteria;o__Rhodospirillales_A;f__JADFTO01;g__GCA-2686765;s__GCA-2686765 sp013349695,Contig,Illumina HiSeq,Europa_ocean_analog
GCA_013349725.1,GCA_013349725.1_Deltaproteobacteria_bacterium_MAG_00792_naph_016,409,3032840,49.74,11269,2901,15,"{'Ser', 'Arg', 'Val', 'Met', 'Asp', 'Gln', 'Leu', 'Gly', 'SeC', 'Glu', 'Phe', 'Lys', 'Thr', 'Pro', 'Tyr'}",1,0,1,0,89.28,5.86,90.14,79.61,9.68,87.1,3.2,True,GCA_013349725.1_Deltaproteobacteria_bacterium_MAG_00792_naph_016,"Sweden:KBA site, Vaertahamnen, Baltic Sea",59.363333 N 18.119167 E,59.363333,18.119167,Biosample/Paper,marine,marine,No,Yes,GCA_013349725.1_Deltaproteobacteria_bacterium_MAG_00792_naph_016,Deltaproteobacteria_bacterium_MAG_00792_naph_016,d__Bacteria;p__Desulfobacterota;c__DSM-4660;o__Desulfatiglandales;f__Desulfatiglandaceae;g__DUZB01;s__DUZB01 sp013349725,Contig,Illumina GAIIx,Europa_ocean_analog
GCA_013349735.1,GCA_013349735.1_Rhodospirillaceae_bacterium_MAG_04806_tlms_2,309,2085124,57.51,8435,2133,17,"{'Ser', 'Cys', 'Arg', 'Met', 'Val', 'Asp', 'Gly', 'Leu', 'Asn', 'Gln', 'Trp', 'Ala', 'Glu', 'Lys', 'Thr', 'Pro', 'Tyr'}",1,0,1,0,87.64,2.12,87.88,74.78,1.73,83.9,0.0,True,GCA_013349735.1_Rhodospirillaceae_bacterium_MAG_04806_tlms_2,"USA:Crystal Bog, Wisconsin, USA",46.0072 N 89.6063 W,46.0072,-89.6063,Biosample/Paper,bog/peatland (freshwater),"freshwater, bog",No,Yes,GCA_013349735.1_Rhodospirillaceae_bacterium_MAG_04806_tlms_2,Rhodospirillaceae_bacterium_MAG_04806_tlms_2,d__Bacteria;p__Pseudomonadota;c__Alphaproteobacteria;o__Rhodospirillales;f__Magnetospirillaceae;g__Telmatospirillum;s__Telmatospirillum sp013349735,Contig,Illumina HiSeq,Mars_lake_analog
GCA_013349775.1,GCA_013349775.1_Gammaproteobacteria_bacterium_MAG_00215_gam_020,507,2931288,49.02,8779,2819,20,"{'Ala', 'Lys', 'Thr', 'Val', 'Trp', 'Ile', 'Met', 'Gln', 'Leu', 'Asn', 'Glu', 'Pro', 'Ser', 'Cys', 'Arg', 'Asp', 'Gly', 'Phe', 'His', 'Tyr'}",7,3,1,3,95.73,5.34,94.94,93.79,7.18,93.5,0.0,True,GCA_013349775.1_Gammaproteobacteria_bacterium_MAG_00215_gam_020,"Canada: Saanich Inlet 48, Vancouver Island, BC",48.6 N 123.5 W,48.6,-123.5,Biosample/Paper,marine,Intertidal zone,No,Yes,GCA_013349775.1_Gammaproteobacteria_bacterium_MAG_00215_gam_020,Gammaproteobacteria_bacterium_MAG_00215_gam_020,d__Bacteria;p__Pseudomonadota;c__Gammaproteobacteria;o__GCF-002020875;f__GCF-002020875;g__Thiopontia;s__Thiopontia sp013349825,Contig,Illumina HiSeq,Europa_ocean_analog
GCA_013349805.1,GCA_013349805.1_Gammaproteobacteria_bacterium_MAG_00212_gam_1,955,2103212,48.4,2865,2191,19,"{'Ala', 'Lys', 'Thr', 'Val', 'Trp', 'Ile', 'Met', 'Gln', 'Leu', 'Asn', 'Glu', 'Pro', 'Ser', 'Arg', 'Asp', 'Gly', 'Phe', 'His', 'Tyr'}",3,1,1,1,78.43,5.08,82.45,75.91,5.27,62.9,0.8,True,GCA_013349805.1_Gammaproteobacteria_bacterium_MAG_00212_gam_1,"Canada: Saanich Inlet 48, Vancouver Island, BC",48.6 N 123.5 W,48.6,-123.5,Biosample/Paper,marine,Intertidal zone,No,Yes,GCA_013349805.1_Gammaproteobacteria_bacterium_MAG_00212_gam_1,Gammaproteobacteria_bacterium_MAG_00212_gam_1,d__Bacteria;p__Pseudomonadota;c__Gammaproteobacteria;o__GCF-002020875;f__GCF-002020875;g__Thiopontia;s__Thiopontia sp013349825,Contig,Illumina HiSeq,Europa_ocean_analog
GCA_013349825.1,GCA_013349825.1_Gammaproteobacteria_bacterium_MAG_00172_gam_018,274,2866084,48.98,18846,2723,18,"{'Ser', 'Arg', 'Val', 'Met', 'Asp', 'Gly', 'Leu', 'Gln', 'Asn', 'Trp', 'Pro', 'Glu', 'Phe', 'Lys', 'Ala', 'Thr', 'His', 'Tyr'}",1,1,0,0,96.95,3.05,97.98,99.45,1.55,96.0,1.6,True,GCA_013349825.1_Gammaproteobacteria_bacterium_MAG_00172_gam_018,"Canada: Saanich Inlet 48, Vancouver Island, BC",48.6 N 123.5 W,48.6,-123.5,Biosample/Paper,marine,Intertidal zone,No,Yes,GCA_013349825.1_Gammaproteobacteria_bacterium_MAG_00172_gam_018,Gammaproteobacteria_bacterium_MAG_00172_gam_018,d__Bacteria;p__Pseudomonadota;c__Gammaproteobacteria;o__GCF-002020875;f__GCF-002020875;g__Thiopontia;s__Thiopontia sp013349825,Contig,Illumina HiSeq,Europa_ocean_analog
GCA_013349835.1,GCA_013349835.1_Gammaproteobacteria_bacterium_MAG_00188_gam_006,565,2663040,48.83,6818,2608,19,"{'Ala', 'Lys', 'Thr', 'Val', 'Trp', 'Met', 'Gln', 'Leu', 'Asn', 'Glu', 'Pro', 'Ser', 'Cys', 'Arg', 'Asp', 'Gly', 'Phe', 'His', 'Tyr'}",2,1,1,0,95.12,4.19,96.55,99.75,2.54,89.5,0.0,True,GCA_013349835.1_Gammaproteobacteria_bacterium_MAG_00188_gam_006,"Canada: Saanich Inlet 48, Vancouver Island, BC",48.6 N 123.5 W,48.6,-123.5,Biosample/Paper,marine,Intertidal zone,No,Yes,GCA_013349835.1_Gammaproteobacteria_bacterium_MAG_00188_gam_006,Gammaproteobacteria_bacterium_MAG_00188_gam_006,d__Bacteria;p__Pseudomonadota;c__Gammaproteobacteria;o__GCF-002020875;f__GCF-002020875;g__Thiopontia;s__Thiopontia sp013349825,Contig,Illumina HiSeq,Europa_ocean_analog
GCA_013349845.1,GCA_013349845.1_Gammaproteobacteria_bacterium_MAG_00160_gam_009,318,2903803,49.11,15372,2769,18,"{'Ser', 'Arg', 'Met', 'Val', 'Asp', 'Gln', 'Leu', 'Gly', 'Asn', 'Trp', 'Glu', 'His', 'Lys', 'Phe', 'Ala', 'Thr', 'Pro', 'Tyr'}",3,2,0,1,99.39,4.88,98.58,99.99,2.98,98.4,2.4,True,GCA_013349845.1_Gammaproteobacteria_bacterium_MAG_00160_gam_009,"Canada: Saanich Inlet 48, Vancouver Island, BC",48.6 N 123.5 W,48.6,-123.5,Biosample/Paper,marine,Intertidal zone,No,Yes,GCA_013349845.1_Gammaproteobacteria_bacterium_MAG_00160_gam_009,Gammaproteobacteria_bacterium_MAG_00160_gam_009,d__Bacteria;p__Pseudomonadota;c__Gammaproteobacteria;o__GCF-002020875;f__GCF-002020875;g__Thiopontia;s__Thiopontia sp013349825,Contig,Illumina HiSeq,Europa_ocean_analog
GCA_013349855.1,GCA_013349855.1_Gammaproteobacteria_bacterium_MAG_00150_gam_010,486,2847655,49.09,8863,2751,18,"{'Ser', 'Arg', 'Val', 'Met', 'Asp', 'Gln', 'Leu', 'Gly', 'Asn', 'Trp', 'Glu', 'Phe', 'Lys', 'Ala', 'Thr', 'Pro', 'Tyr', 'Ile'}",5,2,1,2,98.17,3.96,96.37,99.91,4.84,91.9,0.8,True,GCA_013349855.1_Gammaproteobacteria_bacterium_MAG_00150_gam_010,"Canada: Saanich Inlet 48, Vancouver Island, BC",48.6 N 123.5 W,48.6,-123.5,Biosample/Paper,marine,Intertidal zone,No,Yes,GCA_013349855.1_Gammaproteobacteria_bacterium_MAG_00150_gam_010,Gammaproteobacteria_bacterium_MAG_00150_gam_010,d__Bacteria;p__Pseudomonadota;c__Gammaproteobacteria;o__GCF-002020875;f__GCF-002020875;g__Thiopontia;s__Thiopontia sp013349825,Contig,Illumina HiSeq,Europa_ocean_analog
GCA_015228675.1,GCA_015228675.1_Desulfobacterales_bacterium_nYD0425bin6,467,5417822,36.82,18177,4278,20,"{'Ala', 'Lys', 'Thr', 'Val', 'Trp', 'Met', 'Gln', 'Leu', 'Asn', 'Glu', 'Pro', 'Ser', 'Cys', 'Arg', 'Asp', 'Gly', 'SeC', 'Phe', 'His', 'Tyr'}",3,2,0,1,93.5,2.19,82.18,95.9,2.48,75.8,1.6,True,GCA_015228675.1_Desulfobacterales_bacterium_nYD0425bin6,"China: Yuandadu Park, Beijing",39.974732 N 116.368688 E,39.974732,116.368688,Biosample/Paper,freshwater,freshwater,Yes,No,GCA_015228675.1_Desulfobacterales_bacterium_nYD0425bin6,Desulfobacterales_bacterium_nYD0425bin6,d__Bacteria;p__Desulfobacterota;c__Desulfobacteria;o__Desulfobacterales;f__YD0425bin50;g__YD0425bin50;s__YD0425bin50 sp002753105,Scaffold,Illumina HiSeq,Mars_lake_analog
GCA_015228685.1,GCA_015228685.1_Desulfobacterales_bacterium_nYD0425bin5,133,5628840,32.38,103346,4585,20,"{'Ala', 'Lys', 'Thr', 'Val', 'Trp', 'Ile', 'Met', 'Gln', 'Leu', 'Glu', 'Pro', 'Ser', 'Cys', 'Arg', 'Asp', 'Gly', 'SeC', 'Phe', 'His', 'Tyr'}",2,1,0,1,96.77,0.52,97.65,99.99,1.79,91.9,0.0,True,GCA_015228685.1_Desulfobacterales_bacterium_nYD0425bin5,"China: Yuandadu Park, Beijing",39.974732 N 116.368688 E,39.974732,116.368688,Biosample/Paper,freshwater,freshwater,Yes,No,GCA_015228685.1_Desulfobacterales_bacterium_nYD0425bin5,Desulfobacterales_bacterium_nYD0425bin5,d__Bacteria;p__Desulfobacterota;c__Desulfobacteria;o__Desulfobacterales;f__YD0425bin51;g__YD0425bin51;s__YD0425bin51 sp002753225,Scaffold,Illumina HiSeq,Mars_lake_analog
GCA_015228695.1,GCA_015228695.1_Alphaproteobacteria_bacterium_nYQH56bin3,436,2796001,65.57,8577,2640,18,"{'Ser', 'Cys', 'Arg', 'Met', 'Val', 'Asp', 'Gly', 'Leu', 'Asn', 'Gln', 'Trp', 'Ala', 'Phe', 'Lys', 'Glu', 'His', 'Thr', 'Pro'}",1,1,0,0,81.68,0.5,83.98,80.14,0.83,74.2,0.0,True,GCA_015228695.1_Alphaproteobacteria_bacterium_nYQH56bin3,"China: Yanqi Lake, Beijing",40.39833 N 116.67777 E,40.39833,116.67777,Biosample/Paper,freshwater,freshwater,Yes,No,GCA_015228695.1_Alphaproteobacteria_bacterium_nYQH56bin3,Alphaproteobacteria_bacterium_nYQH56bin3,d__Bacteria;p__Pseudomonadota;c__Alphaproteobacteria;o__Rhodospirillales;f__Rhodospirillaceae;g__JADGDA01;s__JADGDA01 sp015228695,Contig,Illumina HiSeq,Mars_lake_analog
GCA_015228775.1,GCA_015228775.1_Magnetococcales_bacterium_nYD0423bin3,146,4504422,55.48,60044,3873,20,"{'Ala', 'Lys', 'Thr', 'Val', 'Trp', 'Ile', 'Met', 'Gln', 'Leu', 'Asn', 'Glu', 'Pro', 'Ser', 'Cys', 'Arg', 'Asp', 'Gly', 'Phe', 'His', 'Tyr'}",3,2,1,0,98.94,1.26,97.7,99.38,1.7,96.8,0.0,True,GCA_015228775.1_Magnetococcales_bacterium_nYD0423bin3,"China: Yuandadu Park, Beijing",39.974732 N 116.368688 E,39.974732,116.368688,Biosample/Paper,freshwater,freshwater,Yes,No,GCA_015228775.1_Magnetococcales_bacterium_nYD0423bin3,Magnetococcales_bacterium_nYD0423bin3,d__Bacteria;p__Pseudomonadota;c__Magnetococcia;o__Magnetococcales;f__Magnetaquicoccaceae;g__Magnetaquicoccus;s__Magnetaquicoccus sp002753095,Scaffold,Illumina HiSeq,Mars_lake_analog
GCA_015228785.1,GCA_015228785.1_Candidatus_Omnitrophica_bacterium_nXXbin4,123,2023619,46.42,29252,1873,18,"{'Ser', 'Arg', 'Val', 'Met', 'Asp', 'Gly', 'Leu', 'Asn', 'Gln', 'Trp', 'Glu', 'His', 'Lys', 'Ala', 'Phe', 'Thr', 'Pro', 'Tyr'}",2,1,0,1,79.91,1.17,82.46,86.13,0.63,74.2,0.0,True,GCA_015228785.1_Candidatus_Omnitrophica_bacterium_nXXbin4,"China: Aiken creek, Qinghai",38.170074 N 90.57854 E,38.170074,90.57854,Biosample/Paper,freshwater,freshwater,Yes,No,GCA_015228785.1_Candidatus_Omnitrophica_bacterium_nXXbin4,Candidatus_Omnitrophota_bacterium_nXXbin4,d__Bacteria;p__Omnitrophota;c__Koll11;o__Zapsychrales;f__Fredricksoniimonadaceae;g__JAAYZZ01;s__JAAYZZ01 sp015228785,Scaffold,Illumina HiSeq,Mars_lake_analog
GCA_015228815.1,GCA_015228815.1_Magnetococcales_bacterium_nYD0423bin2,97,4218176,56.86,82296,3637,20,"{'Ala', 'Lys', 'Thr', 'Val', 'Trp', 'Ile', 'Met', 'Gln', 'Leu', 'Asn', 'Glu', 'Pro', 'Ser', 'Cys', 'Arg', 'Asp', 'Gly', 'Phe', 'His', 'Tyr'}",5,2,1,2,96.64,2.1,99.18,99.99,0.8,95.1,1.6,True,GCA_015228815.1_Magnetococcales_bacterium_nYD0423bin2,"China: Yuandadu Park, Beijing",39.974732 N 116.368688 E,39.974732,116.368688,Biosample/Paper,freshwater,freshwater,Yes,No,GCA_015228815.1_Magnetococcales_bacterium_nYD0423bin2,Magnetococcales_bacterium_nYD0423bin2,d__Bacteria;p__Pseudomonadota;c__Magnetococcia;o__Magnetococcales;f__UBA8363;g__UBA8363;s__UBA8363 sp015228815,Scaffold,Illumina HiSeq,Mars_lake_analog
GCA_015228825.1,GCA_015228825.1_Magnetococcales_bacterium_nYD0425bin13,231,4219362,55.36,32122,3635,19,"{'Ala', 'Lys', 'Thr', 'Val', 'Trp', 'Ile', 'Met', 'Gln', 'Leu', 'Asn', 'Glu', 'Pro', 'Ser', 'Arg', 'Asp', 'Gly', 'Phe', 'His', 'Tyr'}",2,2,0,0,98.1,1.26,94.22,95.52,1.35,94.4,0.0,True,GCA_015228825.1_Magnetococcales_bacterium_nYD0425bin13,"China: Yuandadu Park, Beijing",39.974732 N 116.368688 E,39.974732,116.368688,Biosample/Paper,freshwater,freshwater,Yes,No,GCA_015228825.1_Magnetococcales_bacterium_nYD0425bin13,Magnetococcales_bacterium_nYD0425bin13,d__Bacteria;p__Pseudomonadota;c__Magnetococcia;o__Magnetococcales;f__Magnetaquicoccaceae;g__Magnetaquicoccus;s__Magnetaquicoccus sp002753095,Scaffold,Illumina HiSeq,Mars_lake_analog
GCA_015228835.1,GCA_015228835.1_Desulfamplus_sp._nXXbin12,369,2585509,37.76,9633,2077,10,"{'Ser', 'Arg', 'Met', 'Val', 'Gln', 'Leu', 'Glu', 'Phe', 'Ala', 'Pro'}",0,0,0,0,57.14,0.0,73.27,71.55,4.07,43.5,3.2,True,GCA_015228835.1_Desulfamplus_sp._nXXbin12,"China: Aiken creek, Qinghai",38.170074 N 90.57854 E,38.170074,90.57854,Biosample/Paper,freshwater,freshwater,Yes,No,GCA_015228835.1_Desulfamplus_sp._nXXbin12,Desulfamplus_sp._nXXbin12,d__Bacteria;p__Desulfobacterota;c__Desulfobacteria;o__Desulfobacterales;f__Desulfobacteraceae;g__Desulfamplus;s__Desulfamplus sp015232465,Scaffold,Illumina HiSeq,Mars_lake_analog
GCA_015228875.1,GCA_015228875.1_Deltaproteobacteria_bacterium_nXXbin1,228,4584649,47.04,34535,3952,19,"{'Ala', 'Lys', 'Thr', 'Val', 'Trp', 'Met', 'Gln', 'Leu', 'Asn', 'Glu', 'Pro', 'Ser', 'Cys', 'Arg', 'Asp', 'Gly', 'Phe', 'His', 'Tyr'}",3,1,1,1,93.7,0.05,94.79,96.7,4.37,94.3,1.6,True,GCA_015228875.1_Deltaproteobacteria_bacterium_nXXbin1,"China: Aiken creek, Qinghai",38.170074 N 90.57854 E,38.170074,90.57854,Biosample/Paper,freshwater,freshwater,Yes,No,GCA_015228875.1_Deltaproteobacteria_bacterium_nXXbin1,Deltaproteobacteria_bacterium_nXXbin1,d__Bacteria;p__UBA10199;c__UBA10199;o__UBA10199;f__JADGCS01;g__JADGCS01;s__JADGCS01 sp015228875,Scaffold,Illumina HiSeq,Mars_lake_analog
GCA_015228895.1,GCA_015228895.1_Magnetococcales_bacterium_nWRX3bin7,501,2890396,61.11,7739,2617,15,"{'Ser', 'Arg', 'Met', 'Val', 'Gly', 'Leu', 'Gln', 'Asn', 'Ala', 'His', 'Lys', 'Phe', 'Thr', 'Pro', 'Ile'}",1,1,0,0,61.21,1.72,70.69,74.38,6.89,46.8,0.0,True,GCA_015228895.1_Magnetococcales_bacterium_nWRX3bin7,China: Innermogolia,48.455 N 117.63305 E,48.455,117.63305,Biosample/Paper,freshwater,freshwater,Yes,No,GCA_015228895.1_Magnetococcales_bacterium_nWRX3bin7,Magnetococcales_bacterium_nWRX3bin7,d__Bacteria;p__Pseudomonadota;c__Magnetococcia;o__Magnetococcales;f__Magnetaquicoccaceae;g__WMHbin3;s__WMHbin3 sp015228895,Contig,Illumina HiSeq,Mars_lake_analog
GCA_015228915.1,GCA_015228915.1_Alphaproteobacteria_bacterium_nWRX3bin4,411,2589846,66.09,8279,2463,18,"{'Ser', 'Cys', 'Arg', 'Met', 'Val', 'Asp', 'Gly', 'Leu', 'Gln', 'Asn', 'Trp', 'Pro', 'Glu', 'Phe', 'Lys', 'Ala', 'Thr', 'His'}",0,0,0,0,78.32,0.18,78.79,77.03,1.0,66.9,0.0,True,GCA_015228915.1_Alphaproteobacteria_bacterium_nWRX3bin4,China: Innermogolia,48.455 N 117.63305 E,48.455,117.63305,Biosample/Paper,freshwater,freshwater,Yes,No,GCA_015228915.1_Alphaproteobacteria_bacterium_nWRX3bin4,Alphaproteobacteria_bacterium_nWRX3bin4,d__Bacteria;p__Pseudomonadota;c__Alphaproteobacteria;o__Rhodospirillales;f__Rhodospirillaceae;g__JADGDA01;s__JADGDA01 sp015228695,Scaffold,Illumina HiSeq,Mars_lake_analog
GCA_015228925.1,GCA_015228925.1_Magnetococcales_bacterium_nWRX3bin6,219,4250176,52.02,32202,3765,20,"{'Ala', 'Lys', 'Thr', 'Val', 'Trp', 'Ile', 'Met', 'Gln', 'Leu', 'Asn', 'Glu', 'Pro', 'Ser', 'Cys', 'Arg', 'Asp', 'Gly', 'Phe', 'His', 'Tyr'}",2,1,0,1,97.48,2.94,99.5,99.81,0.96,94.3,0.8,True,GCA_015228925.1_Magnetococcales_bacterium_nWRX3bin6,China: Innermogolia,48.455 N 117.63305 E,48.455,117.63305,Biosample/Paper,freshwater,freshwater,Yes,No,GCA_015228925.1_Magnetococcales_bacterium_nWRX3bin6,Magnetococcales_bacterium_nWRX3bin6,d__Bacteria;p__Pseudomonadota;c__Magnetococcia;o__Magnetococcales;f__UBA8363;g__UBA8363;s__UBA8363 sp015228925,Scaffold,Illumina HiSeq,Mars_lake_analog
GCA_015228935.1,GCA_015228935.1_Magnetococcales_bacterium_nWRX3bin2,197,4705593,54.61,41621,4157,19,"{'Ala', 'Lys', 'Thr', 'Val', 'Trp', 'Met', 'Gln', 'Leu', 'Asn', 'Glu', 'Pro', 'Ser', 'Cys', 'Arg', 'Asp', 'Gly', 'Phe', 'His', 'Tyr'}",1,1,0,0,95.63,0.0,100.0,99.99,1.78,93.5,0.8,True,GCA_015228935.1_Magnetococcales_bacterium_nWRX3bin2,China: Innermogolia,48.455 N 117.63305 E,48.455,117.63305,Biosample/Paper,freshwater,freshwater,Yes,No,GCA_015228935.1_Magnetococcales_bacterium_nWRX3bin2,Magnetococcales_bacterium_nWRX3bin2,d__Bacteria;p__Pseudomonadota;c__Magnetococcia;o__Magnetococcales;f__DC0425bin3;g__HA3dbin3;s__HA3dbin3 sp015228935,Scaffold,Illumina HiSeq,Mars_lake_analog
GCA_015228975.1,GCA_015228975.1_Magnetococcales_bacterium_nWRX3bin12,234,3749591,52.93,22708,3294,13,"{'Ser', 'Arg', 'Met', 'Val', 'Asp', 'Gly', 'Leu', 'Ala', 'Glu', 'Lys', 'Thr', 'Pro', 'Ile'}",1,1,0,0,78.88,3.85,75.9,77.46,1.89,72.6,3.2,True,GCA_015228975.1_Magnetococcales_bacterium_nWRX3bin12,China: Innermogolia,48.455 N 117.63305 E,48.455,117.63305,Biosample/Paper,freshwater,freshwater,Yes,No,GCA_015228975.1_Magnetococcales_bacterium_nWRX3bin12,Magnetococcales_bacterium_nWRX3bin12,d__Bacteria;p__Pseudomonadota;c__Magnetococcia;o__Magnetococcales;f__UBA8363;g__UBA8363;s__UBA8363 sp015228975,Scaffold,Illumina HiSeq,Mars_lake_analog
GCA_015229005.1,GCA_015229005.1_Magnetococcales_bacterium_nWRX3bin10,173,3279066,62.87,36559,2762,18,"{'Ser', 'Arg', 'Val', 'Met', 'Asp', 'Gly', 'Leu', 'Asn', 'Gln', 'Trp', 'Ala', 'Glu', 'Lys', 'Phe', 'Thr', 'Pro', 'Tyr', 'Ile'}",2,1,0,1,58.62,0.0,78.61,76.47,0.87,52.4,0.0,True,GCA_015229005.1_Magnetococcales_bacterium_nWRX3bin10,China: Innermogolia,48.455 N 117.63305 E,48.455,117.63305,Biosample/Paper,freshwater,freshwater,Yes,No,GCA_015229005.1_Magnetococcales_bacterium_nWRX3bin10,Magnetococcales_bacterium_nWRX3bin10,d__Bacteria;p__Pseudomonadota;c__Magnetococcia;o__Magnetococcales;f__JADGCL01;g__JADGCL01;s__JADGCL01 sp015229005,Scaffold,Illumina HiSeq,Mars_lake_analog
GCA_015229035.1,GCA_015229035.1_Magnetococcales_bacterium_nWRX2bin6,210,4720370,54.25,37239,4030,20,"{'Ala', 'Lys', 'Thr', 'Val', 'Trp', 'Ile', 'Met', 'Gln', 'Leu', 'Asn', 'Glu', 'Pro', 'Ser', 'Cys', 'Arg', 'Asp', 'Gly', 'Phe', 'His', 'Tyr'}",1,1,0,0,97.48,2.1,99.59,100.0,0.48,95.2,0.0,True,GCA_015229035.1_Magnetococcales_bacterium_nWRX2bin6,China: Innermogolia,48.23111 N 117.62277 E,48.23111,117.62277,Biosample/Paper,freshwater,freshwater,Yes,No,GCA_015229035.1_Magnetococcales_bacterium_nWRX2bin6,Magnetococcales_bacterium_nWRX2bin6,d__Bacteria;p__Pseudomonadota;c__Magnetococcia;o__Magnetococcales;f__UBA8363;g__UBA8363;s__UBA8363 sp002753735,Scaffold,Illumina HiSeq,Mars_lake_analog
GCA_015229045.1,GCA_015229045.1_Magnetococcales_bacterium_nWRX1bin6,283,4081011,57.46,24368,3535,19,"{'Ala', 'Lys', 'Thr', 'Val', 'Trp', 'Ile', 'Met', 'Gln', 'Leu', 'Asn', 'Glu', 'Pro', 'Ser', 'Cys', 'Arg', 'Asp', 'Gly', 'Phe', 'Tyr'}",2,1,1,0,83.19,5.04,87.81,87.09,7.46,88.7,3.2,True,GCA_015229045.1_Magnetococcales_bacterium_nWRX1bin6,China: Innermogolia,48.23222 N 117.62305 E,48.23222,117.62305,Biosample/Paper,freshwater,freshwater,Yes,No,GCA_015229045.1_Magnetococcales_bacterium_nWRX1bin6,Magnetococcales_bacterium_nWRX1bin6,d__Bacteria;p__Pseudomonadota;c__Magnetococcia;o__Magnetococcales;f__DC0425bin3;g__HA3dbin3;s__HA3dbin3 sp015229045,Scaffold,Illumina HiSeq,Mars_lake_analog
GCA_015229055.1,GCA_015229055.1_Magnetococcales_bacterium_nWRX1bin5,173,4550986,54.4,42614,3852,19,"{'Ala', 'Lys', 'Thr', 'Val', 'Trp', 'Met', 'Gln', 'Leu', 'Asn', 'Glu', 'Pro', 'Ser', 'Cys', 'Arg', 'Asp', 'Gly', 'Phe', 'His', 'Tyr'}",1,1,0,0,94.12,2.1,97.35,99.34,0.72,91.1,0.0,True,GCA_015229055.1_Magnetococcales_bacterium_nWRX1bin5,China: Innermogolia,48.23222 N 117.62305 E,48.23222,117.62305,Biosample/Paper,freshwater,freshwater,Yes,No,GCA_015229055.1_Magnetococcales_bacterium_nWRX1bin5,Magnetococcales_bacterium_nWRX1bin5,d__Bacteria;p__Pseudomonadota;c__Magnetococcia;o__Magnetococcales;f__UBA8363;g__UBA8363;s__UBA8363 sp002753735,Scaffold,Illumina HiSeq,Mars_lake_analog
GCA_015229095.1,GCA_015229095.1_Magnetococcales_bacterium_nWRX1bin1,200,2629331,59.27,17832,2221,19,"{'Ala', 'Lys', 'Thr', 'Val', 'Ile', 'Met', 'Gln', 'Leu', 'Asn', 'Glu', 'Pro', 'Ser', 'Cys', 'Arg', 'Asp', 'Gly', 'Phe', 'His', 'Tyr'}",1,1,0,0,75.18,1.68,75.44,72.69,0.39,56.5,0.0,True,GCA_015229095.1_Magnetococcales_bacterium_nWRX1bin1,China: Innermogolia,48.23222 N 117.62305 E,48.23222,117.62305,Biosample/Paper,freshwater,freshwater,Yes,No,GCA_015229095.1_Magnetococcales_bacterium_nWRX1bin1,Magnetococcales_bacterium_nWRX1bin1,d__Bacteria;p__Pseudomonadota;c__Magnetococcia;o__Magnetococcales;f__Magnetaquicoccaceae;g__HCHbin5;s__HCHbin5 sp015229095,Scaffold,Illumina HiSeq,Mars_lake_analog
GCA_015229105.1,GCA_015229105.1_Magnetococcales_bacterium_nWRX1bin12,199,2774909,62.96,27522,2327,17,"{'Ser', 'Cys', 'Arg', 'Met', 'Val', 'Gly', 'Gln', 'Asn', 'Leu', 'Glu', 'Ala', 'Lys', 'Phe', 'Thr', 'Pro', 'Tyr', 'Ile'}",2,1,0,1,58.4,1.26,70.51,70.33,1.2,70.2,0.0,True,GCA_015229105.1_Magnetococcales_bacterium_nWRX1bin12,China: Innermogolia,48.23222 N 117.62305 E,48.23222,117.62305,Biosample/Paper,freshwater,freshwater,Yes,No,GCA_015229105.1_Magnetococcales_bacterium_nWRX1bin12,Magnetococcales_bacterium_nWRX1bin12,d__Bacteria;p__Pseudomonadota;c__Magnetococcia;o__Magnetococcales;f__JADGCL01;g__JADGCL01;s__JADGCL01 sp015229005,Scaffold,Illumina HiSeq,Mars_lake_analog
GCA_015229115.1,GCA_015229115.1_Magnetococcales_bacterium_nWRX1bin3,184,3146079,54.88,35126,2759,20,"{'Ala', 'Lys', 'Thr', 'Val', 'Trp', 'Ile', 'Met', 'Gln', 'Leu', 'Asn', 'Glu', 'Pro', 'Ser', 'Cys', 'Arg', 'Asp', 'Gly', 'Phe', 'His', 'Tyr'}",1,1,0,0,91.04,3.36,96.5,93.02,5.43,87.9,4.0,True,GCA_015229115.1_Magnetococcales_bacterium_nWRX1bin3,China: Innermogolia,48.23222 N 117.62305 E,48.23222,117.62305,Biosample/Paper,freshwater,freshwater,Yes,No,GCA_015229115.1_Magnetococcales_bacterium_nWRX1bin3,Magnetococcales_bacterium_nWRX1bin3,d__Bacteria;p__Pseudomonadota;c__Magnetococcia;o__Magnetococcales;f__JADGCH01;g__JADGCH01;s__JADGCH01 sp015229115,Scaffold,Illumina HiSeq,Mars_lake_analog
GCA_015229135.1,GCA_015229135.1_Magnetococcales_bacterium_nWRX1bin11,254,3564413,60.94,22436,3098,18,"{'Ser', 'Arg', 'Val', 'Met', 'Asp', 'Gln', 'Leu', 'Gly', 'Asn', 'Trp', 'Ala', 'Phe', 'Lys', 'Glu', 'His', 'Thr', 'Pro', 'Ile'}",1,1,0,0,75.33,5.04,80.43,81.97,4.53,81.4,2.4,True,GCA_015229135.1_Magnetococcales_bacterium_nWRX1bin11,China: Innermogolia,48.23222 N 117.62305 E,48.23222,117.62305,Biosample/Paper,freshwater,freshwater,Yes,No,GCA_015229135.1_Magnetococcales_bacterium_nWRX1bin11,Magnetococcales_bacterium_nWRX1bin11,d__Bacteria;p__Pseudomonadota;c__Magnetococcia;o__Magnetococcales;f__Magnetaquicoccaceae;g__JAANAU01;s__JAANAU01 sp015231775,Scaffold,Illumina HiSeq,Mars_lake_analog
GCA_015229165.1,GCA_015229165.1_Nitrospinae_bacterium_nWMHbin6,346,2310852,63.95,9145,2202,17,"{'Ser', 'Cys', 'Arg', 'Met', 'Val', 'Asp', 'Gln', 'Leu', 'Gly', 'Trp', 'Ala', 'Phe', 'His', 'Glu', 'Lys', 'Thr', 'Pro'}",4,1,2,1,73.74,0.85,73.53,74.41,0.95,72.6,0.8,True,GCA_015229165.1_Nitrospinae_bacterium_nWMHbin6,"China: Lake Weiming, Beijing",39.993142 N 116.30256 E,39.993142,116.30256,Biosample/Paper,freshwater,freshwater,Yes,No,GCA_015229165.1_Nitrospinae_bacterium_nWMHbin6,Nitrospinota_bacterium_nWMHbin6,d__Bacteria;p__Nitrospinota;c__UBA7883;o__UBA7883;f__JADGGD01;g__JADGCD01;s__JADGCD01 sp015229165,Scaffold,Illumina HiSeq,Mars_lake_analog
GCA_015229215.1,GCA_015229215.1_Alphaproteobacteria_bacterium_nWMHbin5,80,3563391,59.35,105961,3478,19,"{'Ala', 'Lys', 'Thr', 'Val', 'Trp', 'Ile', 'Met', 'Gln', 'Leu', 'Asn', 'Glu', 'Pro', 'Ser', 'Cys', 'Arg', 'Asp', 'Gly', 'Phe', 'His'}",2,0,1,1,97.01,0.0,97.69,99.82,0.34,96.8,0.8,True,GCA_015229215.1_Alphaproteobacteria_bacterium_nWMHbin5,"China: Lake Weiming, Beijing",39.993142 N 116.30256 E,39.993142,116.30256,Biosample/Paper,freshwater,freshwater,Yes,No,GCA_015229215.1_Alphaproteobacteria_bacterium_nWMHbin5,Alphaproteobacteria_bacterium_nWMHbin5,d__Bacteria;p__Pseudomonadota;c__Alphaproteobacteria;o__Rhodospirillales;f__WMHbin7;g__WMHbin7;s__WMHbin7 sp002753155,Scaffold,Illumina HiSeq,Mars_lake_analog
GCA_015231175.1,GCA_015231175.1_Magnetococcales_bacterium_nWMHbin2,175,3812214,57.17,39732,3293,19,"{'Ala', 'Lys', 'Thr', 'Val', 'Trp', 'Met', 'Gln', 'Leu', 'Asn', 'Glu', 'Pro', 'Ser', 'Cys', 'Arg', 'Asp', 'Gly', 'Phe', 'His', 'Tyr'}",1,1,0,0,95.38,0.84,100.0,99.81,0.2,94.3,0.8,True,GCA_015231175.1_Magnetococcales_bacterium_nWMHbin2,"China: Lake Weiming, Beijing",39.993142 N 116.30256 E,39.993142,116.30256,Biosample/Paper,freshwater,freshwater,Yes,No,GCA_015231175.1_Magnetococcales_bacterium_nWMHbin2,Magnetococcales_bacterium_nWMHbin2,d__Bacteria;p__Pseudomonadota;c__Magnetococcia;o__Magnetococcales;f__DC0425bin3;g__HA3dbin3;s__HA3dbin3 sp015231175,Scaffold,Illumina HiSeq,Mars_lake_analog
GCA_015231205.1,GCA_015231205.1_Magnetococcales_bacterium_nWMHbin4,207,4156077,54.29,31156,3561,20,"{'Ala', 'Lys', 'Thr', 'Val', 'Trp', 'Ile', 'Met', 'Gln', 'Leu', 'Asn', 'Glu', 'Pro', 'Ser', 'Cys', 'Arg', 'Asp', 'Gly', 'Phe', 'His', 'Tyr'}",2,1,0,1,97.48,2.1,98.07,99.92,0.23,91.9,0.0,True,GCA_015231205.1_Magnetococcales_bacterium_nWMHbin4,"China: Lake Weiming, Beijing",39.993142 N 116.30256 E,39.993142,116.30256,Biosample/Paper,freshwater,freshwater,Yes,No,GCA_015231205.1_Magnetococcales_bacterium_nWMHbin4,Magnetococcales_bacterium_nWMHbin4,d__Bacteria;p__Pseudomonadota;c__Magnetococcia;o__Magnetococcales;f__UBA8363;g__UBA8363;s__UBA8363 sp002753735,Scaffold,Illumina HiSeq,Mars_lake_analog
GCA_015231215.1,GCA_015231215.1_Magnetococcales_bacterium_nWMHbin1,116,4373155,54.97,83117,3664,20,"{'Ala', 'Lys', 'Thr', 'Val', 'Trp', 'Ile', 'Met', 'Gln', 'Leu', 'Asn', 'Glu', 'Pro', 'Ser', 'Cys', 'Arg', 'Asp', 'Gly', 'Phe', 'His', 'Tyr'}",1,1,0,0,96.69,2.63,97.61,99.84,1.55,94.3,0.8,True,GCA_015231215.1_Magnetococcales_bacterium_nWMHbin1,"China: Lake Weiming, Beijing",39.993142 N 116.30256 E,39.993142,116.30256,Biosample/Paper,freshwater,freshwater,Yes,No,GCA_015231215.1_Magnetococcales_bacterium_nWMHbin1,Magnetococcales_bacterium_nWMHbin1,d__Bacteria;p__Pseudomonadota;c__Magnetococcia;o__Magnetococcales;f__Magnetaquicoccaceae;g__Magnetaquicoccus;s__Magnetaquicoccus sp002753135,Scaffold,Illumina HiSeq,Mars_lake_analog
GCA_015231235.1,GCA_015231235.1_Magnetococcales_bacterium_nWMHbin3,167,4974826,61.57,59272,4338,19,"{'Ala', 'Lys', 'Thr', 'Val', 'Trp', 'Ile', 'Met', 'Gln', 'Leu', 'Asn', 'Glu', 'Pro', 'Ser', 'Arg', 'Asp', 'Gly', 'Phe', 'His', 'Tyr'}",0,0,0,0,96.89,2.94,98.71,99.99,3.01,94.3,1.6,True,GCA_015231235.1_Magnetococcales_bacterium_nWMHbin3,"China: Lake Weiming, Beijing",39.993142 N 116.30256 E,39.993142,116.30256,Biosample/Paper,freshwater,freshwater,Yes,No,GCA_015231235.1_Magnetococcales_bacterium_nWMHbin3,Magnetococcales_bacterium_nWMHbin3,d__Bacteria;p__Pseudomonadota;c__Magnetococcia;o__Magnetococcales;f__Magnetaquicoccaceae;g__WMHbin3;s__WMHbin3 sp002753185,Scaffold,Illumina HiSeq,Mars_lake_analog
GCA_015231265.1,GCA_015231265.1_Magnetococcales_bacterium_nwalbin5,459,3818756,55.87,12313,3352,14,"{'Ser', 'Arg', 'Val', 'Met', 'Gln', 'Leu', 'Gly', 'Glu', 'Ala', 'Lys', 'Phe', 'Thr', 'Pro', 'Ile'}",2,2,0,0,78.85,1.59,78.07,79.79,1.6,72.6,0.0,True,GCA_015231265.1_Magnetococcales_bacterium_nwalbin5,Australia: Wallaga Lake,36.36013 S 150.07384 E,-36.36013,150.07384,Biosample/Paper,hypersaline,hypersaline,Yes,No,GCA_015231265.1_Magnetococcales_bacterium_nwalbin5,Magnetococcales_bacterium_nwalbin5,d__Bacteria;p__Pseudomonadota;c__Magnetococcia;o__Magnetococcales;f__JADGBX01;g__JADGBX01;s__JADGBX01 sp015231265,Contig,Illumina HiSeq,Europa_ocean_analog
GCA_015231295.1,GCA_015231295.1_Magnetococcales_bacterium_nW5bin3,353,3790407,59.17,16624,3315,13,"{'Ser', 'Arg', 'Val', 'Met', 'Gln', 'Leu', 'Asn', 'Gly', 'Trp', 'Ala', 'Phe', 'Thr', 'Pro'}",1,1,0,0,88.72,0.84,84.69,80.99,0.91,72.6,0.0,True,GCA_015231295.1_Magnetococcales_bacterium_nW5bin3,China: Innermogolia,41.564702 N 109.081861 E,41.564702,109.081861,Biosample/Paper,freshwater,freshwater,Yes,No,GCA_015231295.1_Magnetococcales_bacterium_nW5bin3,Magnetococcales_bacterium_nW5bin3,d__Bacteria;p__Pseudomonadota;c__Magnetococcia;o__Magnetococcales;f__Magnetaquicoccaceae;g__JAANAU01;s__JAANAU01 sp015231295,Scaffold,Illumina HiSeq,Mars_lake_analog
GCA_015231305.1,GCA_015231305.1_Magnetococcales_bacterium_nwagbin5,238,3957690,38.49,22682,3109,12,"{'Cys', 'Arg', 'Val', 'Asp', 'Gly', 'Leu', 'Asn', 'Gln', 'Glu', 'Lys', 'Thr', 'Pro'}",0,0,0,0,87.17,1.26,83.12,82.65,1.35,74.2,0.8,True,GCA_015231305.1_Magnetococcales_bacterium_nwagbin5,Australia: Waganaga Inlet,36.21831 S 150.12168 E,-36.21831,150.12168,Biosample/Paper,hypersaline,hypersaline,Yes,No,GCA_015231305.1_Magnetococcales_bacterium_nwagbin5,Magnetococcales_bacterium_nwagbin5,d__Bacteria;p__Pseudomonadota;c__Magnetococcia;o__Magnetococcales;f__UBA8363;g__GCA-2753565;s__GCA-2753565 sp015231305,Scaffold,Illumina HiSeq,Europa_ocean_analog
GCA_015231325.1,GCA_015231325.1_Oligoflexia_bacterium_nW3bin19,470,4367188,38.41,14912,3800,18,"{'Ser', 'Cys', 'Arg', 'Met', 'Val', 'Asp', 'Gly', 'Gln', 'Asn', 'Leu', 'Trp', 'Ala', 'Glu', 'Phe', 'His', 'Thr', 'Pro', 'Ile'}",0,0,0,0,60.7,0.0,65.98,75.4,3.18,38.7,0.0,True,GCA_015231325.1_Oligoflexia_bacterium_nW3bin19,China: Innermogolia,41.564702 N 109.081861 E,41.564702,109.081861,Biosample/Paper,freshwater,freshwater,Yes,No,GCA_015231325.1_Oligoflexia_bacterium_nW3bin19,Oligoflexia_bacterium_nW3bin19,d__Bacteria;p__Bdellovibrionota;c__Bacteriovoracia;o__Bacteriovoracales;f__Bacteriovoracaceae;g__JADGAN01;s__JADGAN01 sp015231325,Scaffold,Illumina HiSeq,Mars_lake_analog
GCA_015231345.1,GCA_015231345.1_Planctomycetota_bacterium_nwagbin3,588,4144283,41.73,9132,3361,16,"{'Ser', 'Arg', 'Met', 'Val', 'Asp', 'Gly', 'Leu', 'SeC', 'Asn', 'Trp', 'Pro', 'Ala', 'Glu', 'Phe', 'Lys', 'His'}",0,0,0,0,68.82,0.18,69.3,76.51,0.69,62.1,0.0,True,GCA_015231345.1_Planctomycetota_bacterium_nwagbin3,Australia: Waganaga Inlet,36.21831 S 150.12168 E,-36.21831,150.12168,Biosample/Paper,hypersaline,hypersaline,Yes,No,GCA_015231345.1_Planctomycetota_bacterium_nwagbin3,Planctomycetota_bacterium_nwagbin3,d__Bacteria;p__Planctomycetota;c__JADGBV01;o__JADGBV01;f__JADGBV01;g__JADGBV01;s__JADGBV01 sp015231345,Scaffold,Illumina HiSeq,Europa_ocean_analog
GCA_015231375.1,GCA_015231375.1_Magnetococcales_bacterium_nW5bin1,114,4103345,59.91,70955,3377,20,"{'Ala', 'Lys', 'Thr', 'Val', 'Trp', 'Ile', 'Met', 'Gln', 'Leu', 'Asn', 'Glu', 'Pro', 'Ser', 'Cys', 'Arg', 'Asp', 'Gly', 'Phe', 'His', 'Tyr'}",5,2,1,2,97.78,1.68,96.69,93.83,1.93,94.3,1.6,True,GCA_015231375.1_Magnetococcales_bacterium_nW5bin1,China: Innermogolia,41.564702 N 109.081861 E,41.564702,109.081861,Biosample/Paper,freshwater,freshwater,Yes,No,GCA_015231375.1_Magnetococcales_bacterium_nW5bin1,Magnetococcales_bacterium_nW5bin1,d__Bacteria;p__Pseudomonadota;c__Magnetococcia;o__Magnetococcales;f__Magnetaquicoccaceae;g__JAANAU01;s__JAANAU01 sp015231375,Scaffold,Illumina HiSeq,Mars_lake_analog
GCA_015231405.1,GCA_015231405.1_Candidatus_Omnitrophica_bacterium_nW3bin14,93,3659045,49.49,72303,2561,21,"{'Ala', 'Lys', 'Thr', 'Val', 'Trp', 'Ile', 'Met', 'Gln', 'Leu', 'Asn', 'Glu', 'Pro', 'Ser', 'Cys', 'Arg', 'Asp', 'Gly', 'SeC', 'Phe', 'His', 'Tyr'}",10,2,3,5,93.01,1.08,95.94,99.64,1.38,88.7,0.8,True,GCA_015231405.1_Candidatus_Omnitrophica_bacterium_nW3bin14,China: Innermogolia,41.564702 N 109.081861 E,41.564702,109.081861,Biosample/Paper,freshwater,freshwater,Yes,No,GCA_015231405.1_Candidatus_Omnitrophica_bacterium_nW3bin14,Candidatus_Omnitrophota_bacterium_nW3bin14,d__Bacteria;p__Omnitrophota;c__Koll11;o__Tantalellales;f__Tantalellaceae;g__JADGBR01;s__JADGBR01 sp015231405,Scaffold,Illumina HiSeq,Mars_lake_analog
GCA_015231415.1,GCA_015231415.1_Desulfamplus_sp._nTSbin4,196,3232689,37.6,26935,2585,17,"{'Ser', 'Cys', 'Arg', 'Met', 'Val', 'Asp', 'Gln', 'Leu', 'SeC', 'Asn', 'Gly', 'Trp', 'Ala', 'Phe', 'Lys', 'Glu', 'Pro'}",0,0,0,0,97.42,1.29,94.77,91.2,0.31,91.9,0.0,True,GCA_015231415.1_Desulfamplus_sp._nTSbin4,"China: Tuosu Lake, Qinghai",37.197953 N 96.868083 E,37.197953,96.868083,Biosample/Paper,brackish,brackish,Yes,No,GCA_015231415.1_Desulfamplus_sp._nTSbin4,Desulfamplus_sp._nTSbin4,d__Bacteria;p__Desulfobacterota;c__Desulfobacteria;o__Desulfobacterales;f__Desulfobacteraceae;g__Desulfamplus;s__Desulfamplus sp015232465,Scaffold,Illumina HiSeq,Mars_lake_analog
GCA_015231435.1,GCA_015231435.1_Gammaproteobacteria_bacterium_nTSbin2,223,2871643,52.9,19518,2673,17,"{'Ser', 'Cys', 'Arg', 'Val', 'Met', 'Asp', 'Gly', 'Leu', 'Gln', 'Trp', 'His', 'Ala', 'Lys', 'Glu', 'Thr', 'Pro', 'Ile'}",2,1,1,0,92.43,0.44,94.28,93.02,0.9,89.5,0.0,True,GCA_015231435.1_Gammaproteobacteria_bacterium_nTSbin2,"China: Tuosu Lake, Qinghai",37.197953 N 96.868083 E,37.197953,96.868083,Biosample/Paper,brackish,brackish,Yes,No,GCA_015231435.1_Gammaproteobacteria_bacterium_nTSbin2,Gammaproteobacteria_bacterium_nTSbin2,d__Bacteria;p__Pseudomonadota;c__Gammaproteobacteria;o__BW-2;f__BW-2;g__JADFYS01;s__JADFYS01 sp015231435,Scaffold,Illumina HiSeq,Mars_lake_analog
GCA_015231465.1,GCA_015231465.1_Desulfamplus_sp._nTSbin20,402,3629071,47.21,12968,3026,16,"{'Ser', 'Arg', 'Val', 'Met', 'Asp', 'Pyl', 'Gly', 'SeC', 'Leu', 'Gln', 'Asn', 'Trp', 'Phe', 'Lys', 'Thr', 'Pro'}",1,1,0,0,78.06,5.22,72.01,74.28,3.69,66.2,6.5,True,GCA_015231465.1_Desulfamplus_sp._nTSbin20,"China: Tuosu Lake, Qinghai",37.197953 N 96.868083 E,37.197953,96.868083,Biosample/Paper,brackish,brackish,Yes,No,GCA_015231465.1_Desulfamplus_sp._nTSbin20,Desulfamplus_sp._nTSbin20,d__Bacteria;p__Desulfobacterota;c__Desulfobacteria;o__Desulfobacterales;f__Desulfobacteraceae;g__Desulfamplus;s__Desulfamplus sp015231465,Scaffold,Illumina HiSeq,Mars_lake_analog
GCA_015231505.1,GCA_015231505.1_Alphaproteobacteria_bacterium_nTSbin12,329,2394161,63.33,10152,2463,19,"{'Ala', 'Lys', 'Thr', 'Val', 'Trp', 'Met', 'Gln', 'Leu', 'Asn', 'Glu', 'Pro', 'Ser', 'Cys', 'Arg', 'Asp', 'Gly', 'Phe', 'His', 'Tyr'}",1,0,1,0,73.76,1.03,81.24,77.48,0.46,76.6,0.0,True,GCA_015231505.1_Alphaproteobacteria_bacterium_nTSbin12,"China: Tuosu Lake, Qinghai",37.197953 N 96.868083 E,37.197953,96.868083,Biosample/Paper,brackish,brackish,Yes,No,GCA_015231505.1_Alphaproteobacteria_bacterium_nTSbin12,Alphaproteobacteria_bacterium_nTSbin12,d__Bacteria;p__Pseudomonadota;c__Alphaproteobacteria;o__Rhodospirillales_A;f__Magnetovibrionaceae;g__JADGBG01;s__JADGBG01 sp015231605,Scaffold,Illumina HiSeq,Mars_lake_analog
GCA_015231515.1,GCA_015231515.1_Desulfobulbaceae_bacterium_nTSbin18,225,3405799,45.02,24782,3197,19,"{'Ala', 'Lys', 'Thr', 'Val', 'Trp', 'Met', 'Gln', 'Leu', 'Asn', 'Glu', 'Pro', 'Ser', 'Cys', 'Arg', 'Asp', 'Gly', 'Phe', 'His', 'Tyr'}",2,1,1,0,90.84,1.79,95.09,86.03,0.35,91.1,0.0,True,GCA_015231515.1_Desulfobulbaceae_bacterium_nTSbin18,"China: Tuosu Lake, Qinghai",37.197953 N 96.868083 E,37.197953,96.868083,Biosample/Paper,brackish,brackish,Yes,No,GCA_015231515.1_Desulfobulbaceae_bacterium_nTSbin18,Desulfobulbaceae_bacterium_nTSbin18,d__Bacteria;p__Desulfobacterota;c__Desulfobulbia;o__Desulfobulbales;f__Desulfurivibrionaceae;g__JADGBM01;s__JADGBM01 sp015231515,Scaffold,Illumina HiSeq,Mars_lake_analog
GCA_015231535.1,GCA_015231535.1_SAR324_cluster_bacterium_nTSbin10,344,5756581,44.87,28409,4756,19,"{'Ala', 'Lys', 'Thr', 'Val', 'Trp', 'Met', 'Gln', 'Leu', 'Asn', 'Glu', 'Pro', 'Ser', 'Cys', 'Arg', 'Asp', 'Gly', 'SeC', 'His', 'Tyr'}",2,2,0,0,88.8,0.56,94.96,95.67,0.54,88.7,0.8,True,GCA_015231535.1_SAR324_cluster_bacterium_nTSbin10,"China: Tuosu Lake, Qinghai",37.197953 N 96.868083 E,37.197953,96.868083,Biosample/Paper,brackish,brackish,Yes,No,GCA_015231535.1_SAR324_cluster_bacterium_nTSbin10,SAR324_cluster_bacterium_nTSbin10,d__Bacteria;p__SAR324;c__SAR324;o__SAR324;f__JADFZZ01;g__JADFZZ01;s__JADFZZ01 sp015232315,Scaffold,Illumina HiSeq,Mars_lake_analog
GCA_015231595.1,GCA_015231595.1_Desulfobacterales_bacterium_nTSbin1,210,5131725,32.05,47251,4129,19,"{'Ala', 'Lys', 'Thr', 'Val', 'Trp', 'Met', 'Gln', 'Leu', 'Asn', 'Glu', 'Pro', 'Ser', 'Cys', 'Arg', 'Asp', 'Gly', 'SeC', 'Phe', 'His'}",2,2,0,0,98.71,1.36,96.51,99.32,1.54,90.3,2.4,True,GCA_015231595.1_Desulfobacterales_bacterium_nTSbin1,"China: Tuosu Lake, Qinghai",37.197953 N 96.868083 E,37.197953,96.868083,Biosample/Paper,brackish,brackish,Yes,No,GCA_015231595.1_Desulfobacterales_bacterium_nTSbin1,Desulfobacterales_bacterium_nTSbin1,d__Bacteria;p__Desulfobacterota;c__Desulfobacteria;o__Desulfobacterales;f__JADGBH01;g__JADGBH01;s__JADGBH01 sp015231595,Scaffold,Illumina HiSeq,Mars_lake_analog
GCA_015231605.1,GCA_015231605.1_Alphaproteobacteria_bacterium_nSSYDbin4,213,3182839,63.34,25241,3107,19,"{'Ala', 'Lys', 'Thr', 'Val', 'Trp', 'Met', 'Gln', 'Leu', 'Asn', 'Glu', 'Pro', 'Ser', 'Cys', 'Arg', 'Asp', 'Gly', 'Phe', 'His', 'Tyr'}",0,0,0,0,94.65,0.33,99.21,97.34,0.7,97.6,0.8,True,GCA_015231605.1_Alphaproteobacteria_bacterium_nSSYDbin4,"China: Shuishangyadan, Qinghai",37.624414 N 93.733812 E,37.624414,93.733812,Biosample/Paper,brackish,brackish,Yes,No,GCA_015231605.1_Alphaproteobacteria_bacterium_nSSYDbin4,Alphaproteobacteria_bacterium_nSSYDbin4,d__Bacteria;p__Pseudomonadota;c__Alphaproteobacteria;o__Rhodospirillales_A;f__Magnetovibrionaceae;g__JADGBG01;s__JADGBG01 sp015231605,Scaffold,Illumina HiSeq,Mars_lake_analog
GCA_015231615.1,GCA_015231615.1_Desulfamplus_sp._nS315bin44,200,3860279,36.17,49168,3365,17,"{'Ser', 'Cys', 'Arg', 'Met', 'Val', 'Asp', 'Gln', 'Leu', 'Gly', 'Asn', 'Trp', 'His', 'Phe', 'Ala', 'Thr', 'Pro', 'Tyr'}",2,2,0,0,88.39,0.32,89.76,83.25,1.78,88.7,0.0,True,GCA_015231615.1_Desulfamplus_sp._nS315bin44,China: Lake Qinghai,38.229771 N 90.697681 E,38.229771,90.697681,Biosample/Paper,brackish,brackish,Yes,No,GCA_015231615.1_Desulfamplus_sp._nS315bin44,Desulfamplus_sp._nS315bin44,d__Bacteria;p__Desulfobacterota;c__Desulfobacteria;o__Desulfobacterales;f__Desulfobacteraceae;g__Desulfamplus;s__Desulfamplus sp015231615,Scaffold,Illumina HiSeq,Mars_lake_analog
GCA_015231655.1,GCA_015231655.1_Desulfamplus_sp._nS315bin9,195,3171500,37.59,28298,2680,17,"{'Ser', 'Cys', 'Arg', 'Met', 'Val', 'Asp', 'Gln', 'Leu', 'Asn', 'SeC', 'Gly', 'Trp', 'Ala', 'Glu', 'Lys', 'Phe', 'Pro'}",1,1,0,0,96.77,1.75,91.67,85.19,1.71,87.9,5.6,True,GCA_015231655.1_Desulfamplus_sp._nS315bin9,China: Lake Qinghai,38.229771 N 90.697681 E,38.229771,90.697681,Biosample/Paper,brackish,brackish,Yes,No,GCA_015231655.1_Desulfamplus_sp._nS315bin9,Desulfamplus_sp._nS315bin9,d__Bacteria;p__Desulfobacterota;c__Desulfobacteria;o__Desulfobacterales;f__Desulfobacteraceae;g__Desulfamplus;s__Desulfamplus sp015232465,Scaffold,Illumina HiSeq,Mars_lake_analog
GCA_015231705.1,GCA_015231705.1_Desulfamplus_sp._nS315bin3,282,3601353,40.67,19749,2906,17,"{'Ser', 'Cys', 'Arg', 'Val', 'Met', 'Asp', 'Gln', 'Leu', 'Asn', 'Gly', 'SeC', 'Glu', 'Phe', 'Lys', 'Ala', 'His', 'Pro'}",0,0,0,0,84.62,0.16,83.36,75.22,0.41,83.1,0.0,True,GCA_015231705.1_Desulfamplus_sp._nS315bin3,China: Lake Qinghai,38.229771 N 90.697681 E,38.229771,90.697681,Biosample/Paper,brackish,brackish,Yes,No,GCA_015231705.1_Desulfamplus_sp._nS315bin3,Desulfamplus_sp._nS315bin3,d__Bacteria;p__Desulfobacterota;c__Desulfobacteria;o__Desulfobacterales;f__Desulfobacteraceae;g__Desulfamplus;s__Desulfamplus sp015231705,Scaffold,Illumina HiSeq,Mars_lake_analog
GCA_015231755.1,GCA_015231755.1_Magnetococcales_bacterium_nQXH2bin5,44,3842963,59.16,133818,3160,20,"{'Ala', 'Lys', 'Thr', 'Val', 'Trp', 'Ile', 'Met', 'Gln', 'Leu', 'Asn', 'Glu', 'Pro', 'Ser', 'Cys', 'Arg', 'Asp', 'Gly', 'Phe', 'His', 'Tyr'}",1,1,0,0,98.62,2.52,97.84,98.4,1.22,95.1,1.6,True,GCA_015231755.1_Magnetococcales_bacterium_nQXH2bin5,China: Innermogolia,47.69541 N 119.30422 E,47.69541,119.30422,Biosample/Paper,freshwater,freshwater,Yes,No,GCA_015231755.1_Magnetococcales_bacterium_nQXH2bin5,Magnetococcales_bacterium_nQXH2bin5,d__Bacteria;p__Pseudomonadota;c__Magnetococcia;o__Magnetococcales;f__Magnetaquicoccaceae;g__JAANAU01;s__JAANAU01 sp015231755,Scaffold,Illumina HiSeq,Mars_lake_analog
GCA_015231775.1,GCA_015231775.1_Magnetococcales_bacterium_nQXH2bin1,389,3820765,61.35,19017,3389,18,"{'Ser', 'Arg', 'Val', 'Met', 'Asp', 'Gln', 'Leu', 'Asn', 'Gly', 'Trp', 'His', 'Phe', 'Lys', 'Ala', 'Glu', 'Thr', 'Pro', 'Ile'}",0,0,0,0,92.24,1.68,88.97,86.32,0.37,85.5,0.0,True,GCA_015231775.1_Magnetococcales_bacterium_nQXH2bin1,China: Innermogolia,47.69541 N 119.30422 E,47.69541,119.30422,Biosample/Paper,freshwater,freshwater,Yes,No,GCA_015231775.1_Magnetococcales_bacterium_nQXH2bin1,Magnetococcales_bacterium_nQXH2bin1,d__Bacteria;p__Pseudomonadota;c__Magnetococcia;o__Magnetococcales;f__Magnetaquicoccaceae;g__JAANAU01;s__JAANAU01 sp015231775,Scaffold,Illumina HiSeq,Mars_lake_analog
GCA_015231795.1,GCA_015231795.1_Alphaproteobacteria_bacterium_nQXH1bin1,23,3628312,59.95,458012,3479,20,"{'Ala', 'Lys', 'Thr', 'Val', 'Trp', 'Ile', 'Met', 'Gln', 'Leu', 'Asn', 'Glu', 'Pro', 'Ser', 'Cys', 'Arg', 'Asp', 'Gly', 'Phe', 'His', 'Tyr'}",3,1,1,1,98.51,0.5,100.0,100.0,0.56,98.4,0.8,True,GCA_015231795.1_Alphaproteobacteria_bacterium_nQXH1bin1,China: Innermogolia,47.74777 N 119.33694 E,47.74777,119.33694,Biosample/Paper,freshwater,freshwater,Yes,No,GCA_015231795.1_Alphaproteobacteria_bacterium_nQXH1bin1,Alphaproteobacteria_bacterium_nQXH1bin1,d__Bacteria;p__Pseudomonadota;c__Alphaproteobacteria;o__Rhodospirillales;f__WMHbin7;g__WMHbin7;s__WMHbin7 sp015231795,Contig,Illumina HiSeq,Mars_lake_analog
GCA_015231815.1,GCA_015231815.1_Nitrospinae_bacterium_nPCRbin9,410,2645008,37.05,7923,2377,14,"{'Ser', 'Cys', 'Arg', 'Met', 'Val', 'Asp', 'Gly', 'Leu', 'Gln', 'Ala', 'Glu', 'His', 'Lys', 'Pro'}",2,2,0,0,79.81,1.71,76.72,78.43,1.8,71.0,0.8,True,GCA_015231815.1_Nitrospinae_bacterium_nPCRbin9,Australia: Punkally Creek,36.23413 S 150.06798 E,-36.23413,150.06798,Biosample/Paper,brackish,brackish,Yes,No,GCA_015231815.1_Nitrospinae_bacterium_nPCRbin9,Nitrospinota_bacterium_nPCRbin9,d__Bacteria;p__Nitrospinota;c__JADGAW01;o__JADGAW01;f__JADGAW01;g__JADGAW01;s__JADGAW01 sp015231815,Scaffold,Illumina HiSeq,Mars_lake_analog
GCA_015231825.1,GCA_015231825.1_SAR324_cluster_bacterium_nPCRbin7,81,5795165,44.77,123521,4904,18,"{'Ser', 'Cys', 'Arg', 'Val', 'Met', 'Asp', 'Gln', 'Leu', 'Asn', 'SeC', 'Gly', 'Pro', 'Glu', 'Ala', 'Lys', 'Phe', 'Thr', 'His'}",0,0,0,0,92.94,0.42,93.51,98.32,2.5,87.9,0.8,True,GCA_015231825.1_SAR324_cluster_bacterium_nPCRbin7,Australia: Punkally Creek,36.23413 S 150.06798 E,-36.23413,150.06798,Biosample/Paper,brackish,brackish,Yes,No,GCA_015231825.1_SAR324_cluster_bacterium_nPCRbin7,SAR324_cluster_bacterium_nPCRbin7,d__Bacteria;p__SAR324;c__SAR324;o__SAR324;f__GCA-2753255;g__JADGAV01;s__JADGAV01 sp015231825,Scaffold,Illumina HiSeq,Mars_lake_analog
GCA_015231855.1,GCA_015231855.1_Zetaproteobacteria_bacterium_nPCbin1,68,2016854,47.46,56539,1860,20,"{'Ala', 'Lys', 'Thr', 'Val', 'Trp', 'Ile', 'Met', 'Gln', 'Leu', 'Asn', 'Glu', 'Pro', 'Ser', 'Cys', 'Arg', 'Asp', 'Gly', 'Phe', 'His', 'Tyr'}",4,2,1,1,99.58,0.84,98.36,99.75,0.12,98.4,0.0,True,GCA_015231855.1_Zetaproteobacteria_bacterium_nPCbin1,Australia: Painkalac Creek,38.46575 S 144.09288 E,-38.46575,144.09288,Biosample/Paper,brackish,brackish,Yes,No,GCA_015231855.1_Zetaproteobacteria_bacterium_nPCbin1,Zetaproteobacteria_bacterium_nPCbin1,d__Bacteria;p__Pseudomonadota;c__Zetaproteobacteria;o__Mariprofundales;f__Mariprofundaceae;g__GCA-2753275;s__GCA-2753275 sp002753275,Scaffold,Illumina HiSeq,Mars_lake_analog
GCA_015231865.1,GCA_015231865.1_Gammaproteobacteria_bacterium_nPCRbin5,299,3543812,34.87,21360,3194,16,"{'Ser', 'Arg', 'Val', 'Met', 'Asp', 'Gly', 'Leu', 'Asn', 'Gln', 'Trp', 'Ala', 'Phe', 'Lys', 'His', 'Thr', 'Pro'}",0,0,0,0,93.38,0.75,94.47,95.35,0.44,91.1,0.8,True,GCA_015231865.1_Gammaproteobacteria_bacterium_nPCRbin5,Australia: Punkally Creek,36.23413 S 150.06798 E,-36.23413,150.06798,Biosample/Paper,brackish,brackish,Yes,No,GCA_015231865.1_Gammaproteobacteria_bacterium_nPCRbin5,Gammaproteobacteria_bacterium_nPCRbin5,d__Bacteria;p__Pseudomonadota;c__Gammaproteobacteria;o__GRL18;f__GRL18;g__JADGAU01;s__JADGAU01 sp015231865,Contig,Illumina HiSeq,Mars_lake_analog
GCA_015231885.1,GCA_015231885.1_SAR324_cluster_bacterium_nPCRbin10,241,5133600,42.0,50150,4348,17,"{'Ser', 'Arg', 'Val', 'Met', 'Asp', 'Gly', 'SeC', 'Gln', 'Leu', 'Asn', 'Trp', 'His', 'Glu', 'Lys', 'Thr', 'Pro', 'Tyr'}",1,1,0,0,90.84,0.0,92.6,95.55,0.8,87.9,0.8,True,GCA_015231885.1_SAR324_cluster_bacterium_nPCRbin10,Australia: Punkally Creek,36.23413 S 150.06798 E,-36.23413,150.06798,Biosample/Paper,brackish,brackish,Yes,No,GCA_015231885.1_SAR324_cluster_bacterium_nPCRbin10,SAR324_cluster_bacterium_nPCRbin10,d__Bacteria;p__SAR324;c__SAR324;o__SAR324;f__GCA-2753255;g__GCA-2753255;s__GCA-2753255 sp002753255,Scaffold,Illumina HiSeq,Mars_lake_analog
GCA_015231915.1,GCA_015231915.1_Magnetococcales_bacterium_nNGHbin2,133,4022416,61.98,48446,3500,16,"{'Ser', 'Arg', 'Val', 'Met', 'Asp', 'Gly', 'Gln', 'Leu', 'Asn', 'Trp', 'Glu', 'Ala', 'Lys', 'Phe', 'Thr', 'Pro'}",1,1,0,0,96.47,3.36,100.0,99.87,1.5,95.2,0.8,True,GCA_015231915.1_Magnetococcales_bacterium_nNGHbin2,China: Innermogolia,47.9275 N 119.54638 E,47.9275,119.54638,Biosample/Paper,freshwater,freshwater,Yes,No,GCA_015231915.1_Magnetococcales_bacterium_nNGHbin2,Magnetococcales_bacterium_nNGHbin2,d__Bacteria;p__Pseudomonadota;c__Magnetococcia;o__Magnetococcales;f__Magnetaquicoccaceae;g__WMHbin3;s__WMHbin3 sp015231915,Scaffold,Illumina HiSeq,Mars_lake_analog
GCA_015231925.1,GCA_015231925.1_Magnetococcales_bacterium_nNGHbin14,358,4514666,60.22,20051,3824,18,"{'Ser', 'Cys', 'Arg', 'Val', 'Met', 'Asp', 'Gly', 'Leu', 'Asn', 'Gln', 'Ala', 'Phe', 'His', 'Lys', 'Glu', 'Thr', 'Pro', 'Ile'}",1,0,1,0,94.12,2.1,97.38,92.01,1.97,91.1,0.8,True,GCA_015231925.1_Magnetococcales_bacterium_nNGHbin14,China: Innermogolia,47.9275 N 119.54638 E,47.9275,119.54638,Biosample/Paper,freshwater,freshwater,Yes,No,GCA_015231925.1_Magnetococcales_bacterium_nNGHbin14,Magnetococcales_bacterium_nNGHbin14,d__Bacteria;p__Pseudomonadota;c__Magnetococcia;o__Magnetococcales;f__JADGAQ01;g__JADGAQ01;s__JADGAQ01 sp015231925,Scaffold,Illumina HiSeq,Mars_lake_analog
GCA_015231955.1,GCA_015231955.1_Oligoflexia_bacterium_nN3bin31,114,5611739,40.9,99534,4783,19,"{'Ala', 'Lys', 'Thr', 'Val', 'Trp', 'Met', 'Gln', 'Leu', 'Asn', 'Glu', 'Pro', 'Ser', 'Cys', 'Arg', 'Asp', 'Gly', 'Phe', 'His', 'Tyr'}",5,2,0,3,91.07,2.68,95.21,100.0,3.14,82.2,4.0,True,GCA_015231955.1_Oligoflexia_bacterium_nN3bin31,China: Innermogolia,41.549487 N 109.05952 E,41.549487,109.05952,Biosample/Paper,freshwater,freshwater,Yes,No,GCA_015231955.1_Oligoflexia_bacterium_nN3bin31,Oligoflexia_bacterium_nN3bin31,d__Bacteria;p__Bdellovibrionota;c__Bacteriovoracia;o__Bacteriovoracales;f__Bacteriovoracaceae;g__JADGAN01;s__JADGAN01 sp015231955,Scaffold,Illumina HiSeq,Mars_lake_analog
GCA_015231965.1,GCA_015231965.1_Magnetococcales_bacterium_nNGHbin13,314,3824539,63.09,18740,3289,20,"{'Ala', 'Lys', 'Thr', 'Val', 'Trp', 'Ile', 'Met', 'Gln', 'Leu', 'Asn', 'Glu', 'Pro', 'Ser', 'Cys', 'Arg', 'Asp', 'Gly', 'Phe', 'His', 'Tyr'}",1,1,0,0,95.66,0.0,96.29,99.05,0.94,95.2,0.8,True,GCA_015231965.1_Magnetococcales_bacterium_nNGHbin13,China: Innermogolia,47.9275 N 119.54638 E,47.9275,119.54638,Biosample/Paper,freshwater,freshwater,Yes,No,GCA_015231965.1_Magnetococcales_bacterium_nNGHbin13,Magnetococcales_bacterium_nNGHbin13,d__Bacteria;p__Pseudomonadota;c__Magnetococcia;o__Magnetococcales;f__JADGAP01;g__JADGAP01;s__JADGAP01 sp015231965,Scaffold,Illumina HiSeq,Mars_lake_analog
GCA_015231995.1,GCA_015231995.1_Nitrospinae_bacterium_nNGHbin12,358,3233461,54.84,12205,2993,16,"{'Ser', 'Cys', 'Arg', 'Val', 'Met', 'Asp', 'Gly', 'Gln', 'Asn', 'Leu', 'Trp', 'Ala', 'His', 'Lys', 'Thr', 'Pro'}",2,1,0,1,88.82,1.2,86.47,92.91,0.57,84.7,0.0,True,GCA_015231995.1_Nitrospinae_bacterium_nNGHbin12,China: Innermogolia,47.9275 N 119.54638 E,47.9275,119.54638,Biosample/Paper,freshwater,freshwater,Yes,No,GCA_015231995.1_Nitrospinae_bacterium_nNGHbin12,Nitrospinota_bacterium_nNGHbin12,d__Bacteria;p__Nitrospinota;c__UBA7883;o__UBA7883;f__JACRLM01;g__JADGAO01;s__JADGAO01 sp015231995,Scaffold,Illumina HiSeq,Mars_lake_analog
GCA_015232015.1,GCA_015232015.1_Oligoflexia_bacterium_nN3bin16,413,4908165,31.52,18191,4110,15,"{'Ser', 'Arg', 'Met', 'Val', 'Asp', 'Gly', 'SeC', 'Leu', 'Asn', 'Gln', 'Pro', 'Ala', 'Thr', 'His', 'Tyr'}",0,0,0,0,83.77,1.79,84.55,95.32,2.64,71.0,0.0,True,GCA_015232015.1_Oligoflexia_bacterium_nN3bin16,China: Innermogolia,41.549487 N 109.05952 E,41.549487,109.05952,Biosample/Paper,freshwater,freshwater,Yes,No,GCA_015232015.1_Oligoflexia_bacterium_nN3bin16,Oligoflexia_bacterium_nN3bin16,d__Bacteria;p__Bdellovibrionota;c__Bacteriovoracia;o__Bacteriovoracales;f__Bacteriovoracaceae;g__JADFZW01;s__JADFZW01 sp015232015,Scaffold,Illumina HiSeq,Mars_lake_analog
GCA_015232025.1,GCA_015232025.1_Alphaproteobacteria_bacterium_nN3bin14,499,3735703,67.66,9763,3665,16,"{'Ser', 'Cys', 'Arg', 'Val', 'Asp', 'Gly', 'Leu', 'Gln', 'Asn', 'His', 'Glu', 'Lys', 'Ala', 'Phe', 'Thr', 'Pro'}",0,0,0,0,70.68,0.75,80.91,74.29,2.45,54.0,0.0,True,GCA_015232025.1_Alphaproteobacteria_bacterium_nN3bin14,China: Innermogolia,41.549487 N 109.05952 E,41.549487,109.05952,Biosample/Paper,freshwater,freshwater,Yes,No,GCA_015232025.1_Alphaproteobacteria_bacterium_nN3bin14,Alphaproteobacteria_bacterium_nN3bin14,d__Bacteria;p__Pseudomonadota;c__Alphaproteobacteria;o__Rhodospirillales;f__Magnetospirillaceae;g__JADFZP01;s__JADFZP01 sp015232025,Scaffold,Illumina HiSeq,Mars_lake_analog
GCA_015232035.1,GCA_015232035.1_Desulfamplus_sp._nN2-2bin5,215,3179296,37.93,18110,2436,15,"{'Ser', 'Cys', 'Arg', 'Met', 'Val', 'Asp', 'Gln', 'Leu', 'Gly', 'Asn', 'Trp', 'Ala', 'His', 'Phe', 'Pro'}",0,0,0,0,80.97,0.65,86.16,74.38,2.48,83.1,1.6,True,GCA_015232035.1_Desulfamplus_sp._nN2-2bin5,China: Innermogolia,41.549487 N 109.05952 E,41.549487,109.05952,Biosample/Paper,freshwater,freshwater,Yes,No,GCA_015232035.1_Desulfamplus_sp._nN2-2bin5,Desulfamplus_sp._nN2-2bin5,d__Bacteria;p__Desulfobacterota;c__Desulfobacteria;o__Desulfobacterales;f__Desulfobacteraceae;g__Desulfamplus;s__Desulfamplus sp015232555,Scaffold,Illumina HiSeq,Mars_lake_analog
GCA_015232055.1,GCA_015232055.1_Alphaproteobacteria_bacterium_nN2-2bin2,602,4101610,67.51,8398,3975,16,"{'Ser', 'Arg', 'Met', 'Val', 'Asp', 'Gly', 'Gln', 'Leu', 'Trp', 'Pro', 'Ala', 'Glu', 'Lys', 'Thr', 'His', 'Tyr'}",1,0,0,1,76.25,0.5,84.59,82.81,3.64,80.6,0.0,True,GCA_015232055.1_Alphaproteobacteria_bacterium_nN2-2bin2,China: Innermogolia,41.549487 N 109.05952 E,41.549487,109.05952,Biosample/Paper,freshwater,freshwater,Yes,No,GCA_015232055.1_Alphaproteobacteria_bacterium_nN2-2bin2,Alphaproteobacteria_bacterium_nN2-2bin2,d__Bacteria;p__Pseudomonadota;c__Alphaproteobacteria;o__Rhodospirillales;f__Magnetospirillaceae;g__JADFZP01;s__JADFZP01 sp015232485,Scaffold,Illumina HiSeq,Mars_lake_analog
GCA_015232095.1,GCA_015232095.1_Alphaproteobacteria_bacterium_nN2-2bin1,129,4326798,65.17,58814,4114,21,"{'Ala', 'Lys', 'Thr', 'Val', 'Trp', 'Ile', 'Met', 'Gln', 'Leu', 'Asn', 'Glu', 'Pro', 'Ser', 'Cys', 'Arg', 'Asp', 'Gly', 'SeC', 'Phe', 'His', 'Tyr'}",4,1,2,1,99.5,0.5,100.0,100.0,0.71,97.6,0.8,True,GCA_015232095.1_Alphaproteobacteria_bacterium_nN2-2bin1,China: Innermogolia,41.549487 N 109.05952 E,41.549487,109.05952,Biosample/Paper,freshwater,freshwater,Yes,No,GCA_015232095.1_Alphaproteobacteria_bacterium_nN2-2bin1,Alphaproteobacteria_bacterium_nN2-2bin1,d__Bacteria;p__Pseudomonadota;c__Alphaproteobacteria;o__Rhodospirillales;f__Magnetospirillaceae;g__Magnetospirillum;s__Magnetospirillum moscoviense,Scaffold,Illumina HiSeq,Mars_lake_analog
GCA_015232115.1,GCA_015232115.1_Nitrospirota_bacterium_nMYbin6,171,3404042,47.77,27655,3170,17,"{'Ser', 'Cys', 'Arg', 'Met', 'Val', 'Asp', 'Gln', 'Leu', 'Asn', 'SeC', 'Gly', 'Pro', 'Ala', 'Phe', 'Lys', 'Glu', 'His'}",1,1,0,0,85.64,5.45,86.43,87.13,7.4,63.7,3.2,True,GCA_015232115.1_Nitrospirota_bacterium_nMYbin6,"China: Beijing, Lake Miyun",40.48874 N 117.00714 E,40.48874,117.00714,Biosample/Paper,freshwater,freshwater,Yes,No,GCA_015232115.1_Nitrospirota_bacterium_nMYbin6,Nitrospirota_bacterium_nMYbin6,d__Bacteria;p__Nitrospirota;c__Thermodesulfovibrionia;o__Thermodesulfovibrionales;f__Magnetobacteriaceae;g__Magnetominusculus;s__Magnetominusculus sp002753305,Scaffold,Illumina HiSeq,Mars_lake_analog
GCA_015232145.1,GCA_015232145.1_Nitrospirota_bacterium_nMYbin4,213,3929094,44.04,34309,3565,20,"{'Ala', 'Lys', 'Thr', 'Val', 'Trp', 'Met', 'Gln', 'Leu', 'Asn', 'Glu', 'Pro', 'Ser', 'Cys', 'Arg', 'Asp', 'Gly', 'SeC', 'Phe', 'His', 'Tyr'}",0,0,0,0,95.76,1.36,93.34,97.28,1.61,87.1,0.0,True,GCA_015232145.1_Nitrospirota_bacterium_nMYbin4,"China: Beijing, Lake Miyun",40.48874 N 117.00714 E,40.48874,117.00714,Biosample/Paper,freshwater,freshwater,Yes,No,GCA_015232145.1_Nitrospirota_bacterium_nMYbin4,Nitrospirota_bacterium_nMYbin4,d__Bacteria;p__Nitrospirota;c__Thermodesulfovibrionia;o__Thermodesulfovibrionales;f__Magnetobacteriaceae;g__Magnetobacterium;s__Magnetobacterium sp002753395,Scaffold,Illumina HiSeq,Mars_lake_analog
GCA_015232195.1,GCA_015232195.1_Nitrospirota_bacterium_nMYbin1,48,2908520,44.36,104491,2778,18,"{'Ser', 'Cys', 'Arg', 'Val', 'Met', 'Asp', 'Gln', 'Leu', 'SeC', 'Asn', 'Gly', 'Ala', 'Glu', 'Lys', 'His', 'Phe', 'Thr', 'Pro'}",1,1,0,0,97.06,0.91,96.61,100.0,0.0,96.0,0.0,True,GCA_015232195.1_Nitrospirota_bacterium_nMYbin1,"China: Beijing, Lake Miyun",40.48874 N 117.00714 E,40.48874,117.00714,Biosample/Paper,freshwater,freshwater,Yes,No,GCA_015232195.1_Nitrospirota_bacterium_nMYbin1,Nitrospirota_bacterium_nMYbin1,d__Bacteria;p__Nitrospirota;c__Thermodesulfovibrionia;o__Thermodesulfovibrionales;f__Dissulfurispiraceae;g__MYbin3;s__MYbin3 sp002753335,Scaffold,Illumina HiSeq,Mars_lake_analog
GCA_015232235.1,GCA_015232235.1_Candidatus_Omnitrophica_bacterium_nMBPbin3,41,1969424,50.38,106662,1712,16,"{'Arg', 'Val', 'Met', 'Asp', 'Gln', 'Leu', 'Gly', 'SeC', 'Trp', 'Glu', 'Ala', 'Lys', 'Phe', 'His', 'Thr', 'Pro'}",0,0,0,0,67.5,1.08,73.08,73.85,0.3,70.2,0.0,True,GCA_015232235.1_Candidatus_Omnitrophica_bacterium_nMBPbin3,Australia: Mount Beauty Pondage,36.73874 S 147.16443 E,-36.73874,147.16443,Biosample/Paper,freshwater,freshwater,Yes,No,GCA_015232235.1_Candidatus_Omnitrophica_bacterium_nMBPbin3,Candidatus_Omnitrophota_bacterium_nMBPbin3,d__Bacteria;p__Omnitrophota;c__Koll11;o__Zapsychrales;f__Fredricksoniimonadaceae;g__Fredricksoniimonas;s__Fredricksoniimonas sp002753465,Scaffold,Illumina HiSeq,Mars_lake_analog
GCA_015232245.1,GCA_015232245.1_Magnetococcales_bacterium_nMBPbin6,481,3695133,59.23,10704,3190,17,"{'Ser', 'Arg', 'Val', 'Met', 'Asp', 'Gly', 'Leu', 'Gln', 'Asn', 'Ala', 'Glu', 'Phe', 'His', 'Lys', 'Thr', 'Pro', 'Ile'}",1,1,0,0,73.26,1.37,76.48,81.57,1.27,71.0,0.8,True,GCA_015232245.1_Magnetococcales_bacterium_nMBPbin6,Australia: Mount Beauty Pondage,36.73874 S 147.16443 E,-36.73874,147.16443,Biosample/Paper,freshwater,freshwater,Yes,No,GCA_015232245.1_Magnetococcales_bacterium_nMBPbin6,Magnetococcales_bacterium_nMBPbin6,d__Bacteria;p__Pseudomonadota;c__Magnetococcia;o__Magnetococcales;f__Magnetaquicoccaceae;g__JAANAU01;s__JAANAU01 sp015232245,Scaffold,Illumina HiSeq,Mars_lake_analog
GCA_015232255.1,GCA_015232255.1_Oligoflexia_bacterium_nKLKbin5,212,4586144,41.45,36596,3833,15,"{'Ser', 'Arg', 'Met', 'Val', 'Gly', 'Gln', 'Leu', 'Trp', 'Glu', 'His', 'Lys', 'Phe', 'Thr', 'Pro', 'Tyr'}",3,1,1,1,78.36,1.75,85.04,89.99,1.98,50.8,1.6,True,GCA_015232255.1_Oligoflexia_bacterium_nKLKbin5,"China: Qinghai, Keluke Lake",37.283722 N 96.859816 E,37.283722,96.859816,Biosample/Paper,brackish,brackish,Yes,No,GCA_015232255.1_Oligoflexia_bacterium_nKLKbin5,Oligoflexia_bacterium_nKLKbin5,d__Bacteria;p__Bdellovibrionota;c__Bacteriovoracia;o__Bacteriovoracales;f__Bacteriovoracaceae;g__JADGAN01;s__JADGAN01 sp015231955,Scaffold,Illumina HiSeq,Mars_lake_analog
GCA_015232265.1,GCA_015232265.1_Magnetococcales_bacterium_nKLKbin4,225,4028132,54.24,26216,3505,14,"{'Arg', 'Val', 'Asp', 'Gln', 'Leu', 'Gly', 'Asn', 'Ala', 'Glu', 'Lys', 'His', 'Phe', 'Thr', 'Pro'}",0,0,0,0,80.66,2.94,91.51,86.29,2.98,87.9,1.6,True,GCA_015232265.1_Magnetococcales_bacterium_nKLKbin4,"China: Qinghai, Keluke Lake",37.283722 N 96.859816 E,37.283722,96.859816,Biosample/Paper,brackish,brackish,Yes,No,GCA_015232265.1_Magnetococcales_bacterium_nKLKbin4,Magnetococcales_bacterium_nKLKbin4,d__Bacteria;p__Pseudomonadota;c__Magnetococcia;o__Magnetococcales;f__UBA8363;g__UBA8363;s__UBA8363 sp002753735,Scaffold,Illumina HiSeq,Mars_lake_analog
GCA_015232315.1,GCA_015232315.1_SAR324_cluster_bacterium_nKLKbin6,88,5251075,45.21,107714,4268,20,"{'Ala', 'Lys', 'Thr', 'Val', 'Trp', 'Met', 'Gln', 'Leu', 'Asn', 'Glu', 'Pro', 'Ser', 'Cys', 'Arg', 'Asp', 'Gly', 'SeC', 'Phe', 'His', 'Tyr'}",3,1,1,1,90.48,0.0,95.18,95.27,1.24,87.9,0.8,True,GCA_015232315.1_SAR324_cluster_bacterium_nKLKbin6,"China: Qinghai, Keluke Lake",37.283722 N 96.859816 E,37.283722,96.859816,Biosample/Paper,brackish,brackish,Yes,No,GCA_015232315.1_SAR324_cluster_bacterium_nKLKbin6,SAR324_cluster_bacterium_nKLKbin6,d__Bacteria;p__SAR324;c__SAR324;o__SAR324;f__JADFZZ01;g__JADFZZ01;s__JADFZZ01 sp015232315,Scaffold,Illumina HiSeq,Mars_lake_analog
GCA_015232335.1,GCA_015232335.1_Alphaproteobacteria_bacterium_nKLKbin1,89,3428751,59.34,60596,3351,19,"{'Ala', 'Lys', 'Thr', 'Val', 'Trp', 'Met', 'Gln', 'Leu', 'Asn', 'Glu', 'Pro', 'Ser', 'Cys', 'Arg', 'Asp', 'Gly', 'Phe', 'His', 'Tyr'}",1,0,1,0,94.53,0.0,100.0,99.94,0.31,93.5,0.0,True,GCA_015232335.1_Alphaproteobacteria_bacterium_nKLKbin1,"China: Qinghai, Keluke Lake",37.283722 N 96.859816 E,37.283722,96.859816,Biosample/Paper,brackish,brackish,Yes,No,GCA_015232335.1_Alphaproteobacteria_bacterium_nKLKbin1,Alphaproteobacteria_bacterium_nKLKbin1,d__Bacteria;p__Pseudomonadota;c__Alphaproteobacteria;o__Rhodospirillales;f__WMHbin7;g__WMHbin7;s__WMHbin7 sp015232335,Scaffold,Illumina HiSeq,Mars_lake_analog
GCA_015232355.1,GCA_015232355.1_Oligoflexia_bacterium_nKLKbin12,96,5633167,32.16,134958,4547,20,"{'Ala', 'Lys', 'Thr', 'Val', 'Trp', 'Met', 'Gln', 'Leu', 'Asn', 'Glu', 'Pro', 'Ser', 'Cys', 'Arg', 'Asp', 'Gly', 'SeC', 'Phe', 'His', 'Tyr'}",1,1,0,0,90.62,0.89,94.55,100.0,3.2,83.1,0.8,True,GCA_015232355.1_Oligoflexia_bacterium_nKLKbin12,"China: Qinghai, Keluke Lake",37.283722 N 96.859816 E,37.283722,96.859816,Biosample/Paper,brackish,brackish,Yes,No,GCA_015232355.1_Oligoflexia_bacterium_nKLKbin12,Oligoflexia_bacterium_nKLKbin12,d__Bacteria;p__Bdellovibrionota;c__Bacteriovoracia;o__Bacteriovoracales;f__Bacteriovoracaceae;g__JADFZW01;s__JADFZW01 sp015232355,Scaffold,Illumina HiSeq,Mars_lake_analog
GCA_015232365.1,GCA_015232365.1_Magnetococcales_bacterium_nJSWbin3,103,2838496,44.6,45395,2396,11,"{'Ser', 'Arg', 'Val', 'Met', 'Asp', 'Gly', 'Leu', 'Glu', 'Lys', 'Thr', 'Pro'}",1,1,0,0,90.55,1.68,88.63,83.03,0.81,81.4,1.6,True,GCA_015232365.1_Magnetococcales_bacterium_nJSWbin3,"China: Jinshawan, Yingkou",40.223972 N 122.083844 E,40.223972,122.083844,Biosample/Paper,brackish,brackish,Yes,No,GCA_015232365.1_Magnetococcales_bacterium_nJSWbin3,Magnetococcales_bacterium_nJSWbin3,d__Bacteria;p__Pseudomonadota;c__Magnetococcia;o__Magnetococcales;f__UBA8363;g__GCA-2753565;s__GCA-2753565 sp015232365,Scaffold,Illumina HiSeq,Mars_lake_analog
GCA_015232395.1,GCA_015232395.1_Magnetococcales_bacterium_nJSWbin2,170,4942843,55.33,50362,4090,20,"{'Ala', 'Lys', 'Thr', 'Val', 'Trp', 'Ile', 'Met', 'Gln', 'Leu', 'Asn', 'Glu', 'Pro', 'Ser', 'Cys', 'Arg', 'Asp', 'Gly', 'Phe', 'His', 'Tyr'}",3,2,0,1,99.16,3.64,99.06,99.98,1.21,96.0,1.6,True,GCA_015232395.1_Magnetococcales_bacterium_nJSWbin2,"China: Jinshawan, Yingkou",40.223972 N 122.083844 E,40.223972,122.083844,Biosample/Paper,brackish,brackish,Yes,No,GCA_015232395.1_Magnetococcales_bacterium_nJSWbin2,Magnetococcales_bacterium_nJSWbin2,d__Bacteria;p__Pseudomonadota;c__Magnetococcia;o__Magnetococcales;f__JADFZT01;g__JADFZT01;s__JADFZT01 sp015232395,Scaffold,Illumina HiSeq,Mars_lake_analog
GCA_015232405.1,GCA_015232405.1_Magnetococcales_bacterium_nJSWbin1,335,5862517,42.2,33993,4797,14,"{'Ser', 'Arg', 'Val', 'Met', 'Asp', 'Gln', 'Leu', 'Asn', 'Pro', 'Ala', 'Glu', 'Lys', 'His', 'Ile'}",0,0,0,0,85.14,1.68,90.31,85.95,2.69,77.4,0.8,True,GCA_015232405.1_Magnetococcales_bacterium_nJSWbin1,"China: Jinshawan, Yingkou",40.223972 N 122.083844 E,40.223972,122.083844,Biosample/Paper,brackish,brackish,Yes,No,GCA_015232405.1_Magnetococcales_bacterium_nJSWbin1,Magnetococcales_bacterium_nJSWbin1,d__Bacteria;p__Pseudomonadota;c__Magnetococcia;o__Magnetococcales;f__UBA8363;g__GCA-2753565;s__GCA-2753565 sp015232405,Scaffold,Illumina HiSeq,Mars_lake_analog
GCA_015232435.1,GCA_015232435.1_Alphaproteobacteria_bacterium_nJC2bin54,694,3885447,67.6,6643,3805,17,"{'Ser', 'Cys', 'Arg', 'Met', 'Val', 'Asp', 'Gln', 'Leu', 'Asn', 'Gly', 'Trp', 'Pro', 'Ala', 'Glu', 'Lys', 'Thr', 'His'}",1,0,1,0,81.55,0.25,88.68,85.56,1.25,87.1,0.0,True,GCA_015232435.1_Alphaproteobacteria_bacterium_nJC2bin54,China: Innermogolia,41.686682 N 108.39418 E,41.686682,108.39418,Biosample/Paper,freshwater,freshwater,Yes,No,GCA_015232435.1_Alphaproteobacteria_bacterium_nJC2bin54,Alphaproteobacteria_bacterium_nJC2bin54,d__Bacteria;p__Pseudomonadota;c__Alphaproteobacteria;o__Rhodospirillales;f__Magnetospirillaceae;g__JADFZP01;s__JADFZP01 sp015232485,Scaffold,Illumina HiSeq,Mars_lake_analog
GCA_015232455.1,GCA_015232455.1_Desulfamplus_sp._nJC1bin9,82,4348730,35.99,138975,3539,21,"{'Ala', 'Lys', 'Thr', 'Val', 'Trp', 'Ile', 'Met', 'Gln', 'Leu', 'Asn', 'Glu', 'Pro', 'Ser', 'Cys', 'Arg', 'Asp', 'Gly', 'SeC', 'Phe', 'His', 'Tyr'}",10,3,3,4,99.68,1.61,98.47,99.62,0.74,91.9,0.0,True,GCA_015232455.1_Desulfamplus_sp._nJC1bin9,China: Innermogolia,41.687541 N 108.393862 E,41.687541,108.393862,Biosample/Paper,freshwater,freshwater,Yes,No,GCA_015232455.1_Desulfamplus_sp._nJC1bin9,Desulfamplus_sp._nJC1bin9,d__Bacteria;p__Desulfobacterota;c__Desulfobacteria;o__Desulfobacterales;f__Desulfobacteraceae;g__Desulfamplus;s__Desulfamplus sp015232455,Scaffold,Illumina HiSeq,Mars_lake_analog
GCA_015232465.1,GCA_015232465.1_Desulfamplus_sp._nHLHbin7,147,3017047,37.75,34217,2511,16,"{'Ser', 'Cys', 'Arg', 'Val', 'Met', 'Asp', 'Gln', 'Leu', 'Gly', 'Asn', 'Ala', 'Glu', 'Lys', 'Phe', 'Thr', 'Pro'}",0,0,0,0,95.67,1.29,85.86,85.09,0.53,72.6,0.0,True,GCA_015232465.1_Desulfamplus_sp._nHLHbin7,China: Innermogolia,49.06944 N 117.75694 E,49.06944,117.75694,Biosample/Paper,freshwater,freshwater,Yes,No,GCA_015232465.1_Desulfamplus_sp._nHLHbin7,Desulfamplus_sp._nHLHbin7,d__Bacteria;p__Desulfobacterota;c__Desulfobacteria;o__Desulfobacterales;f__Desulfobacteraceae;g__Desulfamplus;s__Desulfamplus sp015232465,Scaffold,Illumina HiSeq,Mars_lake_analog
GCA_015232485.1,GCA_015232485.1_Alphaproteobacteria_bacterium_nJC1bin3,698,3955622,67.27,6954,3821,16,"{'Ser', 'Cys', 'Arg', 'Val', 'Asp', 'Gly', 'Leu', 'Asn', 'Gln', 'Trp', 'Ala', 'His', 'Glu', 'Lys', 'Thr', 'Pro'}",0,0,0,0,84.69,0.5,89.89,84.65,0.44,88.7,0.0,True,GCA_015232485.1_Alphaproteobacteria_bacterium_nJC1bin3,China: Innermogolia,41.687541 N 108.393862 E,41.687541,108.393862,Biosample/Paper,freshwater,freshwater,Yes,No,GCA_015232485.1_Alphaproteobacteria_bacterium_nJC1bin3,Alphaproteobacteria_bacterium_nJC1bin3,d__Bacteria;p__Pseudomonadota;c__Alphaproteobacteria;o__Rhodospirillales;f__Magnetospirillaceae;g__JADFZP01;s__JADFZP01 sp015232485,Scaffold,Illumina HiSeq,Mars_lake_analog
GCA_015232515.1,GCA_015232515.1_Desulfobacterales_bacterium_nHLHbin5,421,4582957,32.52,15842,3833,17,"{'Ser', 'Cys', 'Arg', 'Val', 'Met', 'Asp', 'Gly', 'Leu', 'Asn', 'Gln', 'SeC', 'Glu', 'Ala', 'Lys', 'Phe', 'Thr', 'Pro'}",2,1,0,1,82.29,0.81,82.71,80.32,1.3,83.1,0.0,True,GCA_015232515.1_Desulfobacterales_bacterium_nHLHbin5,China: Innermogolia,49.06944 N 117.75694 E,49.06944,117.75694,Biosample/Paper,freshwater,freshwater,Yes,No,GCA_015232515.1_Desulfobacterales_bacterium_nHLHbin5,Desulfobacterales_bacterium_nHLHbin5,d__Bacteria;p__Desulfobacterota;c__Desulfobacteria;o__Desulfobacterales;f__YD0425bin51;g__YD0425bin51;s__YD0425bin51 sp002753225,Scaffold,Illumina HiSeq,Mars_lake_analog
GCA_015232535.1,GCA_015232535.1_Candidatus_Omnitrophica_bacterium_nHLHbin2,210,2207473,42.78,15244,1913,17,"{'Ser', 'Arg', 'Met', 'Val', 'Asp', 'Gly', 'Leu', 'Gln', 'Trp', 'Pro', 'Ala', 'Phe', 'Glu', 'Lys', 'Thr', 'His', 'Tyr'}",1,0,1,0,73.59,2.21,82.85,83.04,0.47,73.4,0.0,True,GCA_015232535.1_Candidatus_Omnitrophica_bacterium_nHLHbin2,China: Innermogolia,49.06944 N 117.75694 E,49.06944,117.75694,Biosample/Paper,freshwater,freshwater,Yes,No,GCA_015232535.1_Candidatus_Omnitrophica_bacterium_nHLHbin2,Candidatus_Omnitrophota_bacterium_nHLHbin2,d__Bacteria;p__Omnitrophota;c__Koll11;o__Zapsychrales;f__Zapsychraceae;g__JADFZM01;s__JADFZM01 sp015232535,Scaffold,Illumina HiSeq,Mars_lake_analog
GCA_015232555.1,GCA_015232555.1_Desulfamplus_sp._nHGRbin17,106,3818984,37.82,58122,3051,19,"{'Ala', 'Lys', 'Thr', 'Val', 'Trp', 'Met', 'Gln', 'Leu', 'Asn', 'Glu', 'Pro', 'Ser', 'Cys', 'Arg', 'Asp', 'Gly', 'SeC', 'Phe', 'His'}",2,1,0,1,95.65,1.97,96.34,89.58,0.63,91.9,0.0,True,GCA_015232555.1_Desulfamplus_sp._nHGRbin17,China: Innermogolia,41.573047 N 108.313566 E,41.573047,108.313566,Biosample/Paper,freshwater,freshwater,Yes,No,GCA_015232555.1_Desulfamplus_sp._nHGRbin17,Desulfamplus_sp._nHGRbin17,d__Bacteria;p__Desulfobacterota;c__Desulfobacteria;o__Desulfobacterales;f__Desulfobacteraceae;g__Desulfamplus;s__Desulfamplus sp015232555,Scaffold,Illumina HiSeq,Mars_lake_analog
GCA_015232565.1,GCA_015232565.1_Candidatus_Omnitrophica_bacterium_nHGRbin18,80,2643610,51.11,53313,2283,21,"{'Ala', 'Lys', 'Thr', 'Val', 'Trp', 'Ile', 'Met', 'Gln', 'Leu', 'Asn', 'Glu', 'Pro', 'Ser', 'Cys', 'Arg', 'Asp', 'Gly', 'SeC', 'Phe', 'His', 'Tyr'}",4,1,1,2,88.29,2.15,93.86,96.03,0.19,87.9,0.0,True,GCA_015232565.1_Candidatus_Omnitrophica_bacterium_nHGRbin18,China: Innermogolia,41.573047 N 108.313566 E,41.573047,108.313566,Biosample/Paper,freshwater,freshwater,Yes,No,GCA_015232565.1_Candidatus_Omnitrophica_bacterium_nHGRbin18,Candidatus_Omnitrophota_bacterium_nHGRbin18,d__Bacteria;p__Omnitrophota;c__Koll11;o__Zapsychrales;f__Fredricksoniimonadaceae;g__GCA-2753745;s__GCA-2753745 sp015232565,Scaffold,Illumina HiSeq,Mars_lake_analog
GCA_015232575.1,GCA_015232575.1_Candidatus_Riflebacteria_bacterium_nHGRbin4,54,7047312,40.28,283247,5436,20,"{'Ala', 'Lys', 'Thr', 'Val', 'Trp', 'Met', 'Gln', 'Leu', 'Asn', 'Glu', 'Pro', 'Ser', 'Cys', 'Arg', 'Asp', 'Gly', 'SeC', 'Phe', 'His', 'Tyr'}",4,2,1,1,96.0,0.0,94.23,99.93,5.07,90.3,0.8,True,GCA_015232575.1_Candidatus_Riflebacteria_bacterium_nHGRbin4,China: Innermogolia,41.573047 N 108.313566 E,41.573047,108.313566,Biosample/Paper,freshwater,freshwater,Yes,No,GCA_015232575.1_Candidatus_Riflebacteria_bacterium_nHGRbin4,Candidatus_Riflebacteria_bacterium_nHGRbin4,d__Bacteria;p__Riflebacteria;c__Ozemobacteria;o__Ozemobacterales;f__Ozemobacteraceae;g__JADFXM01;s__JADFXM01 sp015232575,Scaffold,Illumina HiSeq,Mars_lake_analog
GCA_015232615.1,GCA_015232615.1_Nitrospirota_bacterium_nHCHbin2,99,3701936,45.24,57400,3432,19,"{'Ala', 'Lys', 'Thr', 'Val', 'Trp', 'Ile', 'Met', 'Gln', 'Leu', 'Glu', 'Pro', 'Ser', 'Cys', 'Arg', 'Asp', 'Gly', 'Phe', 'His', 'Tyr'}",2,0,1,1,98.18,0.91,100.0,100.0,0.57,94.3,0.8,True,GCA_015232615.1_Nitrospirota_bacterium_nHCHbin2,China: Xian city moat,34.25287 N 108.92187 E,34.25287,108.92187,Biosample/Paper,freshwater,freshwater,Yes,No,GCA_015232615.1_Nitrospirota_bacterium_nHCHbin2,Nitrospirota_bacterium_nHCHbin2,d__Bacteria;p__Nitrospirota;c__Thermodesulfovibrionia;o__Thermodesulfovibrionales;f__Magnetobacteriaceae;g__Magnetominusculus;s__Magnetominusculus xianensis,Scaffold,Illumina HiSeq,Mars_lake_analog
GCA_015232635.1,GCA_015232635.1_Magnetococcales_bacterium_nHCHbin1,295,3805225,56.77,22140,3233,19,"{'Ala', 'Lys', 'Thr', 'Val', 'Trp', 'Ile', 'Met', 'Gln', 'Leu', 'Asn', 'Glu', 'Pro', 'Ser', 'Cys', 'Arg', 'Gly', 'Phe', 'His', 'Tyr'}",2,1,0,1,94.79,2.1,95.35,88.99,0.96,93.5,0.8,True,GCA_015232635.1_Magnetococcales_bacterium_nHCHbin1,China: Xian city moat,34.25287 N 108.92187 E,34.25287,108.92187,Biosample/Paper,freshwater,freshwater,Yes,No,GCA_015232635.1_Magnetococcales_bacterium_nHCHbin1,Magnetococcales_bacterium_nHCHbin1,d__Bacteria;p__Pseudomonadota;c__Magnetococcia;o__Magnetococcales;f__Magnetaquicoccaceae;g__HCHbin5;s__HCHbin5 sp002753505,Scaffold,Illumina HiSeq,Mars_lake_analog
GCA_015232645.1,GCA_015232645.1_Magnetococcales_bacterium_nHA5abin3,426,3385412,54.67,12490,2985,10,"{'Ser', 'Arg', 'Val', 'Asp', 'Gln', 'Leu', 'Phe', 'Lys', 'Thr', 'Pro'}",1,1,0,0,70.28,1.68,74.14,71.52,0.76,65.3,0.0,True,GCA_015232645.1_Magnetococcales_bacterium_nHA5abin3,China: Hongan,31.290556 N 114.913333 E,31.290556,114.913333,Biosample/Paper,freshwater,freshwater,Yes,No,GCA_015232645.1_Magnetococcales_bacterium_nHA5abin3,Magnetococcales_bacterium_nHA5abin3,d__Bacteria;p__Pseudomonadota;c__Magnetococcia;o__Magnetococcales;f__UBA8363;g__UBA8363;s__UBA8363 sp015232645,Scaffold,Illumina HiSeq,Mars_lake_analog
GCA_015232675.1,GCA_015232675.1_Magnetococcales_bacterium_nHAa3bin1,97,3004780,53.21,84180,2604,19,"{'Ala', 'Thr', 'Val', 'Trp', 'Ile', 'Met', 'Gln', 'Leu', 'Asn', 'Glu', 'Pro', 'Ser', 'Cys', 'Arg', 'Asp', 'Gly', 'Phe', 'His', 'Tyr'}",6,2,2,2,81.86,1.68,79.25,76.7,0.68,81.4,3.2,True,GCA_015232675.1_Magnetococcales_bacterium_nHAa3bin1,China: Hongan,31.174289 N 114.543941 E,31.174289,114.543941,Biosample/Paper,freshwater,freshwater,Yes,No,GCA_015232675.1_Magnetococcales_bacterium_nHAa3bin1,Magnetococcales_bacterium_nHAa3bin1,d__Bacteria;p__Pseudomonadota;c__Magnetococcia;o__Magnetococcales;f__UBA8363;g__UBA8363;s__UBA8363 sp002753515,Scaffold,Illumina HiSeq,Mars_lake_analog
GCA_015232685.1,GCA_015232685.1_Magnetococcales_bacterium_nHA5abin2,229,3237156,52.36,25023,2912,17,"{'Ser', 'Cys', 'Arg', 'Met', 'Val', 'Gly', 'Leu', 'Gln', 'Trp', 'Glu', 'Ala', 'Lys', 'His', 'Thr', 'Pro', 'Tyr', 'Ile'}",1,1,0,0,84.03,4.62,83.17,78.82,0.75,81.4,2.4,True,GCA_015232685.1_Magnetococcales_bacterium_nHA5abin2,China: Hongan,31.290556 N 114.913333 E,31.290556,114.913333,Biosample/Paper,freshwater,freshwater,Yes,No,GCA_015232685.1_Magnetococcales_bacterium_nHA5abin2,Magnetococcales_bacterium_nHA5abin2,d__Bacteria;p__Pseudomonadota;c__Magnetococcia;o__Magnetococcales;f__UBA8363;g__UBA8363;s__UBA8363 sp015228975,Scaffold,Illumina HiSeq,Mars_lake_analog
GCA_015232755.1,GCA_015232755.1_Magnetococcales_bacterium_nHA3dbin2,358,3545338,61.56,17432,3142,19,"{'Ala', 'Lys', 'Thr', 'Val', 'Trp', 'Ile', 'Met', 'Gln', 'Leu', 'Asn', 'Glu', 'Pro', 'Ser', 'Cys', 'Arg', 'Gly', 'Phe', 'His', 'Tyr'}",2,2,0,0,86.97,3.78,91.54,88.41,3.96,87.1,0.8,True,GCA_015232755.1_Magnetococcales_bacterium_nHA3dbin2,China: Hongan,31.173819 N 114.547642 E,31.173819,114.547642,Biosample/Paper,freshwater,freshwater,Yes,No,GCA_015232755.1_Magnetococcales_bacterium_nHA3dbin2,Magnetococcales_bacterium_nHA3dbin2,d__Bacteria;p__Pseudomonadota;c__Magnetococcia;o__Magnetococcales;f__DC0425bin3;g__HA3dbin3;s__HA3dbin3 sp002753495,Scaffold,Illumina HiSeq,Mars_lake_analog
GCA_015232815.1,GCA_015232815.1_Magnetococcales_bacterium_nHA3dbin1,203,4465439,52.89,43128,3904,19,"{'Ala', 'Lys', 'Thr', 'Val', 'Trp', 'Ile', 'Met', 'Gln', 'Leu', 'Glu', 'Pro', 'Ser', 'Cys', 'Arg', 'Asp', 'Gly', 'Phe', 'His', 'Tyr'}",3,1,1,1,96.57,2.94,98.77,100.0,1.12,94.3,4.0,True,GCA_015232815.1_Magnetococcales_bacterium_nHA3dbin1,China: Hongan,31.173819 N 114.547642 E,31.173819,114.547642,Biosample/Paper,freshwater,freshwater,Yes,No,GCA_015232815.1_Magnetococcales_bacterium_nHA3dbin1,Magnetococcales_bacterium_nHA3dbin1,d__Bacteria;p__Pseudomonadota;c__Magnetococcia;o__Magnetococcales;f__UBA8363;g__UBA8363;s__UBA8363 sp002753515,Scaffold,Illumina HiSeq,Mars_lake_analog
GCA_015232825.1,GCA_015232825.1_Magnetococcales_bacterium_nHA1bin2,270,3028638,50.29,17143,2727,17,"{'Ser', 'Arg', 'Met', 'Val', 'Asp', 'Gly', 'Leu', 'Asn', 'Gln', 'Ala', 'Glu', 'His', 'Lys', 'Phe', 'Thr', 'Pro', 'Ile'}",1,1,0,0,76.53,3.36,77.49,73.03,0.9,67.7,0.8,True,GCA_015232825.1_Magnetococcales_bacterium_nHA1bin2,China: Hongan,31.295 N 114.916944 E,31.295,114.916944,Biosample/Paper,freshwater,freshwater,Yes,No,GCA_015232825.1_Magnetococcales_bacterium_nHA1bin2,Magnetococcales_bacterium_nHA1bin2,d__Bacteria;p__Pseudomonadota;c__Magnetococcia;o__Magnetococcales;f__Magnetaquicoccaceae;g__JAANAU01;s__JAANAU01 sp015232825,Scaffold,Illumina HiSeq,Mars_lake_analog
GCA_015232855.1,GCA_015232855.1_Fibrobacteria_bacterium_nGRbin1,350,5376203,40.73,27450,4035,18,"{'Ser', 'Cys', 'Arg', 'Met', 'Val', 'Asp', 'Gly', 'Gln', 'Asn', 'Leu', 'Trp', 'Glu', 'Phe', 'His', 'Ala', 'Thr', 'Pro', 'Tyr'}",3,1,1,1,88.69,1.1,79.91,84.46,1.76,62.9,0.8,True,GCA_015232855.1_Fibrobacteria_bacterium_nGRbin1,Australia: Gellibrand River,38.69715 S 143.15477 E,-38.69715,143.15477,Biosample/Paper,brackish,brackish,Yes,No,GCA_015232855.1_Fibrobacteria_bacterium_nGRbin1,Fibrobacteria_bacterium_nGRbin1,d__Bacteria;p__Fibrobacterota;c__Fibrobacteria;o__UBA11236;f__JADFYW01;g__JADFYW01;s__JADFYW01 sp015232855,Scaffold,Illumina HiSeq,Mars_lake_analog
GCA_015232875.1,GCA_015232875.1_Candidatus_Magnetomorum_sp._nER2bin1,393,6162735,38.94,22709,4014,17,"{'Ser', 'Cys', 'Arg', 'Met', 'Val', 'Asp', 'Gly', 'Leu', 'SeC', 'Gln', 'Trp', 'Ala', 'Glu', 'Lys', 'His', 'Thr', 'Pro'}",1,1,0,0,93.82,0.0,93.86,96.13,1.03,90.3,0.0,True,GCA_015232875.1_Candidatus_Magnetomorum_sp._nER2bin1,Australia: Erskine River,38.5359 S 143.97478 E,-38.5359,143.97478,Biosample/Paper,brackish,brackish,Yes,No,GCA_015232875.1_Candidatus_Magnetomorum_sp._nER2bin1,Candidatus_Magnetomorum_sp._nER2bin1,d__Bacteria;p__Desulfobacterota;c__Desulfobacteria;o__Desulfobacterales;f__Magnetomoraceae;g__Magnetomorum;s__Magnetomorum sp002753725,Scaffold,Illumina HiSeq,Mars_lake_analog
GCA_015232915.1,GCA_015232915.1_Magnetococcales_bacterium_nER1bin1,47,3664887,52.32,113822,3150,18,"{'Ser', 'Arg', 'Met', 'Val', 'Asp', 'Gly', 'Leu', 'Asn', 'Gln', 'Trp', 'Pro', 'Glu', 'Ala', 'Lys', 'Phe', 'Thr', 'His', 'Ile'}",3,2,0,1,99.11,1.68,99.28,99.51,1.29,98.4,0.8,True,GCA_015232915.1_Magnetococcales_bacterium_nER1bin1,Australia: Erskine River,38.5338 S 143.97832 E,-38.5338,143.97832,Biosample/Paper,brackish,brackish,Yes,No,GCA_015232915.1_Magnetococcales_bacterium_nER1bin1,Magnetococcales_bacterium_nER1bin1,d__Bacteria;p__Pseudomonadota;c__Magnetococcia;o__Magnetococcales;f__UBA8363;g__GCA-2753565;s__GCA-2753565 sp002753565,Scaffold,Illumina HiSeq,Mars_lake_analog
GCA_015232955.1,GCA_015232955.1_Gammaproteobacteria_bacterium_nER1bin10,485,2595233,54.7,6203,2369,16,"{'Ser', 'Arg', 'Met', 'Val', 'Asp', 'Gly', 'Leu', 'Gln', 'Trp', 'Pro', 'Glu', 'Ala', 'Phe', 'Thr', 'His', 'Tyr'}",0,0,0,0,68.81,0.62,72.39,76.52,0.53,62.1,0.0,True,GCA_015232955.1_Gammaproteobacteria_bacterium_nER1bin10,Australia: Erskine River,38.5338 S 143.97832 E,-38.5338,143.97832,Biosample/Paper,brackish,brackish,Yes,No,GCA_015232955.1_Gammaproteobacteria_bacterium_nER1bin10,Gammaproteobacteria_bacterium_nER1bin10,d__Bacteria;p__Pseudomonadota;c__Gammaproteobacteria;o__BW-2;f__BW-2;g__JADFYS01;s__JADFYS01 sp015232955,Contig,Illumina HiSeq,Mars_lake_analog
GCA_015232995.1,GCA_015232995.1_Nitrospirota_bacterium_nDJH8bin8,111,4187783,41.49,60346,3834,20,"{'Ala', 'Lys', 'Thr', 'Val', 'Trp', 'Met', 'Gln', 'Leu', 'Asn', 'Glu', 'Pro', 'Ser', 'Cys', 'Arg', 'Asp', 'Gly', 'SeC', 'Phe', 'His', 'Tyr'}",4,2,1,1,98.58,0.91,99.06,99.98,1.3,95.2,0.0,True,GCA_015232995.1_Nitrospirota_bacterium_nDJH8bin8,China: Dajiu Lake,31.48944 N 109.99638 E,31.48944,109.99638,Biosample/Paper,bog/peatland (acidic),Acidic Peatland,Yes,No,GCA_015232995.1_Nitrospirota_bacterium_nDJH8bin8,Nitrospirota_bacterium_nDJH8bin8,d__Bacteria;p__Nitrospirota;c__Thermodesulfovibrionia;o__Thermodesulfovibrionales;f__Magnetobacteriaceae;g__JADFXG01;s__JADFXG01 sp015233895,Scaffold,Illumina HiSeq,Mars_acidic_analog
GCA_015233015.1,GCA_015233015.1_Nitrospirota_bacterium_nDJH8bin6,149,3781477,46.6,45032,3507,20,"{'Ala', 'Lys', 'Thr', 'Val', 'Trp', 'Met', 'Gln', 'Leu', 'Asn', 'Glu', 'Pro', 'Ser', 'Cys', 'Arg', 'Asp', 'Gly', 'SeC', 'Phe', 'His', 'Tyr'}",2,1,1,0,98.03,0.91,99.23,99.97,0.34,93.5,0.8,True,GCA_015233015.1_Nitrospirota_bacterium_nDJH8bin6,China: Dajiu Lake,31.48944 N 109.99638 E,31.48944,109.99638,Biosample/Paper,bog/peatland (acidic),Acidic Peatland,Yes,No,GCA_015233015.1_Nitrospirota_bacterium_nDJH8bin6,Nitrospirota_bacterium_nDJH8bin6,d__Bacteria;p__Nitrospirota;c__Thermodesulfovibrionia;o__Thermodesulfovibrionales;f__Magnetobacteriaceae;g__Magnetominusculus;s__Magnetominusculus sp015233015,Scaffold,Illumina HiSeq,Mars_acidic_analog
GCA_015233035.1,GCA_015233035.1_Magnetococcales_bacterium_nDJH8bin2,434,4525783,57.45,14666,3875,20,"{'Ala', 'Lys', 'Thr', 'Val', 'Trp', 'Ile', 'Met', 'Gln', 'Leu', 'Asn', 'Glu', 'Pro', 'Ser', 'Cys', 'Arg', 'Asp', 'Gly', 'Phe', 'His', 'Tyr'}",2,2,0,0,98.99,3.99,96.76,96.5,2.61,96.0,0.0,True,GCA_015233035.1_Magnetococcales_bacterium_nDJH8bin2,China: Dajiu Lake,31.48944 N 109.99638 E,31.48944,109.99638,Biosample/Paper,bog/peatland (acidic),Acidic Peatland,Yes,No,GCA_015233035.1_Magnetococcales_bacterium_nDJH8bin2,Magnetococcales_bacterium_nDJH8bin2,d__Bacteria;p__Pseudomonadota;c__Magnetococcia;o__Magnetococcales;f__Magnetaquicoccaceae;g__HCHbin5;s__HCHbin5 sp015233035,Scaffold,Illumina HiSeq,Mars_acidic_analog
GCA_015233055.1,GCA_015233055.1_Deltaproteobacteria_bacterium_nDJH8bin5,527,4054746,51.56,10433,3628,18,"{'Ser', 'Cys', 'Arg', 'Val', 'Met', 'Asp', 'Gly', 'Leu', 'SeC', 'Asn', 'Gln', 'Trp', 'His', 'Glu', 'Lys', 'Ala', 'Phe', 'Pro'}",1,1,0,0,81.25,0.65,79.65,75.87,3.09,75.0,0.8,True,GCA_015233055.1_Deltaproteobacteria_bacterium_nDJH8bin5,China: Dajiu Lake,31.48944 N 109.99638 E,31.48944,109.99638,Biosample/Paper,bog/peatland (acidic),Acidic Peatland,Yes,No,GCA_015233055.1_Deltaproteobacteria_bacterium_nDJH8bin5,Deltaproteobacteria_bacterium_nDJH8bin5,d__Bacteria;p__Desulfobacterota;c__JADFXK01;o__JADFXK01;f__JADFXK01;g__JADFXK01;s__JADFXK01 sp015233055,Scaffold,Illumina HiSeq,Mars_acidic_analog
GCA_015233065.1,GCA_015233065.1_Desulfovibrionaceae_bacterium_nDJH8bin10,255,3285386,62.71,21540,2960,19,"{'Ala', 'Lys', 'Thr', 'Val', 'Trp', 'Met', 'Gln', 'Leu', 'Asn', 'Glu', 'Pro', 'Ser', 'Cys', 'Arg', 'Asp', 'Gly', 'SeC', 'Phe', 'His'}",0,0,0,0,95.77,0.0,96.53,93.67,0.07,90.3,0.0,True,GCA_015233065.1_Desulfovibrionaceae_bacterium_nDJH8bin10,China: Dajiu Lake,31.48944 N 109.99638 E,31.48944,109.99638,Biosample/Paper,bog/peatland (acidic),Acidic Peatland,Yes,No,GCA_015233065.1_Desulfovibrionaceae_bacterium_nDJH8bin10,Desulfovibrionaceae_bacterium_nDJH8bin10,d__Bacteria;p__Desulfobacterota;c__Desulfovibrionia;o__Desulfovibrionales;f__Desulfovibrionaceae;g__JADFXV01;s__JADFXV01 sp015233395,Scaffold,Illumina HiSeq,Mars_acidic_analog
GCA_015233115.1,GCA_015233115.1_Candidatus_Omnitrophica_bacterium_nDJH6bin5,37,2393593,40.68,108715,2188,18,"{'Ser', 'Arg', 'Val', 'Met', 'Asp', 'Gln', 'Leu', 'Asn', 'Gly', 'Trp', 'His', 'Glu', 'Lys', 'Phe', 'Ala', 'Thr', 'Pro', 'Tyr'}",2,1,0,1,82.8,3.23,91.43,90.95,0.26,79.8,0.8,True,GCA_015233115.1_Candidatus_Omnitrophica_bacterium_nDJH6bin5,China: Dajiu Lake,31.49055 N 109.99611 E,31.49055,109.99611,Biosample/Paper,bog/peatland (acidic),Acidic Peatland,Yes,No,GCA_015233115.1_Candidatus_Omnitrophica_bacterium_nDJH6bin5,Candidatus_Omnitrophota_bacterium_nDJH6bin5,d__Bacteria;p__Omnitrophota;c__Koll11;o__Zapsychrales;f__Zapsychraceae;g__JADFYE01;s__JADFYE01 sp015233115,Scaffold,Illumina HiSeq,Mars_acidic_analog
GCA_015233135.1,GCA_015233135.1_Deltaproteobacteria_bacterium_nDJH6bin20,64,2614640,45.14,63680,2349,19,"{'Ala', 'Lys', 'Thr', 'Val', 'Trp', 'Ile', 'Met', 'Gln', 'Leu', 'Glu', 'Pro', 'Ser', 'Cys', 'Arg', 'Asp', 'Gly', 'Phe', 'His', 'Tyr'}",5,1,2,2,94.84,0.83,98.33,100.0,0.08,97.6,0.0,True,GCA_015233135.1_Deltaproteobacteria_bacterium_nDJH6bin20,China: Dajiu Lake,31.49055 N 109.99611 E,31.49055,109.99611,Biosample/Paper,bog/peatland (acidic),Acidic Peatland,Yes,No,GCA_015233135.1_Deltaproteobacteria_bacterium_nDJH6bin20,Deltaproteobacteria_bacterium_nDJH6bin20,d__Bacteria;p__UBA10199;c__UBA10199;o__DSSB01;f__JADFYH01;g__JADFYH01;s__JADFYH01 sp015233135,Scaffold,Illumina HiSeq,Mars_acidic_analog
GCA_015233155.1,GCA_015233155.1_Candidatus_Riflebacteria_bacterium_nDJH6bin19,185,6314079,49.32,78585,5060,18,"{'Cys', 'Arg', 'Val', 'Met', 'Asp', 'Gly', 'Leu', 'Gln', 'Asn', 'Trp', 'Glu', 'Phe', 'Ala', 'His', 'Lys', 'Thr', 'Pro', 'Tyr'}",2,2,0,0,77.53,1.69,83.93,86.87,2.56,76.6,1.6,True,GCA_015233155.1_Candidatus_Riflebacteria_bacterium_nDJH6bin19,China: Dajiu Lake,31.49055 N 109.99611 E,31.49055,109.99611,Biosample/Paper,bog/peatland (acidic),Acidic Peatland,Yes,No,GCA_015233155.1_Candidatus_Riflebacteria_bacterium_nDJH6bin19,Candidatus_Riflebacteria_bacterium_nDJH6bin19,d__Bacteria;p__Riflebacteria;c__Ozemobacteria;o__Ozemobacterales;f__Ozemobacteraceae;g__JADFYG01;s__JADFYG01 sp015233155,Scaffold,Illumina HiSeq,Mars_acidic_analog
GCA_015233165.1,GCA_015233165.1_Candidatus_Omnitrophica_bacterium_nDJH6bin18,187,2287963,41.64,23939,2052,16,"{'Ser', 'Cys', 'Arg', 'Met', 'Val', 'Gly', 'Gln', 'Asn', 'Leu', 'Trp', 'Ala', 'Phe', 'Lys', 'Thr', 'Pro', 'Tyr'}",2,1,0,1,76.15,3.23,78.13,84.09,3.87,72.6,0.8,True,GCA_015233165.1_Candidatus_Omnitrophica_bacterium_nDJH6bin18,China: Dajiu Lake,31.49055 N 109.99611 E,31.49055,109.99611,Biosample/Paper,bog/peatland (acidic),Acidic Peatland,Yes,No,GCA_015233165.1_Candidatus_Omnitrophica_bacterium_nDJH6bin18,Candidatus_Omnitrophota_bacterium_nDJH6bin18,d__Bacteria;p__Omnitrophota;c__Koll11;o__Zapsychrales;f__Fredricksoniimonadaceae;g__JACQCF01;s__JACQCF01 sp015233165,Scaffold,Illumina HiSeq,Mars_acidic_analog
GCA_015233195.1,GCA_015233195.1_Candidatus_Omnitrophica_bacterium_nDJH6bin14,50,1979993,37.49,86148,1793,16,"{'Ser', 'Arg', 'Met', 'Val', 'Asp', 'Gly', 'Leu', 'Gln', 'His', 'Glu', 'Lys', 'Ala', 'Phe', 'Thr', 'Pro', 'Tyr'}",1,1,0,0,66.9,1.72,77.56,83.76,0.42,52.4,0.0,True,GCA_015233195.1_Candidatus_Omnitrophica_bacterium_nDJH6bin14,China: Dajiu Lake,31.49055 N 109.99611 E,31.49055,109.99611,Biosample/Paper,bog/peatland (acidic),Acidic Peatland,Yes,No,GCA_015233195.1_Candidatus_Omnitrophica_bacterium_nDJH6bin14,Candidatus_Omnitrophota_bacterium_nDJH6bin14,d__Bacteria;p__Omnitrophota;c__Koll11;o__Zapsychrales;f__Zapsychraceae;g__JADFYE01;s__JADFYE01 sp015233195,Scaffold,Illumina HiSeq,Mars_acidic_analog
GCA_015233235.1,GCA_015233235.1_Candidatus_Omnitrophica_bacterium_nDJH6bin13,175,1591307,47.17,11632,1421,14,"{'Ser', 'Cys', 'Arg', 'Val', 'Met', 'Asp', 'Gly', 'Leu', 'Gln', 'Glu', 'Ala', 'His', 'Lys', 'Pro'}",0,0,0,0,73.12,0.1,77.94,75.83,0.18,74.2,0.0,True,GCA_015233235.1_Candidatus_Omnitrophica_bacterium_nDJH6bin13,China: Dajiu Lake,31.49055 N 109.99611 E,31.49055,109.99611,Biosample/Paper,bog/peatland (acidic),Acidic Peatland,Yes,No,GCA_015233235.1_Candidatus_Omnitrophica_bacterium_nDJH6bin13,Candidatus_Omnitrophota_bacterium_nDJH6bin13,d__Bacteria;p__Omnitrophota;c__Koll11;o__Tantalellales;f__Tantalellaceae;g__JADFYD01;s__JADFYD01 sp015233235,Scaffold,Illumina HiSeq,Mars_acidic_analog
GCA_015233245.1,GCA_015233245.1_Nitrospirota_bacterium_nDJH6bin1,318,3469571,41.13,17243,3183,17,"{'Ser', 'Arg', 'Met', 'Val', 'Gln', 'Leu', 'Gly', 'SeC', 'Asn', 'Trp', 'Pro', 'Ala', 'Phe', 'Lys', 'Glu', 'Thr', 'His'}",1,1,0,0,95.17,1.97,93.35,93.13,1.43,84.7,0.8,True,GCA_015233245.1_Nitrospirota_bacterium_nDJH6bin1,China: Dajiu Lake,31.49055 N 109.99611 E,31.49055,109.99611,Biosample/Paper,bog/peatland (acidic),Acidic Peatland,Yes,No,GCA_015233245.1_Nitrospirota_bacterium_nDJH6bin1,Nitrospirota_bacterium_nDJH6bin1,d__Bacteria;p__Nitrospirota;c__Thermodesulfovibrionia;o__Thermodesulfovibrionales;f__Magnetobacteriaceae;g__JADFXG01;s__JADFXG01 sp015233245,Scaffold,Illumina HiSeq,Mars_acidic_analog
GCA_015233265.1,GCA_015233265.1_Nitrospirota_bacterium_nDJH5bin4,344,2541747,47.41,11135,2556,11,"{'Ser', 'Arg', 'Val', 'Met', 'Gln', 'Leu', 'Ala', 'Glu', 'Lys', 'Thr', 'Pro'}",0,0,0,0,69.64,0.0,75.66,70.48,1.19,66.1,0.0,True,GCA_015233265.1_Nitrospirota_bacterium_nDJH5bin4,China: Dajiu Lake,31.490422 N 109.995886 E,31.490422,109.995886,Biosample/Paper,bog/peatland (acidic),Acidic Peatland,Yes,No,GCA_015233265.1_Nitrospirota_bacterium_nDJH5bin4,Nitrospirota_bacterium_nDJH5bin4,d__Bacteria;p__Nitrospirota;c__Thermodesulfovibrionia;o__Thermodesulfovibrionales;f__Magnetobacteriaceae;g__Magnetominusculus;s__Magnetominusculus sp015233265,Scaffold,Illumina HiSeq,Mars_acidic_analog
GCA_015233335.1,GCA_015233335.1_Candidatus_Omnitrophica_bacterium_nDJH2bin18,38,1845990,44.09,102146,1747,15,"{'Ser', 'Arg', 'Met', 'Val', 'Asp', 'Gly', 'Gln', 'Leu', 'Trp', 'His', 'Ala', 'Lys', 'Thr', 'Pro', 'Tyr'}",1,1,0,0,62.54,1.08,64.71,73.16,2.59,71.0,0.8,True,GCA_015233335.1_Candidatus_Omnitrophica_bacterium_nDJH2bin18,China: Dajiu Lake,31.49194 N 109.99472 E,31.49194,109.99472,Biosample/Paper,bog/peatland (acidic),Acidic Peatland,Yes,No,GCA_015233335.1_Candidatus_Omnitrophica_bacterium_nDJH2bin18,Candidatus_Omnitrophota_bacterium_nDJH2bin18,d__Bacteria;p__Omnitrophota;c__Koll11;o__Zapsychrales;f__Fredricksoniimonadaceae;g__JABDGZ01;s__JABDGZ01 sp015233335,Scaffold,Illumina HiSeq,Mars_acidic_analog
GCA_015233355.1,GCA_015233355.1_Deltaproteobacteria_bacterium_nDJH2bin9,633,4762695,51.72,10360,4158,17,"{'Ser', 'Cys', 'Arg', 'Val', 'Met', 'Asp', 'Gly', 'SeC', 'Leu', 'Gln', 'Asn', 'Trp', 'Ala', 'Glu', 'Lys', 'Phe', 'Pro'}",0,0,0,0,72.63,1.06,61.97,79.55,1.7,50.8,0.0,True,GCA_015233355.1_Deltaproteobacteria_bacterium_nDJH2bin9,China: Dajiu Lake,31.49194 N 109.99472 E,31.49194,109.99472,Biosample/Paper,bog/peatland (acidic),Acidic Peatland,Yes,No,GCA_015233355.1_Deltaproteobacteria_bacterium_nDJH2bin9,Deltaproteobacteria_bacterium_nDJH2bin9,d__Bacteria;p__Desulfobacterota;c__JADFXK01;o__JADFXK01;f__JADFXK01;g__JADFXK01;s__JADFXK01 sp015233285,Scaffold,Illumina HiSeq,Mars_acidic_analog
GCA_015233365.1,GCA_015233365.1_Nitrospirota_bacterium_nDJH15bin8,62,2181452,48.65,52271,2123,14,"{'Ser', 'Cys', 'Arg', 'Val', 'Met', 'Asp', 'Gly', 'Leu', 'Gln', 'Trp', 'Ala', 'Phe', 'Glu', 'Pro'}",1,1,0,0,64.82,1.82,81.17,72.19,0.46,51.6,0.0,True,GCA_015233365.1_Nitrospirota_bacterium_nDJH15bin8,China: Dajiu Lake,31.485181 N 110.001483 E,31.485181,110.001483,Biosample/Paper,bog/peatland (acidic),Acidic Peatland,Yes,No,GCA_015233365.1_Nitrospirota_bacterium_nDJH15bin8,Nitrospirota_bacterium_nDJH15bin8,d__Bacteria;p__Nitrospirota;c__Thermodesulfovibrionia;o__Thermodesulfovibrionales;f__Dissulfurispiraceae;g__JADFXI01;s__JADFXI01 sp015233365,Scaffold,Illumina HiSeq,Mars_acidic_analog
GCA_015233395.1,GCA_015233395.1_Desulfovibrionaceae_bacterium_nDJH2bin10,158,3372092,62.81,36054,2992,21,"{'Ala', 'Lys', 'Thr', 'Val', 'Trp', 'Ile', 'Met', 'Gln', 'Leu', 'Asn', 'Glu', 'Pro', 'Ser', 'Cys', 'Arg', 'Asp', 'Gly', 'SeC', 'Phe', 'His', 'Tyr'}",4,2,1,1,97.32,0.0,97.09,98.9,0.0,91.9,0.0,True,GCA_015233395.1_Desulfovibrionaceae_bacterium_nDJH2bin10,China: Dajiu Lake,31.49194 N 109.99472 E,31.49194,109.99472,Biosample/Paper,bog/peatland (acidic),Acidic Peatland,Yes,No,GCA_015233395.1_Desulfovibrionaceae_bacterium_nDJH2bin10,Desulfovibrionaceae_bacterium_nDJH2bin10,d__Bacteria;p__Desulfobacterota;c__Desulfovibrionia;o__Desulfovibrionales;f__Desulfovibrionaceae;g__JADFXV01;s__JADFXV01 sp015233395,Scaffold,Illumina HiSeq,Mars_acidic_analog
GCA_015233405.1,GCA_015233405.1_Candidatus_Omnitrophica_bacterium_nDJH15bin6,47,2379669,43.25,130162,2027,16,"{'Ser', 'Arg', 'Met', 'Val', 'Asp', 'Gly', 'Leu', 'Trp', 'Ala', 'Glu', 'Lys', 'His', 'Phe', 'Thr', 'Pro', 'Tyr'}",2,1,0,1,79.69,2.15,84.34,85.32,4.44,79.8,0.8,True,GCA_015233405.1_Candidatus_Omnitrophica_bacterium_nDJH15bin6,China: Dajiu Lake,31.485181 N 110.001483 E,31.485181,110.001483,Biosample/Paper,bog/peatland (acidic),Acidic Peatland,Yes,No,GCA_015233405.1_Candidatus_Omnitrophica_bacterium_nDJH15bin6,Candidatus_Omnitrophota_bacterium_nDJH15bin6,d__Bacteria;p__Omnitrophota;c__Koll11;o__Zapsychrales;f__Zapsychraceae;g__JADFXT01;s__JADFXT01 sp015233405,Scaffold,Illumina HiSeq,Mars_acidic_analog
GCA_015233455.1,GCA_015233455.1_Nitrospirota_bacterium_nDJH15bin2,245,3580043,49.18,21641,3232,18,"{'Ser', 'Cys', 'Arg', 'Met', 'Val', 'Asp', 'Gln', 'Leu', 'SeC', 'Asn', 'Gly', 'Glu', 'Ala', 'Lys', 'Phe', 'His', 'Thr', 'Pro'}",2,1,0,1,92.02,0.91,94.43,92.06,0.04,83.1,0.0,True,GCA_015233455.1_Nitrospirota_bacterium_nDJH15bin2,China: Dajiu Lake,31.485181 N 110.001483 E,31.485181,110.001483,Biosample/Paper,bog/peatland (acidic),Acidic Peatland,Yes,No,GCA_015233455.1_Nitrospirota_bacterium_nDJH15bin2,Nitrospirota_bacterium_nDJH15bin2,d__Bacteria;p__Nitrospirota;c__Thermodesulfovibrionia;o__Thermodesulfovibrionales;f__Magnetobacteriaceae;g__Magnetobacterium;s__Magnetobacterium sp015233725,Scaffold,Illumina HiSeq,Mars_acidic_analog
GCA_015233465.1,GCA_015233465.1_Nitrospirota_bacterium_nDJH14bin9,75,3130381,35.21,93402,2970,20,"{'Ala', 'Lys', 'Thr', 'Val', 'Trp', 'Ile', 'Met', 'Gln', 'Leu', 'Asn', 'Glu', 'Pro', 'Ser', 'Cys', 'Arg', 'Asp', 'Gly', 'SeC', 'Phe', 'His'}",7,1,1,5,95.95,0.91,92.51,99.8,0.97,91.9,0.0,True,GCA_015233465.1_Nitrospirota_bacterium_nDJH14bin9,China: Dajiu Lake,31.483503 N 110.000844 E,31.483503,110.000844,Biosample/Paper,bog/peatland (acidic),Acidic Peatland,Yes,No,GCA_015233465.1_Nitrospirota_bacterium_nDJH14bin9,Candidatus_Magnetobacteriaceae_bacterium_nDJH14bin9,d__Bacteria;p__Nitrospirota;c__Thermodesulfovibrionia;o__Thermodesulfovibrionales;f__Magnetobacteriaceae;g__JADFXP01;s__JADFXP01 sp015233465,Scaffold,Illumina HiSeq,Mars_acidic_analog
GCA_015233485.1,GCA_015233485.1_Nitrospirota_bacterium_nDJH14bin7,565,4238609,44.94,10032,4200,19,"{'Ala', 'Lys', 'Thr', 'Val', 'Met', 'Gln', 'Leu', 'Asn', 'Glu', 'Pro', 'Ser', 'Cys', 'Arg', 'Asp', 'Gly', 'SeC', 'Phe', 'His', 'Tyr'}",2,0,2,0,85.56,0.45,84.57,84.33,2.04,82.3,0.0,True,GCA_015233485.1_Nitrospirota_bacterium_nDJH14bin7,China: Dajiu Lake,31.483503 N 110.000844 E,31.483503,110.000844,Biosample/Paper,bog/peatland (acidic),Acidic Peatland,Yes,No,GCA_015233485.1_Nitrospirota_bacterium_nDJH14bin7,Nitrospirota_bacterium_nDJH14bin7,d__Bacteria;p__Nitrospirota;c__Thermodesulfovibrionia;o__Thermodesulfovibrionales;f__Magnetobacteriaceae;g__Magnetominusculus;s__Magnetominusculus sp015233485,Scaffold,Illumina HiSeq,Mars_acidic_analog
GCA_015233495.1,GCA_015233495.1_Candidatus_Omnitrophica_bacterium_nDJH15bin13,111,2101230,49.08,34545,1878,15,"{'Ser', 'Arg', 'Val', 'Met', 'Asp', 'Gln', 'Leu', 'Gly', 'Trp', 'Ala', 'Phe', 'Lys', 'Thr', 'Pro', 'Tyr'}",2,1,0,1,83.33,1.08,91.03,89.7,0.5,83.1,0.0,True,GCA_015233495.1_Candidatus_Omnitrophica_bacterium_nDJH15bin13,China: Dajiu Lake,31.485181 N 110.001483 E,31.485181,110.001483,Biosample/Paper,bog/peatland (acidic),Acidic Peatland,Yes,No,GCA_015233495.1_Candidatus_Omnitrophica_bacterium_nDJH15bin13,Candidatus_Omnitrophota_bacterium_nDJH15bin13,d__Bacteria;p__Omnitrophota;c__Koll11;o__Zapsychrales;f__Zapsychraceae;g__JADFXQ01;s__JADFXQ01 sp015233495,Scaffold,Illumina HiSeq,Mars_acidic_analog
GCA_015233555.1,GCA_015233555.1_Nitrospirota_bacterium_nDJH14bin5,69,3591102,41.5,83655,3272,19,"{'Ala', 'Lys', 'Thr', 'Val', 'Trp', 'Met', 'Gln', 'Leu', 'Asn', 'Glu', 'Pro', 'Ser', 'Cys', 'Arg', 'Asp', 'Gly', 'SeC', 'His', 'Tyr'}",3,1,1,1,95.85,0.91,99.02,98.8,0.19,95.2,0.0,True,GCA_015233555.1_Nitrospirota_bacterium_nDJH14bin5,China: Dajiu Lake,31.483503 N 110.000844 E,31.483503,110.000844,Biosample/Paper,bog/peatland (acidic),Acidic Peatland,Yes,No,GCA_015233555.1_Nitrospirota_bacterium_nDJH14bin5,Nitrospirota_bacterium_nDJH14bin5,d__Bacteria;p__Nitrospirota;c__Thermodesulfovibrionia;o__Thermodesulfovibrionales;f__Magnetobacteriaceae;g__JADFXG01;s__JADFXG01 sp015233895,Scaffold,Illumina HiSeq,Mars_acidic_analog
GCA_015233565.1,GCA_015233565.1_Candidatus_Riflebacteria_bacterium_nDJH14bin3,185,8297085,40.61,109594,6280,19,"{'Ala', 'Lys', 'Thr', 'Val', 'Trp', 'Met', 'Gln', 'Leu', 'Asn', 'Glu', 'Pro', 'Ser', 'Cys', 'Arg', 'Asp', 'Gly', 'Phe', 'His', 'Tyr'}",2,2,0,0,96.0,1.33,94.75,99.99,8.49,92.7,1.6,True,GCA_015233565.1_Candidatus_Riflebacteria_bacterium_nDJH14bin3,China: Dajiu Lake,31.483503 N 110.000844 E,31.483503,110.000844,Biosample/Paper,bog/peatland (acidic),Acidic Peatland,Yes,No,GCA_015233565.1_Candidatus_Riflebacteria_bacterium_nDJH14bin3,Candidatus_Riflebacteria_bacterium_nDJH14bin3,d__Bacteria;p__Riflebacteria;c__Ozemobacteria;o__Ozemobacterales;f__Ozemobacteraceae;g__JADFXM01;s__JADFXM01 sp015233565,Scaffold,Illumina HiSeq,Mars_acidic_analog
GCA_015233585.1,GCA_015233585.1_Alphaproteobacteria_bacterium_nDJH14bin10,435,3326350,60.2,11257,3309,16,"{'Ser', 'Cys', 'Arg', 'Val', 'Met', 'Asp', 'Gly', 'Leu', 'Gln', 'Asn', 'Ala', 'Glu', 'Phe', 'Lys', 'Thr', 'Pro'}",1,0,1,0,73.86,1.33,80.39,77.96,2.62,74.2,0.8,True,GCA_015233585.1_Alphaproteobacteria_bacterium_nDJH14bin10,China: Dajiu Lake,31.483503 N 110.000844 E,31.483503,110.000844,Biosample/Paper,bog/peatland (acidic),Acidic Peatland,Yes,No,GCA_015233585.1_Alphaproteobacteria_bacterium_nDJH14bin10,Alphaproteobacteria_bacterium_nDJH14bin10,d__Bacteria;p__Pseudomonadota;c__Alphaproteobacteria;o__Rhodospirillales;f__Rhodospirillaceae;g__JADFXL01;s__JADFXL01 sp015233585,Scaffold,Illumina HiSeq,Mars_acidic_analog
GCA_015233615.1,GCA_015233615.1_Nitrospirota_bacterium_nDJH13bin3,220,4006792,47.81,25191,3651,18,"{'Ser', 'Cys', 'Arg', 'Met', 'Val', 'Asp', 'Gln', 'Leu', 'Asn', 'Gly', 'Trp', 'Glu', 'Ala', 'Lys', 'Phe', 'Thr', 'Pro', 'Tyr'}",0,0,0,0,77.94,1.82,80.0,80.08,2.93,83.1,1.6,True,GCA_015233615.1_Nitrospirota_bacterium_nDJH13bin3,China: Dajiu Lake,31.483672 N 110.000694 E,31.483672,110.000694,Biosample/Paper,bog/peatland (acidic),Acidic Peatland,Yes,No,GCA_015233615.1_Nitrospirota_bacterium_nDJH13bin3,Nitrospirota_bacterium_nDJH13bin3,d__Bacteria;p__Nitrospirota;c__Thermodesulfovibrionia;o__Thermodesulfovibrionales;f__Magnetobacteriaceae;g__JADFXJ01;s__JADFXJ01 sp015233615,Scaffold,Illumina HiSeq,Mars_acidic_analog
GCA_015233625.1,GCA_015233625.1_Deltaproteobacteria_bacterium_nDJH13bin5,619,4587119,51.85,9499,3977,13,"{'Ser', 'Arg', 'Val', 'Gln', 'Leu', 'Asn', 'SeC', 'Glu', 'Phe', 'Lys', 'His', 'Ala', 'Pro'}",0,0,0,0,56.21,0.0,67.78,75.76,2.54,42.7,0.8,True,GCA_015233625.1_Deltaproteobacteria_bacterium_nDJH13bin5,China: Dajiu Lake,31.483672 N 110.000694 E,31.483672,110.000694,Biosample/Paper,bog/peatland (acidic),Acidic Peatland,Yes,No,GCA_015233625.1_Deltaproteobacteria_bacterium_nDJH13bin5,Deltaproteobacteria_bacterium_nDJH13bin5,d__Bacteria;p__Desulfobacterota;c__JADFXK01;o__JADFXK01;f__JADFXK01;g__JADFXK01;s__JADFXK01 sp015233625,Scaffold,Illumina HiSeq,Mars_acidic_analog
GCA_015233655.1,GCA_015233655.1_Nitrospirota_bacterium_nDJH13bin21,262,3287085,47.98,20424,3240,17,"{'Ser', 'Cys', 'Arg', 'Val', 'Met', 'Asp', 'Gln', 'Leu', 'Asn', 'SeC', 'Gly', 'Trp', 'Ala', 'Phe', 'Glu', 'Lys', 'Pro'}",1,0,1,0,85.99,2.25,84.28,91.63,2.4,78.2,0.0,True,GCA_015233655.1_Nitrospirota_bacterium_nDJH13bin21,China: Dajiu Lake,31.483672 N 110.000694 E,31.483672,110.000694,Biosample/Paper,bog/peatland (acidic),Acidic Peatland,Yes,No,GCA_015233655.1_Nitrospirota_bacterium_nDJH13bin21,Nitrospirota_bacterium_nDJH13bin21,d__Bacteria;p__Nitrospirota;c__Thermodesulfovibrionia;o__Thermodesulfovibrionales;f__Dissulfurispiraceae;g__JADFXI01;s__JADFXI01 sp015233655,Scaffold,Illumina HiSeq,Mars_acidic_analog
GCA_015233675.1,GCA_015233675.1_Candidatus_Omnitrophica_bacterium_nDJH13bin20,31,2119943,42.8,179029,1906,17,"{'Ser', 'Cys', 'Arg', 'Val', 'Met', 'Gln', 'Leu', 'Gly', 'Trp', 'Glu', 'His', 'Lys', 'Ala', 'Phe', 'Thr', 'Pro', 'Tyr'}",3,1,1,1,60.34,0.0,65.16,74.56,0.68,54.0,0.0,True,GCA_015233675.1_Candidatus_Omnitrophica_bacterium_nDJH13bin20,China: Dajiu Lake,31.483672 N 110.000694 E,31.483672,110.000694,Biosample/Paper,bog/peatland (acidic),Acidic Peatland,Yes,No,GCA_015233675.1_Candidatus_Omnitrophica_bacterium_nDJH13bin20,Candidatus_Omnitrophota_bacterium_nDJH13bin20,d__Bacteria;p__Omnitrophota;c__Koll11;o__Zapsychrales;f__Fredricksoniimonadaceae;g__JABDGZ01;s__JABDGZ01 sp015233675,Scaffold,Illumina HiSeq,Mars_acidic_analog
GCA_015233725.1,GCA_015233725.1_Nitrospirota_bacterium_nDJH13bin1,168,3320021,49.07,29980,2953,16,"{'Ser', 'Arg', 'Met', 'Val', 'Asp', 'Gln', 'Leu', 'Gly', 'Trp', 'Ala', 'His', 'Glu', 'Lys', 'Phe', 'Thr', 'Pro'}",0,0,0,0,85.91,0.45,88.62,79.98,0.65,79.0,0.0,True,GCA_015233725.1_Nitrospirota_bacterium_nDJH13bin1,China: Dajiu Lake,31.483672 N 110.000694 E,31.483672,110.000694,Biosample/Paper,bog/peatland (acidic),Acidic Peatland,Yes,No,GCA_015233725.1_Nitrospirota_bacterium_nDJH13bin1,Nitrospirota_bacterium_nDJH13bin1,d__Bacteria;p__Nitrospirota;c__Thermodesulfovibrionia;o__Thermodesulfovibrionales;f__Magnetobacteriaceae;g__Magnetobacterium;s__Magnetobacterium sp015233725,Scaffold,Illumina HiSeq,Mars_acidic_analog
GCA_015233765.1,GCA_015233765.1_Candidatus_Omnitrophica_bacterium_nCal1bin2,196,2952830,49.66,25022,2587,20,"{'Ala', 'Lys', 'Thr', 'Val', 'Trp', 'Ile', 'Met', 'Gln', 'Leu', 'Asn', 'Glu', 'Pro', 'Ser', 'Cys', 'Arg', 'Gly', 'SeC', 'Phe', 'His', 'Tyr'}",4,1,2,1,88.29,2.15,92.85,94.37,1.18,85.5,0.0,True,GCA_015233765.1_Candidatus_Omnitrophica_bacterium_nCal1bin2,Australia: Lake Catani,36.73426 S 146.81119 E,-36.73426,146.81119,Biosample/Paper,freshwater,freshwater,Yes,No,GCA_015233765.1_Candidatus_Omnitrophica_bacterium_nCal1bin2,Candidatus_Omnitrophota_bacterium_nCal1bin2,d__Bacteria;p__Omnitrophota;c__Koll11;o__Zapsychrales;f__Fredricksoniimonadaceae;g__GCA-2753745;s__GCA-2753745 sp002753745,Scaffold,Illumina HiSeq,Mars_lake_analog
GCA_015233785.1,GCA_015233785.1_Magnetococcales_bacterium_nCLbin10,364,3357974,55.62,18428,2981,17,"{'Ser', 'Arg', 'Val', 'Met', 'Asp', 'Gln', 'Leu', 'Gly', 'Asn', 'Trp', 'His', 'Glu', 'Lys', 'Ala', 'Thr', 'Pro', 'Ile'}",3,2,0,1,61.19,2.1,64.76,72.32,1.23,43.5,2.4,True,GCA_015233785.1_Magnetococcales_bacterium_nCLbin10,Australia: Corunna Lake,38.23694 S 144.42936 E,-38.23694,144.42936,Biosample/Paper,freshwater,freshwater,Yes,No,GCA_015233785.1_Magnetococcales_bacterium_nCLbin10,Magnetococcales_bacterium_nCLbin10,d__Bacteria;p__Pseudomonadota;c__Magnetococcia;o__Magnetococcales;f__JADFWT01;g__JADFWT01;s__JADFWT01 sp015233785,Contig,Illumina HiSeq,Mars_lake_analog
GCA_015233895.1,GCA_015233895.1_Nitrospirota_bacterium_nDJH13bin19,65,3711429,41.57,125510,3384,21,"{'Ala', 'Lys', 'Thr', 'Val', 'Trp', 'Ile', 'Met', 'Gln', 'Leu', 'Asn', 'Glu', 'Pro', 'Ser', 'Cys', 'Arg', 'Asp', 'Gly', 'SeC', 'Phe', 'His', 'Tyr'}",9,1,4,4,99.03,0.91,100.0,99.98,0.02,97.6,0.0,True,GCA_015233895.1_Nitrospirota_bacterium_nDJH13bin19,China: Dajiu Lake,31.483672 N 110.000694 E,31.483672,110.000694,Biosample/Paper,bog/peatland (acidic),Acidic Peatland,Yes,No,GCA_015233895.1_Nitrospirota_bacterium_nDJH13bin19,Nitrospirota_bacterium_nDJH13bin19,d__Bacteria;p__Nitrospirota;c__Thermodesulfovibrionia;o__Thermodesulfovibrionales;f__Magnetobacteriaceae;g__JADFXG01;s__JADFXG01 sp015233895,Scaffold,Illumina HiSeq,Mars_acidic_analog
GCA_015233935.1,GCA_015233935.1_Magnetococcales_bacterium_nDH2bin6,414,4543171,52.7,21120,4082,18,"{'Ser', 'Cys', 'Arg', 'Met', 'Val', 'Asp', 'Gln', 'Leu', 'Asn', 'Gly', 'His', 'Ala', 'Lys', 'Glu', 'Thr', 'Pro', 'Tyr', 'Ile'}",3,1,0,2,80.77,2.1,93.69,90.85,7.17,81.4,0.8,True,GCA_015233935.1_Magnetococcales_bacterium_nDH2bin6,China: Lake East,30.555833 N 114.411389 E,30.555833,114.411389,Biosample/Paper,freshwater,freshwater,Yes,No,GCA_015233935.1_Magnetococcales_bacterium_nDH2bin6,Magnetococcales_bacterium_nDH2bin6,d__Bacteria;p__Pseudomonadota;c__Magnetococcia;o__Magnetococcales;f__JADFXB01;g__JADFXB01;s__JADFXB01 sp015233935,Scaffold,Illumina HiSeq,Mars_lake_analog
GCA_015233945.1,GCA_015233945.1_Magnetococcales_bacterium_nDC0425bin2,364,3037792,55.86,10610,2712,16,"{'Ser', 'Arg', 'Met', 'Val', 'Asp', 'Gln', 'Leu', 'Gly', 'Asn', 'Glu', 'His', 'Lys', 'Phe', 'Thr', 'Pro', 'Ile'}",1,1,0,0,71.32,1.79,74.63,70.41,4.72,69.3,4.0,True,GCA_015233945.1_Magnetococcales_bacterium_nDC0425bin2,China: Lake Dianchi,24.908133 N 102.74605 E,24.908133,102.74605,Biosample/Paper,freshwater,freshwater,Yes,No,GCA_015233945.1_Magnetococcales_bacterium_nDC0425bin2,Magnetococcales_bacterium_nDC0425bin2,d__Bacteria;p__Pseudomonadota;c__Magnetococcia;o__Magnetococcales;f__Magnetaquicoccaceae;g__HCHbin5;s__HCHbin5 sp002753505,Scaffold,Illumina HiSeq,Mars_lake_analog
GCA_015233965.1,GCA_015233965.1_Magnetococcales_bacterium_nDC0425bin4,165,3892739,65.39,49112,3391,20,"{'Ala', 'Lys', 'Thr', 'Val', 'Trp', 'Ile', 'Met', 'Gln', 'Leu', 'Asn', 'Glu', 'Pro', 'Ser', 'Cys', 'Arg', 'Asp', 'Gly', 'Phe', 'His', 'Tyr'}",2,2,0,0,98.32,1.68,100.0,99.95,1.49,95.2,0.8,True,GCA_015233965.1_Magnetococcales_bacterium_nDC0425bin4,China: Lake Dianchi,24.908133 N 102.74605 E,24.908133,102.74605,Biosample/Paper,freshwater,freshwater,Yes,No,GCA_015233965.1_Magnetococcales_bacterium_nDC0425bin4,Magnetococcales_bacterium_nDC0425bin4,d__Bacteria;p__Pseudomonadota;c__Magnetococcia;o__Magnetococcales;f__DC0425bin3;g__DC0425bin3;s__DC0425bin3 sp002753665,Scaffold,Illumina HiSeq,Mars_lake_analog
GCA_015233985.1,GCA_015233985.1_Nitrospirota_bacterium_nDC0425bin1,178,4037545,49.09,35907,3651,21,"{'Ala', 'Lys', 'Thr', 'Val', 'Trp', 'Ile', 'Met', 'Gln', 'Leu', 'Asn', 'Glu', 'Pro', 'Ser', 'Cys', 'Arg', 'Asp', 'Gly', 'SeC', 'Phe', 'His', 'Tyr'}",3,1,1,1,96.97,1.82,98.72,99.86,0.29,93.5,0.0,True,GCA_015233985.1_Nitrospirota_bacterium_nDC0425bin1,China: Lake Dianchi,24.908133 N 102.74605 E,24.908133,102.74605,Biosample/Paper,freshwater,freshwater,Yes,No,GCA_015233985.1_Nitrospirota_bacterium_nDC0425bin1,Nitrospirota_bacterium_nDC0425bin1,d__Bacteria;p__Nitrospirota;c__Thermodesulfovibrionia;o__Thermodesulfovibrionales;f__Magnetobacteriaceae;g__Magnetobacterium;s__Magnetobacterium sp002753685,Scaffold,Illumina HiSeq,Mars_lake_analog
GCA_015234015.1,GCA_015234015.1_Magnetococcales_bacterium_nDCbin4,149,4493558,54.13,47506,3795,20,"{'Ala', 'Lys', 'Thr', 'Val', 'Trp', 'Ile', 'Met', 'Gln', 'Leu', 'Asn', 'Glu', 'Pro', 'Ser', 'Cys', 'Arg', 'Asp', 'Gly', 'Phe', 'His', 'Tyr'}",1,1,0,0,97.48,2.1,97.4,99.89,0.58,93.5,0.0,True,GCA_015234015.1_Magnetococcales_bacterium_nDCbin4,China: Lake Dianchi,24.908133 N 102.74605 E,24.908133,102.74605,Biosample/Paper,freshwater,freshwater,Yes,No,GCA_015234015.1_Magnetococcales_bacterium_nDCbin4,Magnetococcales_bacterium_nDCbin4,d__Bacteria;p__Pseudomonadota;c__Magnetococcia;o__Magnetococcales;f__UBA8363;g__UBA8363;s__UBA8363 sp002753735,Scaffold,Illumina HiSeq,Mars_lake_analog
GCA_015234035.1,GCA_015234035.1_Magnetococcales_bacterium_nDCbin2,311,4466229,51.87,24333,4007,19,"{'Ala', 'Lys', 'Thr', 'Val', 'Ile', 'Met', 'Gln', 'Leu', 'Asn', 'Glu', 'Pro', 'Ser', 'Cys', 'Arg', 'Asp', 'Gly', 'Phe', 'His', 'Tyr'}",1,1,0,0,94.91,2.52,95.84,99.76,1.53,91.9,2.4,True,GCA_015234035.1_Magnetococcales_bacterium_nDCbin2,China: Lake Dianchi,24.908133 N 102.74605 E,24.908133,102.74605,Biosample/Paper,freshwater,freshwater,Yes,No,GCA_015234035.1_Magnetococcales_bacterium_nDCbin2,Magnetococcales_bacterium_nDCbin2,d__Bacteria;p__Pseudomonadota;c__Magnetococcia;o__Magnetococcales;f__UBA8363;g__UBA8363;s__UBA8363 sp002753615,Scaffold,Illumina HiSeq,Mars_lake_analog
GCA_015234045.1,GCA_015234045.1_Magnetococcales_bacterium_nCLbin6,117,3646512,47.56,61959,2922,17,"{'Ser', 'Cys', 'Arg', 'Val', 'Met', 'Gln', 'Leu', 'Gly', 'Ala', 'His', 'Lys', 'Glu', 'Phe', 'Thr', 'Pro', 'Tyr', 'Ile'}",4,2,2,0,86.9,2.94,93.16,83.52,1.79,66.9,0.8,True,GCA_015234045.1_Magnetococcales_bacterium_nCLbin6,Australia: Corunna Lake,38.23694 S 144.42936 E,-38.23694,144.42936,Biosample/Paper,freshwater,freshwater,Yes,No,GCA_015234045.1_Magnetococcales_bacterium_nCLbin6,Magnetococcales_bacterium_nCLbin6,d__Bacteria;p__Pseudomonadota;c__Magnetococcia;o__Magnetococcales;f__JADFWU01;g__JADFWU01;s__JADFWU01 sp015234045,Scaffold,Illumina HiSeq,Mars_lake_analog
GCA_015234065.1,GCA_015234065.1_Candidatus_Omnitrophica_bacterium_nCal2bin1,176,1746582,51.48,15478,1672,15,"{'Ser', 'Arg', 'Val', 'Met', 'Asp', 'Gln', 'Leu', 'Asn', 'Gly', 'Trp', 'Glu', 'Ala', 'Lys', 'Thr', 'Pro'}",4,1,1,2,83.95,3.23,85.69,78.41,2.16,76.6,0.0,True,GCA_015234065.1_Candidatus_Omnitrophica_bacterium_nCal2bin1,Australia: Lake Catani,36.73274 S 146.81226 E,-36.73274,146.81226,Biosample/Paper,freshwater,freshwater,Yes,No,GCA_015234065.1_Candidatus_Omnitrophica_bacterium_nCal2bin1,Candidatus_Omnitrophota_bacterium_nCal2bin1,d__Bacteria;p__Omnitrophota;c__Koll11;o__Zapsychrales;f__Fredricksoniimonadaceae;g__JADFWS01;s__JADFWS01 sp015234065,Contig,Illumina HiSeq,Mars_lake_analog
GCA_015234085.1,GCA_015234085.1_Nitrospinae_bacterium_nARSLQbin3,440,2637238,54.88,7942,2530,16,"{'Ser', 'Arg', 'Val', 'Met', 'Gly', 'Gln', 'Leu', 'Asn', 'Trp', 'Pro', 'Ala', 'Phe', 'Lys', 'Thr', 'His', 'Tyr'}",2,1,0,1,76.98,0.05,74.01,79.21,0.9,65.3,0.0,True,GCA_015234085.1_Nitrospinae_bacterium_nARSLQbin3,China: Innermogolia,47.19788 N 119.92877 E,47.19788,119.92877,Biosample/Paper,freshwater,freshwater,Yes,No,GCA_015234085.1_Nitrospinae_bacterium_nARSLQbin3,Nitrospinota_bacterium_nARSLQbin3,d__Bacteria;p__Nitrospinota;c__UBA7883;o__UBA7883;f__JACRLM01;g__JADGAO01;s__JADGAO01 sp015231995,Scaffold,Illumina HiSeq,Mars_lake_analog
GCA_015234115.1,GCA_015234115.1_Magnetococcales_bacterium_nARSLQbin1,161,3310492,58.83,41237,2763,17,"{'Ser', 'Cys', 'Arg', 'Val', 'Met', 'Asp', 'Gln', 'Leu', 'Gly', 'Asn', 'Glu', 'Phe', 'Lys', 'Ala', 'Thr', 'Pro', 'Ile'}",1,1,0,0,70.17,0.0,77.07,74.79,2.83,71.8,0.0,True,GCA_015234115.1_Magnetococcales_bacterium_nARSLQbin1,China: Innermogolia,47.19788 N 119.92877 E,47.19788,119.92877,Biosample/Paper,freshwater,freshwater,Yes,No,GCA_015234115.1_Magnetococcales_bacterium_nARSLQbin1,Magnetococcales_bacterium_nARSLQbin1,d__Bacteria;p__Pseudomonadota;c__Magnetococcia;o__Magnetococcales;f__Magnetaquicoccaceae;g__JAANAU01;s__JAANAU01 sp015234115,Scaffold,Illumina HiSeq,Mars_lake_analog
GCA_018606785.1,GCA_018606785.1_Candidatus_Magnetobacterium_sp._XYR,195,4233998,48.61,61028,3844,21,"{'Ala', 'Lys', 'Thr', 'Val', 'Trp', 'Ile', 'Met', 'Gln', 'Leu', 'Asn', 'Glu', 'Pro', 'Ser', 'Cys', 'Arg', 'Asp', 'Gly', 'SeC', 'Phe', 'His', 'Tyr'}",3,1,1,1,96.06,2.73,98.67,99.98,0.73,93.5,0.0,True,GCA_018606785.1_Candidatus_Magnetobacterium_sp._XYR,"China: Shaanxi, Xianyang Lake",34.33 N 108.72 E,34.33,108.72,Biosample/Paper,freshwater,freshwater,Yes,No,GCA_018606785.1_Candidatus_Magnetobacterium_sp._XYR,Candidatus_Magnetobacterium_cryptolimnobacter_XYR,d__Bacteria;p__Nitrospirota;c__Thermodesulfovibrionia;o__Thermodesulfovibrionales;f__Magnetobacteriaceae;g__Magnetobacterium;s__Magnetobacterium sp002753685,Scaffold,Illumina HiSeq,Mars_lake_analog
GCA_018606805.1,GCA_018606805.1_Candidatus_Magnetobacterium_sp._XYC,91,3588292,37.75,130433,3217,21,"{'Ala', 'Lys', 'Thr', 'Val', 'Trp', 'Ile', 'Met', 'Gln', 'Leu', 'Asn', 'Glu', 'Pro', 'Ser', 'Cys', 'Arg', 'Asp', 'Gly', 'SeC', 'Phe', 'His', 'Tyr'}",6,4,1,1,99.94,1.82,98.51,99.94,0.56,96.0,0.0,True,GCA_018606805.1_Candidatus_Magnetobacterium_sp._XYC,"China: Shaanxi, Xianyang Lake",34.33 N 108.72 E,34.33,108.72,Biosample/Paper,freshwater,freshwater,Yes,No,GCA_018606805.1_Candidatus_Magnetobacterium_sp._XYC,Candidatus_Magnetomicrobium_cryptolimnococcus_XYC,d__Bacteria;p__Nitrospirota;c__Thermodesulfovibrionia;o__Thermodesulfovibrionales;f__Magnetobacteriaceae;g__XYC;s__XYC sp018606805,Scaffold,Illumina HiSeq,Mars_lake_analog
GCA_020523885.1,GCA_020523885.1_Candidatus_Liberimonas_magnetica_DUR002,29,3394123,39.76,185704,2698,19,"{'Ala', 'Lys', 'Thr', 'Val', 'Trp', 'Ile', 'Met', 'Gln', 'Leu', 'Glu', 'Pro', 'Ser', 'Cys', 'Arg', 'Asp', 'Gly', 'Phe', 'His', 'Tyr'}",3,1,1,1,94.38,0.0,97.81,99.93,1.68,91.9,0.8,True,GCA_020523885.1_Candidatus_Liberimonas_magnetica_DUR002,"Russia: Moscow Region, Durykino ravine",56.048889 N 37.164722 E,56.048889,37.164722,Biosample/Paper,bog/peatland (brackish),bog soil,Yes,No,GCA_020523885.1_Candidatus_Liberimonas_magnetica_DUR002,Candidatus_Liberimonas_magnetica_DUR002,d__Bacteria;p__Elusimicrobiota;c__Endomicrobiia;o__Endomicrobiales;f__JAFGIL01;g__Liberimonas;s__Liberimonas magnetica,Scaffold,Oxford Nanopore MinION,Mars_lake_analog
GCA_022321325.1,GCA_022321325.1_Candidatus_Magnetominusculus_sp._LBB02,142,3471208,47.48,44214,3309,18,"{'Ser', 'Cys', 'Arg', 'Val', 'Met', 'Gln', 'Leu', 'Asn', 'SeC', 'Gly', 'Trp', 'Pro', 'Ala', 'Glu', 'Lys', 'Thr', 'His', 'Tyr'}",1,0,1,0,91.52,0.0,91.6,93.11,2.01,65.3,0.0,True,GCA_022321325.1_Candidatus_Magnetominusculus_sp._LBB02,"Russia: Moscow region, Shatura district, Lake Beloe Bordukovskoe",55.63 N 39.74 E,55.63,39.74,Biosample/Paper,freshwater,freshwater,Yes,No,GCA_022321325.1_Candidatus_Magnetominusculus_sp._LBB02,Candidatus_Magnetominusculus_sp._LBB02,d__Bacteria;p__Nitrospirota;c__Thermodesulfovibrionia;o__Thermodesulfovibrionales;f__Magnetobacteriaceae;g__Magnetominusculus;s__Magnetominusculus sp022321325,Scaffold,DNBSEQ (MGI); Oxford Nanopore Technologies (ONT),Mars_lake_analog
GCA_029001845.1,GCA_029001845.1_Candidatus_Magnetocorallium_paracelense_XS-1,103,6007824,41.25,99879,4854,21,"{'Ala', 'Lys', 'Thr', 'Val', 'Trp', 'Ile', 'Met', 'Gln', 'Leu', 'Asn', 'Glu', 'Pro', 'Ser', 'Cys', 'Arg', 'Asp', 'Gly', 'SeC', 'Phe', 'His', 'Tyr'}",3,1,1,1,97.27,3.64,99.61,100.0,0.58,93.5,0.8,True,GCA_029001845.1_Candidatus_Magnetocorallium_paracelense_XS-1,China: the Paracel Islands,16.57 N 112.20 E,16.57,112.2,Biosample/Paper,marine,coral reef sediments,Yes,No,GCA_029001845.1_Candidatus_Magnetocorallium_paracelense_XS-1,Candidatus_Magnetocorallium_paracelense_XS-1,d__Bacteria;p__Nitrospirota;c__Thermodesulfovibrionia;o__Thermodesulfovibrionales;f__Magnetobacteriaceae;g__Magnetocorallium;s__Magnetocorallium paracelense,Contig,Illumina,Europa_ocean_analog
GCA_040325905.1,GCA_040325905.1_Candidatus_Magnetobacterium_sp._LHC-1,283,4085014,48.69,22734,3769,21,"{'Ala', 'Lys', 'Thr', 'Val', 'Trp', 'Ile', 'Met', 'Gln', 'Leu', 'Asn', 'Glu', 'Pro', 'Ser', 'Cys', 'Arg', 'Asp', 'Gly', 'SeC', 'Phe', 'His', 'Tyr'}",3,1,1,1,94.7,2.73,98.27,98.69,0.24,90.3,0.0,True,GCA_040325905.1_Candidatus_Magnetobacterium_sp._LHC-1,"China: Lake Lianhuachi, Beijing",39.89 N 116.30 E,39.89,116.3,Biosample/Paper,freshwater,freshwater,Yes,No,GCA_040325905.1_Candidatus_Magnetobacterium_sp._LHC-1,Candidatus_Magnetobacterium_sp._LHC-1,d__Bacteria;p__Nitrospirota;c__Thermodesulfovibrionia;o__Thermodesulfovibrionales;f__Magnetobacteriaceae;g__Magnetobacterium;s__Magnetobacterium sp002753685,Scaffold,Illumina HiSeq,Mars_lake_analog
GCA_900093605.1,GCA_900093605.1_Candidatus_Terasakiella_magnetica_PR-1,32,3682454,45.97,253666,3463,20,"{'Ala', 'Lys', 'Thr', 'Val', 'Trp', 'Ile', 'Met', 'Gln', 'Leu', 'Asn', 'Glu', 'Pro', 'Ser', 'Cys', 'Arg', 'Asp', 'Gly', 'Phe', 'His', 'Tyr'}",3,1,1,1,100.0,0.62,100.0,99.99,0.22,100.0,0.0,True,GCA_900093605.1_Candidatus_Terasakiella_magnetica_PR-1,France: Pointe Rouge Marina in Marseille,43.2456008291325 N 5.364499897128043 E,43.24560083,5.364499897,Google map,marine,marine,Yes,No,GCA_900093605.1_Candidatus_Terasakiella_magnetica_PR-1,Candidatus_Terasakiella_magnetica_PR-1,d__Bacteria;p__Pseudomonadota;c__Alphaproteobacteria;o__Rhodospirillales_A;f__Terasakiellaceae;g__Terasakiella;s__Terasakiella magnetica,Contig,-,Europa_ocean_analog
GCA_900170035.1,GCA_900170035.1_Desulfamplus_magnetovallimortis_BW-1,108,6677998,40.72,274785,5353,21,"{'Ala', 'Lys', 'Thr', 'Val', 'Pyl', 'Trp', 'Met', 'Gln', 'Leu', 'Asn', 'Glu', 'Pro', 'Ser', 'Cys', 'Arg', 'Asp', 'Gly', 'SeC', 'Phe', 'His', 'Tyr'}",2,0,1,1,95.97,2.15,97.3,99.95,0.34,91.9,0.8,True,GCA_900170035.1_Desulfamplus_magnetovallimortis_BW-1,"USA: Badwater Basin at Death Valley National Park, California",36.2302 N 116.7674 W,36.2302,-116.7674,Biosample/Paper,brackish,brackish desert spring,Yes,No,GCA_900170035.1_Desulfamplus_magnetovallimortis_BW-1,Desulfamplus_magnetovallimortis_BW-1,d__Bacteria;p__Desulfobacterota;c__Desulfobacteria;o__Desulfobacterales;f__Desulfobacteraceae;g__Desulfamplus;s__Desulfamplus magnetovallimortis,Scaffold,-,Mars_lake_analog
GCA_900659855.1,GCA_900659855.1_uncultured_Desulfobacteraceae_bacterium_CR-1,46,3253206,54.03,317600,2960,21,"{'Ala', 'Lys', 'Thr', 'Val', 'Trp', 'Ile', 'Met', 'Gln', 'Leu', 'Asn', 'Glu', 'Pro', 'Ser', 'Cys', 'Arg', 'Asp', 'Gly', 'SeC', 'Phe', 'His', 'Tyr'}",3,1,1,1,98.06,1.29,99.7,99.28,0.47,93.5,0.0,True,GCA_900659855.1_uncultured_Desulfobacteraceae_bacterium_CR-1,France: Carry-le-Rouet,43.334222 N 5.175278 E,43.334222,5.175278,Biosample/Paper,marine,marine,Yes,No,GCA_900659855.1_uncultured_Desulfobacteraceae_bacterium_CR-1,Candidatus_Desulfarcum_epimagneticum_CR-1,d__Bacteria;p__Desulfobacterota;c__Desulfobacteria;o__Desulfobacterales;f__CR-1;g__CR-1;s__CR-1 sp900659855,Contig,-,Europa_ocean_analog
GCA_902725215.1,GCA_902725215.1_Rhodospirillaceae_bacterium_LM-1,24,3571800,59.52,364589,3436,20,"{'Ala', 'Lys', 'Thr', 'Val', 'Trp', 'Ile', 'Met', 'Gln', 'Leu', 'Asn', 'Glu', 'Pro', 'Ser', 'Cys', 'Arg', 'Asp', 'Gly', 'Phe', 'His', 'Tyr'}",4,1,2,1,98.51,0.0,100.0,100.0,0.17,98.4,0.8,True,GCA_902725215.1_Rhodospirillaceae_bacterium_LM-1,"Boulder Beach, Lake Mead, Nevada",36.0427571 N 114.7999856 W,36.0427571,-114.7999856,Biosample/Paper,freshwater,freshwater,Yes,No,GCA_902725215.1_Rhodospirillaceae_bacterium_LM-1,Rhodospirillaceae_bacterium_LM-1,d__Bacteria;p__Pseudomonadota;c__Alphaproteobacteria;o__Rhodospirillales;f__WMHbin7;g__WMHbin7;s__WMHbin7 sp902725215,Contig,-,Mars_lake_analog
GCA_902729425.1,GCA_902729425.1_Magnetospirillum_sp._SS-4,101,4518863,66.03,175174,4247,20,"{'Ala', 'Lys', 'Thr', 'Val', 'Trp', 'Ile', 'Met', 'Gln', 'Leu', 'Asn', 'Glu', 'Pro', 'Ser', 'Cys', 'Arg', 'Asp', 'Gly', 'Phe', 'His', 'Tyr'}",2,0,1,1,100.0,0.25,100.0,100.0,0.37,99.2,0.8,True,GCA_902729425.1_Magnetospirillum_sp._SS-4,"Alamo River near the Salton Sea, California",33.201109 N 115.602421 W,33.201109,-115.602421,Biosample/Paper,brackish,brackish,Yes,No,GCA_902729425.1_Magnetospirillum_sp._SS-4,Magnetospirillum_sp._SS-4,d__Bacteria;p__Pseudomonadota;c__Alphaproteobacteria;o__Rhodospirillales;f__Magnetospirillaceae;g__Phaeospirillum;s__Phaeospirillum sp902729425,Scaffold,-,Mars_lake_analog
GCA_902729435.1,GCA_902729435.1_Magnetospirillum_sp._UT-4,94,4005051,68.88,92932,3731,20,"{'Ala', 'Lys', 'Thr', 'Val', 'Trp', 'Ile', 'Met', 'Gln', 'Leu', 'Asn', 'Glu', 'Pro', 'Ser', 'Cys', 'Arg', 'Asp', 'Gly', 'Phe', 'His', 'Tyr'}",4,2,1,1,99.5,0.5,100.0,100.0,0.1,100.0,0.8,True,GCA_902729435.1_Magnetospirillum_sp._UT-4,"Pond near Zion National Park, Utah",37.2452462 N 113.1446629 W,37.2452462,-113.1446629,Biosample/Paper,freshwater,freshwater,Yes,No,GCA_902729435.1_Magnetospirillum_sp._UT-4,Magnetospirillum_sp._UT-4,d__Bacteria;p__Pseudomonadota;c__Alphaproteobacteria;o__Rhodospirillales;f__Magnetospirillaceae;g__Magnetospirillum;s__Magnetospirillum sp902729435,Scaffold,-,Mars_lake_analog
GCA_902729445.1,GCA_902729445.1_Magnetospirillum_sp._LM-5,71,3903923,65.48,141579,3645,21,"{'Ala', 'Lys', 'Thr', 'Val', 'Trp', 'Ile', 'Met', 'Gln', 'Leu', 'Asn', 'Glu', 'Pro', 'Ser', 'Cys', 'Arg', 'Asp', 'Gly', 'SeC', 'Phe', 'His', 'Tyr'}",3,1,1,1,100.0,1.0,100.0,100.0,0.07,98.4,0.8,True,GCA_902729445.1_Magnetospirillum_sp._LM-5,"Boulder Beach, Lake Mead, Nevada",36.0427571 N 114.7999856 W,36.0427571,-114.7999856,Biosample/Paper,freshwater,freshwater,Yes,No,GCA_902729445.1_Magnetospirillum_sp._LM-5,Magnetospirillum_sp._LM-5,d__Bacteria;p__Pseudomonadota;c__Alphaproteobacteria;o__Rhodospirillales;f__Magnetospirillaceae;g__Magnetospirillum;s__Magnetospirillum sp902729445,Scaffold,-,Mars_lake_analog
GCA_937425535.1,GCA_937425535.1_Rhodovastum_atsumiense_G2-11,9,7423543,68.56,6482810,6630,19,"{'Ala', 'Lys', 'Thr', 'Val', 'Trp', 'Ile', 'Met', 'Gln', 'Leu', 'Glu', 'Pro', 'Ser', 'Cys', 'Arg', 'Asp', 'Gly', 'Phe', 'His', 'Tyr'}",15,5,5,5,99.5,0.54,100.0,100.0,1.93,99.2,0.8,True,GCA_937425535.1_Rhodovastum_atsumiense_G2-11,Japan: Atsumi Peninsula,34.7166667 N 137.366666 E,34.7166667,137.366666,Biosample/Paper,freshwater,freshwater,No,Yes,GCA_937425535.1_Rhodovastum_atsumiense_G2-11,Rhodovastum_atsumiense_G2-11,d__Bacteria;p__Pseudomonadota;c__Alphaproteobacteria;o__Acetobacterales;f__Acetobacteraceae;g__Rhodovastum;s__Rhodovastum atsumiense,Complete Genome,-,Mars_lake_analog
IMG_2651870060,IMG_2651870060_Unclassified_Nitrospina_Bin_25,431,4158979,37.69,11956,3619,18,"{'Ser', 'Cys', 'Arg', 'Val', 'Met', 'Asp', 'Gly', 'Gln', 'Asn', 'Leu', 'Trp', 'Glu', 'Phe', 'His', 'Ala', 'Thr', 'Pro', 'Tyr'}",3,1,1,1,92.31,4.27,91.89,90.14,0.37,90.3,0.0,True,IMG_2651870060_Unclassified_Nitrospina_Bin_25,northern gulf of mexico hypoxic zone,25.559724256587067 N 90.38104391023542 W,25.55972426,-90.38104391,Biosample/Paper,marine,marine (hypoxia),No,Yes,IMG_2651870060_Unclassified_Nitrospina_Bin_25,Unclassified_Nitrospina_Bin_25,d__Bacteria;p__Nitrospinota;c__Nitrospinia;o__Nitrospinales;f__JAJDAT01;g__JAJDAT01;s__,Contig,-,Europa_ocean_analog
LMSG_G000036956.1,LMSG_G000036956.1_uncultured_Bdellovibrionaceae_bacterium_SFLP_MTB_Ki1-2-2m_bin5,132,3279113,41.8,58117,3028,19,"{'Ala', 'Lys', 'Thr', 'Val', 'Trp', 'Met', 'Gln', 'Leu', 'Asn', 'Glu', 'Pro', 'Ser', 'Cys', 'Arg', 'Asp', 'Gly', 'Phe', 'His', 'Tyr'}",3,1,1,1,96.43,1.79,97.89,99.94,1.09,95.2,0.8,True,LMSG_G000036956.1_uncultured_Bdellovibrionaceae_bacterium_SFLP_MTB_Ki1-2-2m_bin5,Sweden: lake Ki1,67.93 N 20.36 E,67.93,20.36,Biosample/Paper,freshwater,freshwater,No,Yes,LMSG_G000036956.1_uncultured_Bdellovibrionaceae_bacterium_SFLP_MTB_Ki1-2-2m_bin5,uncultured_Bdellovibrionaceae_bacterium_SFLP_MTB_Ki1-2-2m_bin5,d__Bacteria;p__Bdellovibrionota;c__Bdellovibrionia;o__Bdellovibrionales;f__Bdellovibrionaceae;g__CAIYID01;s__CAIYID01 sp903926205,Contig,NovaSeq,Mars_lake_analog
LMSG_G000036957.1,LMSG_G000036957.1_uncultured_Bdellovibrionaceae_bacterium_SFLP_MTB_Ki1-2-7m_bin20,274,3171535,41.85,16269,2959,16,"{'Ser', 'Cys', 'Arg', 'Met', 'Val', 'Asp', 'Gly', 'Leu', 'Asn', 'Gln', 'Glu', 'Ala', 'Lys', 'His', 'Phe', 'Pro'}",1,0,1,0,95.29,1.79,95.46,95.93,1.61,91.1,0.8,True,LMSG_G000036957.1_uncultured_Bdellovibrionaceae_bacterium_SFLP_MTB_Ki1-2-7m_bin20,Sweden: lake Ki1,67.93 N 20.36 E,67.93,20.36,Biosample/Paper,freshwater,freshwater,No,Yes,LMSG_G000036957.1_uncultured_Bdellovibrionaceae_bacterium_SFLP_MTB_Ki1-2-7m_bin20,uncultured_Bdellovibrionaceae_bacterium_SFLP_MTB_Ki1-2-7m_bin20,d__Bacteria;p__Bdellovibrionota;c__Bdellovibrionia;o__Bdellovibrionales;f__Bdellovibrionaceae;g__CAIYID01;s__CAIYID01 sp903926205,Contig,NovaSeq,Mars_lake_analog
LMSG_G000036958.1,LMSG_G000036958.1_uncultured_Bdellovibrionia_bacterium_SFLP_MTB_Ki3-D4_bin3,267,4348562,50.45,26787,4178,19,"{'Ala', 'Lys', 'Thr', 'Val', 'Trp', 'Met', 'Gln', 'Leu', 'Asn', 'Glu', 'Pro', 'Ser', 'Cys', 'Arg', 'Asp', 'Gly', 'Phe', 'His', 'Tyr'}",0,0,0,0,92.62,1.79,94.82,98.4,1.3,92.7,0.0,True,LMSG_G000036958.1_uncultured_Bdellovibrionia_bacterium_SFLP_MTB_Ki3-D4_bin3,Sweden: lake Haukij?rvi,67.65 N 21.17 E,67.65,21.17,Biosample/Paper,freshwater,freshwater,No,Yes,LMSG_G000036958.1_uncultured_Bdellovibrionia_bacterium_SFLP_MTB_Ki3-D4_bin3,uncultured_Bdellovibrionia_bacterium_SFLP_MTB_Ki3-D4_bin3,d__Bacteria;p__Bdellovibrionota;c__UBA1018;o__UBA1018;f__UBA1018;g__CAIRTR01;s__CAIRTR01 sp903881565,Contig,NovaSeq,Mars_lake_analog
LMSG_G000036959.1,LMSG_G000036959.1_uncultured_Bdellovibrionia_bacterium_SFLP_MTB_LJ-3-65m_bin36,613,4673194,47.36,10043,4111,18,"{'Ser', 'Arg', 'Val', 'Met', 'Asp', 'Gly', 'Leu', 'Asn', 'Gln', 'Trp', 'Ala', 'Phe', 'Lys', 'His', 'Glu', 'Thr', 'Pro', 'Tyr'}",0,0,0,0,84.9,2.68,83.62,90.47,5.22,76.6,0.0,True,LMSG_G000036959.1_uncultured_Bdellovibrionia_bacterium_SFLP_MTB_LJ-3-65m_bin36,Finland: lake Lovoj?rvi,61.08 N 25.03 E,61.08,25.03,Biosample/Paper,freshwater,freshwater,No,Yes,LMSG_G000036959.1_uncultured_Bdellovibrionia_bacterium_SFLP_MTB_LJ-3-65m_bin36,uncultured_Bdellovibrionia_bacterium_SFLP_MTB_LJ-3-65m_bin36,d__Bacteria;p__Bdellovibrionota;c__UBA1018;o__UBA1018;f__UBA1018;g__CAITVN01;s__CAITVN01 sp903895855,Contig,NovaSeq,Mars_lake_analog
LMSG_G000036961.1,LMSG_G000036961.1_uncultured_Bdellovibrionia_bacterium_SFLP_MTB_LJ-7-9m_bin42,697,4569893,47.38,8218,4045,19,"{'Ala', 'Lys', 'Thr', 'Val', 'Trp', 'Met', 'Gln', 'Leu', 'Asn', 'Glu', 'Pro', 'Ser', 'Cys', 'Arg', 'Asp', 'Gly', 'Phe', 'His', 'Tyr'}",0,0,0,0,79.87,1.96,74.55,90.04,1.19,68.5,0.0,True,LMSG_G000036961.1_uncultured_Bdellovibrionia_bacterium_SFLP_MTB_LJ-7-9m_bin42,Finland: lake Lovoj?rvi,61.08 N 25.03 E,61.08,25.03,Biosample/Paper,freshwater,freshwater,No,Yes,LMSG_G000036961.1_uncultured_Bdellovibrionia_bacterium_SFLP_MTB_LJ-7-9m_bin42,uncultured_Bdellovibrionia_bacterium_SFLP_MTB_LJ-7-9m_bin42,d__Bacteria;p__Bdellovibrionota;c__UBA1018;o__UBA1018;f__UBA1018;g__CAITVN01;s__CAITVN01 sp903895855,Contig,NovaSeq,Mars_lake_analog
LMSG_G000036962.1,LMSG_G000036962.1_uncultured_Oligoflexia_bacterium_SFLP_MTB_LJ-13-9m_bin1,780,4452101,44.53,6941,3721,19,"{'Ala', 'Lys', 'Thr', 'Val', 'Trp', 'Ile', 'Met', 'Gln', 'Leu', 'Glu', 'Pro', 'Ser', 'Cys', 'Arg', 'Asp', 'Gly', 'Phe', 'His', 'Tyr'}",7,2,1,4,77.87,0.0,83.12,87.89,1.77,67.7,0.0,True,LMSG_G000036962.1_uncultured_Oligoflexia_bacterium_SFLP_MTB_LJ-13-9m_bin1,Finland: lake Lovoj?rvi,61.08 N 25.03 E,61.08,25.03,Biosample/Paper,freshwater,freshwater,No,Yes,LMSG_G000036962.1_uncultured_Oligoflexia_bacterium_SFLP_MTB_LJ-13-9m_bin1,uncultured_Oligoflexia_bacterium_SFLP_MTB_LJ-13-9m_bin1,d__Bacteria;p__Bdellovibrionota;c__Oligoflexia;o__Oligoflexales;f__RGVZ01;g__CAILAO01;s__CAILAO01 sp903832105,Contig,NovaSeq,Mars_lake_analog
LMSG_G000036966.1,LMSG_G000036966.1_uncultured_Desulfatirhabdiaceae_bacterium_SFLP_MTB_Ki1-2-7m_bin29,562,4674740,47.9,11777,4168,19,"{'Ala', 'Lys', 'Thr', 'Val', 'Trp', 'Met', 'Gln', 'Leu', 'Glu', 'Pro', 'Ser', 'Cys', 'Arg', 'Asp', 'Gly', 'SeC', 'Phe', 'His', 'Tyr'}",1,0,1,0,90.06,0.65,85.11,84.32,1.23,82.3,0.0,True,LMSG_G000036966.1_uncultured_Desulfatirhabdiaceae_bacterium_SFLP_MTB_Ki1-2-7m_bin29,Sweden: lake Ki1,67.93 N 20.36 E,67.93,20.36,Biosample/Paper,freshwater,freshwater,No,Yes,LMSG_G000036966.1_uncultured_Desulfatirhabdiaceae_bacterium_SFLP_MTB_Ki1-2-7m_bin29,uncultured_Desulfatirhabdiaceae_bacterium_SFLP_MTB_Ki1-2-7m_bin29,d__Bacteria;p__Desulfobacterota;c__Desulfobacteria;o__Desulfobacterales;f__Desulfatirhabdiaceae;g__RAAP-1;s__,Contig,NovaSeq,Mars_lake_analog
LMSG_G000036967.1,LMSG_G000036967.1_uncultured_Desulfatirhabdiaceae_bacterium_SFLP_MTB_Umea1p4_bin7,596,5332913,47.29,13145,4726,20,"{'Ala', 'Lys', 'Thr', 'Val', 'Trp', 'Met', 'Gln', 'Leu', 'Asn', 'Glu', 'Pro', 'Ser', 'Cys', 'Arg', 'Asp', 'Gly', 'SeC', 'Phe', 'His', 'Tyr'}",3,2,1,0,96.13,1.18,96.6,100.0,2.01,92.7,0.0,True,LMSG_G000036967.1_uncultured_Desulfatirhabdiaceae_bacterium_SFLP_MTB_Umea1p4_bin7,Sweden: lake N?stj?rnen (711940-164576),64.15 N 18.8 E,64.15,18.8,Biosample/Paper,freshwater,freshwater,No,Yes,LMSG_G000036967.1_uncultured_Desulfatirhabdiaceae_bacterium_SFLP_MTB_Umea1p4_bin7,uncultured_Desulfatirhabdiaceae_bacterium_SFLP_MTB_Umea1p4_bin7,d__Bacteria;p__Desulfobacterota;c__Desulfobacteria;o__Desulfobacterales;f__Desulfatirhabdiaceae;g__RAAP-1;s__RAAP-1 sp903839535,Contig,NovaSeq,Mars_lake_analog
LMSG_G000036968.1,LMSG_G000036968.1_uncultured_Desulfatirhabdiaceae_bacterium_SFLP_MTB_Loc080925-7m_bin41,265,4078212,50.36,25537,3647,17,"{'Ser', 'Cys', 'Arg', 'Val', 'Met', 'Asp', 'Gly', 'Gln', 'Leu', 'SeC', 'Asn', 'Trp', 'Glu', 'Lys', 'Thr', 'Pro', 'Tyr'}",2,1,0,1,96.13,0.22,97.34,98.52,1.42,91.9,0.0,True,LMSG_G000036968.1_uncultured_Desulfatirhabdiaceae_bacterium_SFLP_MTB_Loc080925-7m_bin41,Switzerland: lake Loclat,47.02 N 7.0 E,47.02,7.0,Biosample/Paper,freshwater,freshwater,No,Yes,LMSG_G000036968.1_uncultured_Desulfatirhabdiaceae_bacterium_SFLP_MTB_Loc080925-7m_bin41,uncultured_Desulfatirhabdiaceae_bacterium_SFLP_MTB_Loc080925-7m_bin41,d__Bacteria;p__Desulfobacterota;c__Desulfobacteria;o__Desulfobacterales;f__Desulfatirhabdiaceae;g__RAAP-1;s__RAAP-1 sp903953895,Contig,NovaSeq,Mars_lake_analog
LMSG_G000036969.1,LMSG_G000036969.1_uncultured_Desulfatirhabdiaceae_bacterium_SFLP_MTB_Loc090519-7m_bin30,503,3997748,50.56,9926,3562,15,"{'Ser', 'Cys', 'Arg', 'Val', 'Met', 'Asp', 'Gly', 'Leu', 'SeC', 'Asn', 'Glu', 'Phe', 'Lys', 'Thr', 'Pro'}",0,0,0,0,90.82,1.04,83.9,87.79,1.52,65.3,0.0,True,LMSG_G000036969.1_uncultured_Desulfatirhabdiaceae_bacterium_SFLP_MTB_Loc090519-7m_bin30,Switzerland: lake Loclat,47.02 N 7.0 E,47.02,7.0,Biosample/Paper,freshwater,freshwater,No,Yes,LMSG_G000036969.1_uncultured_Desulfatirhabdiaceae_bacterium_SFLP_MTB_Loc090519-7m_bin30,uncultured_Desulfatirhabdiaceae_bacterium_SFLP_MTB_Loc090519-7m_bin30,d__Bacteria;p__Desulfobacterota;c__Desulfobacteria;o__Desulfobacterales;f__Desulfatirhabdiaceae;g__RAAP-1;s__RAAP-1 sp903953895,Contig,NovaSeq,Mars_lake_analog
LMSG_G000036970.1,LMSG_G000036970.1_uncultured_Desulfatirhabdiaceae_bacterium_SFLP_MTB_Loc090519-8m_bin12,487,4659652,50.25,13135,4223,19,"{'Ala', 'Lys', 'Thr', 'Val', 'Trp', 'Met', 'Gln', 'Leu', 'Asn', 'Glu', 'Pro', 'Ser', 'Cys', 'Arg', 'Asp', 'Gly', 'SeC', 'Phe', 'Tyr'}",3,1,1,1,96.41,0.02,95.92,99.75,0.32,86.3,0.0,True,LMSG_G000036970.1_uncultured_Desulfatirhabdiaceae_bacterium_SFLP_MTB_Loc090519-8m_bin12,Switzerland: lake Loclat,47.02 N 7.0 E,47.02,7.0,Biosample/Paper,freshwater,freshwater,No,Yes,LMSG_G000036970.1_uncultured_Desulfatirhabdiaceae_bacterium_SFLP_MTB_Loc090519-8m_bin12,uncultured_Desulfatirhabdiaceae_bacterium_SFLP_MTB_Loc090519-8m_bin12,d__Bacteria;p__Desulfobacterota;c__Desulfobacteria;o__Desulfobacterales;f__Desulfatirhabdiaceae;g__RAAP-1;s__RAAP-1 sp903953895,Contig,NovaSeq,Mars_lake_analog
LMSG_G000036971.1,LMSG_G000036971.1_uncultured_Desulfatirhabdiaceae_bacterium_SFLP_MTB_Loc090721-6m_bin27,181,4787135,50.11,53218,4154,18,"{'Ser', 'Cys', 'Arg', 'Val', 'Met', 'Asp', 'Gly', 'Leu', 'Gln', 'Asn', 'SeC', 'Trp', 'Glu', 'Phe', 'Lys', 'Thr', 'Pro', 'Tyr'}",0,0,0,0,99.03,0.36,99.56,100.0,0.4,92.7,0.0,True,LMSG_G000036971.1_uncultured_Desulfatirhabdiaceae_bacterium_SFLP_MTB_Loc090721-6m_bin27,Switzerland: lake Loclat,47.02 N 7.0 E,47.02,7.0,Biosample/Paper,freshwater,freshwater,No,Yes,LMSG_G000036971.1_uncultured_Desulfatirhabdiaceae_bacterium_SFLP_MTB_Loc090721-6m_bin27,uncultured_Desulfatirhabdiaceae_bacterium_SFLP_MTB_Loc090721-6m_bin27,d__Bacteria;p__Desulfobacterota;c__Desulfobacteria;o__Desulfobacterales;f__Desulfatirhabdiaceae;g__RAAP-1;s__RAAP-1 sp903953895,Contig,NovaSeq,Mars_lake_analog
LMSG_G000036972.1,LMSG_G000036972.1_uncultured_Desulfatirhabdiaceae_bacterium_SFLP_MTB_Loc090721-7m_bin30,567,3952897,50.67,9005,3568,14,"{'Ser', 'Cys', 'Met', 'Val', 'Asp', 'Gly', 'Leu', 'Gln', 'SeC', 'Asn', 'Glu', 'Phe', 'Lys', 'Pro'}",2,1,0,1,91.33,0.27,87.7,91.89,1.2,75.0,0.0,True,LMSG_G000036972.1_uncultured_Desulfatirhabdiaceae_bacterium_SFLP_MTB_Loc090721-7m_bin30,Switzerland: lake Loclat,47.02 N 7.0 E,47.02,7.0,Biosample/Paper,freshwater,freshwater,No,Yes,LMSG_G000036972.1_uncultured_Desulfatirhabdiaceae_bacterium_SFLP_MTB_Loc090721-7m_bin30,uncultured_Desulfatirhabdiaceae_bacterium_SFLP_MTB_Loc090721-7m_bin30,d__Bacteria;p__Desulfobacterota;c__Desulfobacteria;o__Desulfobacterales;f__Desulfatirhabdiaceae;g__RAAP-1;s__RAAP-1 sp903953895,Contig,NovaSeq,Mars_lake_analog
LMSG_G000036973.1,LMSG_G000036973.1_uncultured_Desulfatirhabdiaceae_bacterium_SFLP_MTB_Loc090907-6m_bin20,361,4223275,50.49,19290,3770,19,"{'Ala', 'Lys', 'Thr', 'Val', 'Trp', 'Ile', 'Met', 'Gln', 'Leu', 'Glu', 'Pro', 'Ser', 'Cys', 'Arg', 'Asp', 'Gly', 'SeC', 'Phe', 'Tyr'}",3,1,1,1,94.29,0.86,92.47,94.44,0.5,80.6,0.0,True,LMSG_G000036973.1_uncultured_Desulfatirhabdiaceae_bacterium_SFLP_MTB_Loc090907-6m_bin20,Switzerland: lake Loclat,47.02 N 7.0 E,47.02,7.0,Biosample/Paper,freshwater,freshwater,No,Yes,LMSG_G000036973.1_uncultured_Desulfatirhabdiaceae_bacterium_SFLP_MTB_Loc090907-6m_bin20,uncultured_Desulfatirhabdiaceae_bacterium_SFLP_MTB_Loc090907-6m_bin20,d__Bacteria;p__Desulfobacterota;c__Desulfobacteria;o__Desulfobacterales;f__Desulfatirhabdiaceae;g__RAAP-1;s__RAAP-1 sp903953895,Contig,NovaSeq,Mars_lake_analog
LMSG_G000036974.1,LMSG_G000036974.1_uncultured_Geobacterales_bacterium_SFLP_MTB_A4_bin1,209,5003715,55.24,40527,4575,19,"{'Ala', 'Lys', 'Thr', 'Val', 'Trp', 'Met', 'Gln', 'Leu', 'Asn', 'Glu', 'Pro', 'Ser', 'Cys', 'Arg', 'Asp', 'Gly', 'SeC', 'Phe', 'His'}",2,2,0,0,92.6,4.09,100.0,95.32,1.93,67.7,0.8,True,LMSG_G000036974.1_uncultured_Geobacterales_bacterium_SFLP_MTB_A4_bin1,Canada: pond SAS2A,55.23 N 77.7 W,55.23,-77.7,Biosample/Paper,freshwater,freshwater,No,Yes,LMSG_G000036974.1_uncultured_Geobacterales_bacterium_SFLP_MTB_A4_bin1,uncultured_Geobacterales_bacterium_SFLP_MTB_A4_bin1,d__Bacteria;p__Desulfobacterota;c__Desulfuromonadia;o__Geobacterales;f__CAIOGM01;g__CAIOGM01;s__,Contig,NovaSeq,Mars_lake_analog
LMSG_G000036979.1,LMSG_G000036979.1_uncultured_Pseudopelobacteraceae_bacterium_SFLP_MTB_Ja1-D4_bin17,484,3378071,49.98,8999,3094,13,"{'Ser', 'Arg', 'Met', 'Val', 'Asp', 'Gly', 'Leu', 'Asn', 'Ala', 'Glu', 'Lys', 'Thr', 'Pro'}",0,0,0,0,86.57,6.45,93.98,83.15,4.07,54.0,0.8,True,LMSG_G000036979.1_uncultured_Pseudopelobacteraceae_bacterium_SFLP_MTB_Ja1-D4_bin17,Sweden: lake Lomtj?rnan (703480-142137),63.35 N 14.46 E,63.35,14.46,Biosample/Paper,freshwater,freshwater,No,Yes,LMSG_G000036979.1_uncultured_Pseudopelobacteraceae_bacterium_SFLP_MTB_Ja1-D4_bin17,uncultured_Pseudopelobacteraceae_bacterium_SFLP_MTB_Ja1-D4_bin17,d__Bacteria;p__Desulfobacterota;c__Desulfuromonadia;o__Geobacterales;f__Pseudopelobacteraceae;g__JACRCG01;s__JACRCG01 sp903845365,Contig,NovaSeq,Mars_lake_analog
LMSG_G000036981.1,LMSG_G000036981.1_uncultured_Pseudopelobacteraceae_bacterium_SFLP_MTB_AM-lipid-02-D5_bin1,452,4387140,50.98,13394,4156,17,"{'Ser', 'Cys', 'Arg', 'Met', 'Val', 'Asp', 'Gln', 'Leu', 'Gly', 'SeC', 'Pro', 'Ala', 'Glu', 'Lys', 'Thr', 'His', 'Tyr'}",0,0,0,0,97.12,2.43,93.53,96.57,2.67,91.1,2.4,True,LMSG_G000036981.1_uncultured_Pseudopelobacteraceae_bacterium_SFLP_MTB_AM-lipid-02-D5_bin1,Finland: lake Alinen Mustaj?rvi,61.21 N 25.11 E,61.21,25.11,Biosample/Paper,freshwater,freshwater,No,Yes,LMSG_G000036981.1_uncultured_Pseudopelobacteraceae_bacterium_SFLP_MTB_AM-lipid-02-D5_bin1,uncultured_Pseudopelobacteraceae_bacterium_SFLP_MTB_AM-lipid-02-D5_bin1,d__Bacteria;p__Desulfobacterota;c__Desulfuromonadia;o__Geobacterales;f__Pseudopelobacteraceae;g__JACRCG01;s__JACRCG01 sp903925005,Contig,NovaSeq,Mars_lake_analog
LMSG_G000036983.1,LMSG_G000036983.1_uncultured_Pseudopelobacteraceae_bacterium_SFLP_MTB_A3_bin18,190,3694317,51.56,31972,3398,15,"{'Ser', 'Cys', 'Arg', 'Met', 'Val', 'Asp', 'Gln', 'Leu', 'Asn', 'Trp', 'Pro', 'Ala', 'Lys', 'Thr', 'His'}",1,1,0,0,83.87,0.9,79.11,84.76,1.38,63.7,2.4,True,LMSG_G000036983.1_uncultured_Pseudopelobacteraceae_bacterium_SFLP_MTB_A3_bin18,Canada: pond SAS2A,55.23 N 77.7 W,55.23,-77.7,Biosample/Paper,freshwater,freshwater,No,Yes,LMSG_G000036983.1_uncultured_Pseudopelobacteraceae_bacterium_SFLP_MTB_A3_bin18,uncultured_Pseudopelobacteraceae_bacterium_SFLP_MTB_A3_bin18,d__Bacteria;p__Desulfobacterota;c__Desulfuromonadia;o__Geobacterales;f__Pseudopelobacteraceae;g__JACRCG01;s__JACRCG01 sp903939115,Contig,NovaSeq,Mars_lake_analog
LMSG_G000036984.1,LMSG_G000036984.1_uncultured_Pseudopelobacteraceae_bacterium_SFLP_MTB_A4_bin21,84,4661276,50.58,104191,4374,20,"{'Ala', 'Lys', 'Thr', 'Val', 'Trp', 'Met', 'Gln', 'Leu', 'Asn', 'Glu', 'Pro', 'Ser', 'Cys', 'Arg', 'Asp', 'Gly', 'SeC', 'Phe', 'His', 'Tyr'}",2,1,0,1,99.35,0.97,99.73,100.0,2.97,98.4,0.8,True,LMSG_G000036984.1_uncultured_Pseudopelobacteraceae_bacterium_SFLP_MTB_A4_bin21,Canada: pond SAS2A,55.23 N 77.7 W,55.23,-77.7,Biosample/Paper,freshwater,freshwater,No,Yes,LMSG_G000036984.1_uncultured_Pseudopelobacteraceae_bacterium_SFLP_MTB_A4_bin21,uncultured_Pseudopelobacteraceae_bacterium_SFLP_MTB_A4_bin21,d__Bacteria;p__Desulfobacterota;c__Desulfuromonadia;o__Geobacterales;f__Pseudopelobacteraceae;g__JACRCG01;s__JACRCG01 sp903939115,Contig,NovaSeq,Mars_lake_analog
LMSG_G000036985.1,LMSG_G000036985.1_uncultured_Pseudopelobacteraceae_bacterium_SFLP_MTB_D3_bin2,306,4125050,50.9,18817,3875,20,"{'Ala', 'Lys', 'Thr', 'Val', 'Trp', 'Met', 'Gln', 'Leu', 'Asn', 'Glu', 'Pro', 'Ser', 'Cys', 'Arg', 'Asp', 'Gly', 'SeC', 'Phe', 'His', 'Tyr'}",2,1,0,1,94.21,0.97,86.56,92.11,1.58,79.0,0.0,True,LMSG_G000036985.1_uncultured_Pseudopelobacteraceae_bacterium_SFLP_MTB_D3_bin2,Canada: pond SAS2B,55.23 N 77.7 W,55.23,-77.7,Biosample/Paper,freshwater,freshwater,No,Yes,LMSG_G000036985.1_uncultured_Pseudopelobacteraceae_bacterium_SFLP_MTB_D3_bin2,uncultured_Pseudopelobacteraceae_bacterium_SFLP_MTB_D3_bin2,d__Bacteria;p__Desulfobacterota;c__Desulfuromonadia;o__Geobacterales;f__Pseudopelobacteraceae;g__JACRCG01;s__JACRCG01 sp903939115,Contig,NovaSeq,Mars_lake_analog
LMSG_G000036986.1,LMSG_G000036986.1_uncultured_Pseudopelobacteraceae_bacterium_SFLP_MTB_D4_bin5,137,4096958,51.06,47161,3788,19,"{'Ala', 'Lys', 'Thr', 'Val', 'Trp', 'Met', 'Gln', 'Leu', 'Asn', 'Glu', 'Ser', 'Cys', 'Arg', 'Asp', 'Gly', 'SeC', 'Phe', 'His', 'Tyr'}",1,0,1,0,94.62,0.86,94.42,93.08,1.47,91.9,0.8,True,LMSG_G000036986.1_uncultured_Pseudopelobacteraceae_bacterium_SFLP_MTB_D4_bin5,Canada: pond SAS2B,55.23 N 77.7 W,55.23,-77.7,Biosample/Paper,freshwater,freshwater,No,Yes,LMSG_G000036986.1_uncultured_Pseudopelobacteraceae_bacterium_SFLP_MTB_D4_bin5,uncultured_Pseudopelobacteraceae_bacterium_SFLP_MTB_D4_bin5,d__Bacteria;p__Desulfobacterota;c__Desulfuromonadia;o__Geobacterales;f__Pseudopelobacteraceae;g__JACRCG01;s__JACRCG01 sp903939115,Contig,NovaSeq,Mars_lake_analog
LMSG_G000036987.1,LMSG_G000036987.1_uncultured_Pseudopelobacteraceae_bacterium_SFLP_MTB_E5_bin6,674,4255482,51.29,8125,4014,11,"{'Ser', 'Arg', 'Val', 'Leu', 'SeC', 'Asn', 'Trp', 'His', 'Phe', 'Thr', 'Pro'}",0,0,0,0,86.35,2.58,86.77,88.92,1.89,53.2,0.8,True,LMSG_G000036987.1_uncultured_Pseudopelobacteraceae_bacterium_SFLP_MTB_E5_bin6,Canada: pond SAS2D,55.23 N 77.69 W,55.23,-77.69,Biosample/Paper,freshwater,freshwater,No,Yes,LMSG_G000036987.1_uncultured_Pseudopelobacteraceae_bacterium_SFLP_MTB_E5_bin6,uncultured_Pseudopelobacteraceae_bacterium_SFLP_MTB_E5_bin6,d__Bacteria;p__Desulfobacterota;c__Desulfuromonadia;o__Geobacterales;f__Pseudopelobacteraceae;g__JACRCG01;s__JACRCG01 sp903939115,Contig,NovaSeq,Mars_lake_analog
LMSG_G000036990.1,LMSG_G000036990.1_uncultured_Syntrophales_bacterium_SFLP_MTB_Day2-6_bin17,566,3596738,55.43,7806,3369,19,"{'Ala', 'Lys', 'Thr', 'Val', 'Trp', 'Met', 'Gln', 'Leu', 'Asn', 'Glu', 'Pro', 'Ser', 'Cys', 'Arg', 'Asp', 'Gly', 'SeC', 'Phe', 'His'}",3,1,1,1,87.4,1.29,91.53,83.37,3.0,84.7,0.0,True,LMSG_G000036990.1_uncultured_Syntrophales_bacterium_SFLP_MTB_Day2-6_bin17,Sweden: lake Lomtj?rnan (703480-142137),63.35 N 14.46 E,63.35,14.46,Biosample/Paper,freshwater,freshwater,No,Yes,LMSG_G000036990.1_uncultured_Syntrophales_bacterium_SFLP_MTB_Day2-6_bin17,uncultured_Syntrophales_bacterium_SFLP_MTB_Day2-6_bin17,d__Bacteria;p__Desulfobacterota;c__Syntrophia;o__Syntrophales;f__UBA5619;g__UBA5619;s__UBA5619 sp903903205,Contig,NovaSeq,Mars_lake_analog
LMSG_G000036991.1,LMSG_G000036991.1_uncultured_Syntrophales_bacterium_SFLP_MTB_Ja1-D5_bin7,395,3486791,56.04,15534,3163,21,"{'Ala', 'Lys', 'Thr', 'Val', 'Trp', 'Ile', 'Met', 'Gln', 'Leu', 'Asn', 'Glu', 'Pro', 'Ser', 'Cys', 'Arg', 'Asp', 'Gly', 'SeC', 'Phe', 'His', 'Tyr'}",9,1,4,4,88.49,1.29,91.52,82.45,1.57,89.5,0.0,True,LMSG_G000036991.1_uncultured_Syntrophales_bacterium_SFLP_MTB_Ja1-D5_bin7,Sweden: lake Lomtj?rnan (703480-142137),63.35 N 14.46 E,63.35,14.46,Biosample/Paper,freshwater,freshwater,No,Yes,LMSG_G000036991.1_uncultured_Syntrophales_bacterium_SFLP_MTB_Ja1-D5_bin7,uncultured_Syntrophales_bacterium_SFLP_MTB_Ja1-D5_bin7,d__Bacteria;p__Desulfobacterota;c__Syntrophia;o__Syntrophales;f__UBA5619;g__UBA5619;s__UBA5619 sp903903205,Contig,NovaSeq,Mars_lake_analog
LMSG_G000036992.1,LMSG_G000036992.1_uncultured_Syntrophorhabdaceae_bacterium_SFLP_MTB_Ja1-D5_bin2,301,2723977,51.07,11869,2692,18,"{'Ser', 'Cys', 'Arg', 'Val', 'Met', 'Asp', 'Gly', 'Leu', 'Asn', 'Gln', 'Pro', 'Ala', 'Glu', 'Phe', 'Lys', 'Thr', 'His', 'Tyr'}",0,0,0,0,86.96,0.36,90.05,89.78,1.05,75.0,0.0,True,LMSG_G000036992.1_uncultured_Syntrophorhabdaceae_bacterium_SFLP_MTB_Ja1-D5_bin2,Sweden: lake Lomtj?rnan (703480-142137),63.35 N 14.46 E,63.35,14.46,Biosample/Paper,freshwater,freshwater,No,Yes,LMSG_G000036992.1_uncultured_Syntrophorhabdaceae_bacterium_SFLP_MTB_Ja1-D5_bin2,uncultured_Syntrophorhabdaceae_bacterium_SFLP_MTB_Ja1-D5_bin2,d__Bacteria;p__Desulfobacterota_G;c__Syntrophorhabdia;o__Syntrophorhabdales;f__Syntrophorhabdaceae;g__Delta-02;s__Delta-02 sp903872255,Contig,NovaSeq,Mars_lake_analog
LMSG_G000036993.1,LMSG_G000036993.1_uncultured_Desulfovibrionaceae_bacterium_SFLP_MTB_AM-lipid-01-D7_bin11,47,3886096,63.83,142028,3456,21,"{'Ala', 'Lys', 'Thr', 'Val', 'Trp', 'Ile', 'Met', 'Gln', 'Leu', 'Asn', 'Glu', 'Pro', 'Ser', 'Cys', 'Arg', 'Asp', 'Gly', 'SeC', 'Phe', 'His', 'Tyr'}",0,0,0,0,99.41,0.0,97.87,99.79,0.46,92.7,0.0,True,LMSG_G000036993.1_uncultured_Desulfovibrionaceae_bacterium_SFLP_MTB_AM-lipid-01-D7_bin11,Finland: lake Alinen Mustaj?rvi,61.21 N 25.11 E,61.21,25.11,Biosample/Paper,freshwater,freshwater,No,Yes,LMSG_G000036993.1_uncultured_Desulfovibrionaceae_bacterium_SFLP_MTB_AM-lipid-01-D7_bin11,uncultured_Desulfovibrionaceae_bacterium_SFLP_MTB_AM-lipid-01-D7_bin11,d__Bacteria;p__Desulfobacterota;c__Desulfovibrionia;o__Desulfovibrionales;f__Desulfovibrionaceae;g__CAILNX01;s__CAILNX01 sp903835685,Contig,NovaSeq,Mars_lake_analog
LMSG_G000036994.1,LMSG_G000036994.1_uncultured_Desulfovibrionaceae_bacterium_SFLP_MTB_AM-lipid-01-D8_bin17,130,4382062,62.87,66826,3915,21,"{'Ala', 'Lys', 'Thr', 'Val', 'Trp', 'Ile', 'Met', 'Gln', 'Leu', 'Asn', 'Glu', 'Pro', 'Ser', 'Cys', 'Arg', 'Asp', 'Gly', 'SeC', 'Phe', 'His', 'Tyr'}",0,0,0,0,100.0,0.1,97.56,99.96,0.81,92.7,0.0,True,LMSG_G000036994.1_uncultured_Desulfovibrionaceae_bacterium_SFLP_MTB_AM-lipid-01-D8_bin17,Finland: lake Alinen Mustaj?rvi,61.21 N 25.11 E,61.21,25.11,Biosample/Paper,freshwater,freshwater,No,Yes,LMSG_G000036994.1_uncultured_Desulfovibrionaceae_bacterium_SFLP_MTB_AM-lipid-01-D8_bin17,uncultured_Desulfovibrionaceae_bacterium_SFLP_MTB_AM-lipid-01-D8_bin17,d__Bacteria;p__Desulfobacterota;c__Desulfovibrionia;o__Desulfovibrionales;f__Desulfovibrionaceae;g__CAILNX01;s__CAILNX01 sp903835685,Contig,NovaSeq,Mars_lake_analog
LMSG_G000036995.1,LMSG_G000036995.1_uncultured_Desulfovibrionaceae_bacterium_SFLP_MTB_AM-lipid-02-D6_bin11,521,3374484,64.82,7919,3109,17,"{'Ser', 'Arg', 'Val', 'Met', 'Asp', 'Gln', 'Leu', 'Gly', 'Trp', 'Glu', 'Ala', 'His', 'Lys', 'Thr', 'Pro', 'Tyr', 'Ile'}",0,0,0,0,88.35,2.86,79.15,83.86,0.91,66.9,0.8,True,LMSG_G000036995.1_uncultured_Desulfovibrionaceae_bacterium_SFLP_MTB_AM-lipid-02-D6_bin11,Finland: lake Alinen Mustaj?rvi,61.21 N 25.11 E,61.21,25.11,Biosample/Paper,freshwater,freshwater,No,Yes,LMSG_G000036995.1_uncultured_Desulfovibrionaceae_bacterium_SFLP_MTB_AM-lipid-02-D6_bin11,uncultured_Desulfovibrionaceae_bacterium_SFLP_MTB_AM-lipid-02-D6_bin11,d__Bacteria;p__Desulfobacterota;c__Desulfovibrionia;o__Desulfovibrionales;f__Desulfovibrionaceae;g__CAILNX01;s__CAILNX01 sp903835685,Contig,NovaSeq,Mars_lake_analog
LMSG_G000036996.1,LMSG_G000036996.1_uncultured_Desulfovibrionaceae_bacterium_SFLP_MTB_AM-lipid-02-D7_bin42,114,4220505,63.4,68600,3774,21,"{'Ala', 'Lys', 'Thr', 'Val', 'Trp', 'Ile', 'Met', 'Gln', 'Leu', 'Asn', 'Glu', 'Pro', 'Ser', 'Cys', 'Arg', 'Asp', 'Gly', 'SeC', 'Phe', 'His', 'Tyr'}",2,1,0,1,100.0,0.46,97.39,99.97,0.84,91.9,0.0,True,LMSG_G000036996.1_uncultured_Desulfovibrionaceae_bacterium_SFLP_MTB_AM-lipid-02-D7_bin42,Finland: lake Alinen Mustaj?rvi,61.21 N 25.11 E,61.21,25.11,Biosample/Paper,freshwater,freshwater,No,Yes,LMSG_G000036996.1_uncultured_Desulfovibrionaceae_bacterium_SFLP_MTB_AM-lipid-02-D7_bin42,uncultured_Desulfovibrionaceae_bacterium_SFLP_MTB_AM-lipid-02-D7_bin42,d__Bacteria;p__Desulfobacterota;c__Desulfovibrionia;o__Desulfovibrionales;f__Desulfovibrionaceae;g__CAILNX01;s__CAILNX01 sp903835685,Contig,NovaSeq,Mars_lake_analog
LMSG_G000036997.1,LMSG_G000036997.1_uncultured_Hydrogenedentiales_bacterium_SFLP_MTB_Ki3-D4_bin17,795,4936554,58.0,7875,4148,17,"{'Ser', 'Cys', 'Arg', 'Met', 'Asp', 'Gly', 'Leu', 'Gln', 'Asn', 'Trp', 'Pro', 'Ala', 'Phe', 'Glu', 'Lys', 'Thr', 'His'}",2,1,0,1,87.28,0.39,85.7,89.77,2.0,72.6,0.0,True,LMSG_G000036997.1_uncultured_Hydrogenedentiales_bacterium_SFLP_MTB_Ki3-D4_bin17,Sweden: lake Haukij?rvi,67.65 N 21.17 E,67.65,21.17,Biosample/Paper,freshwater,freshwater,No,Yes,LMSG_G000036997.1_uncultured_Hydrogenedentiales_bacterium_SFLP_MTB_Ki3-D4_bin17,uncultured_Hydrogenedentiales_bacterium_SFLP_MTB_Ki3-D4_bin17,d__Bacteria;p__Hydrogenedentota;c__Hydrogenedentia;o__Hydrogenedentiales;f__CAIZGN01;g__CAIZGN01;s__CAIZGN01 sp903932505,Contig,NovaSeq,Mars_lake_analog
LMSG_G000036998.1,LMSG_G000036998.1_uncultured_Polyangiaceae_bacterium_SFLP_MTB_KT4_bin17,669,8017071,63.82,17174,6906,17,"{'Ser', 'Cys', 'Arg', 'Met', 'Val', 'Asp', 'Gly', 'Leu', 'Gln', 'Ala', 'Glu', 'Lys', 'Phe', 'His', 'Thr', 'Pro', 'Tyr'}",1,0,1,0,90.61,7.57,98.33,99.67,4.32,87.9,2.4,True,LMSG_G000036998.1_uncultured_Polyangiaceae_bacterium_SFLP_MTB_KT4_bin17,Sweden: lake Lomtj?rnan (703480-142137),63.35 N 14.46 E,63.35,14.46,Biosample/Paper,freshwater,freshwater,No,Yes,LMSG_G000036998.1_uncultured_Polyangiaceae_bacterium_SFLP_MTB_KT4_bin17,uncultured_Polyangiaceae_bacterium_SFLP_MTB_KT4_bin17,d__Bacteria;p__Myxococcota;c__Polyangia;o__Polyangiales;f__Polyangiaceae;g__JAJZQG01;s__,Contig,NovaSeq,Mars_lake_analog
LMSG_G000037000.1,LMSG_G000037000.1_uncultured_Omnitrophota_bacterium_SFLP_MTB_Ki2-D4_bin23,99,2613013,54.89,45002,2243,20,"{'Ala', 'Lys', 'Thr', 'Val', 'Trp', 'Met', 'Gln', 'Leu', 'Asn', 'Glu', 'Pro', 'Ser', 'Cys', 'Arg', 'Asp', 'Gly', 'SeC', 'Phe', 'His', 'Tyr'}",0,0,0,0,89.36,4.3,93.83,96.03,0.83,84.7,1.6,True,LMSG_G000037000.1_uncultured_Omnitrophota_bacterium_SFLP_MTB_Ki2-D4_bin23,Sweden: lake Kiruna 754378??69136,67.92 N 20.37 E,67.92,20.37,Biosample/Paper,freshwater,freshwater,No,Yes,LMSG_G000037000.1_uncultured_Omnitrophota_bacterium_SFLP_MTB_Ki2-D4_bin23,uncultured_Omnitrophota_bacterium_SFLP_MTB_Ki2-D4_bin23,d__Bacteria;p__Omnitrophota;c__Koll11;o__Zapsychrales;f__Fredricksoniimonadaceae;g__Fredricksoniimonas;s__Fredricksoniimonas sp903861305,Contig,NovaSeq,Mars_lake_analog
LMSG_G000037005.1,LMSG_G000037005.1_uncultured_Azospirillaceae_bacterium_SFLP_MTB_AM-2014-D4_bin6,390,5129281,65.22,20242,4841,18,"{'Ser', 'Cys', 'Arg', 'Met', 'Val', 'Asp', 'Gly', 'Leu', 'Asn', 'Gln', 'Trp', 'Glu', 'His', 'Lys', 'Ala', 'Thr', 'Pro', 'Tyr'}",0,0,0,0,97.4,2.4,96.12,96.21,4.47,84.7,1.6,True,LMSG_G000037005.1_uncultured_Azospirillaceae_bacterium_SFLP_MTB_AM-2014-D4_bin6,Finland: lake Alinen Mustaj?rvi,61.21 N 25.11 E,61.21,25.11,Biosample/Paper,freshwater,freshwater,No,Yes,LMSG_G000037005.1_uncultured_Azospirillaceae_bacterium_SFLP_MTB_AM-2014-D4_bin6,uncultured_Azospirillaceae_bacterium_SFLP_MTB_AM-2014-D4_bin6,d__Bacteria;p__Pseudomonadota;c__Alphaproteobacteria;o__Azospirillales;f__Azospirillaceae;g__CAIZDL01;s__,Contig,NovaSeq,Mars_lake_analog
LMSG_G000037006.1,LMSG_G000037006.1_uncultured_Azospirillaceae_bacterium_SFLP_MTB_VK3_bin11,250,3612753,65.64,23527,3353,20,"{'Ala', 'Lys', 'Thr', 'Val', 'Trp', 'Met', 'Gln', 'Leu', 'Asn', 'Glu', 'Pro', 'Ser', 'Cys', 'Arg', 'Asp', 'Gly', 'SeC', 'Phe', 'His', 'Tyr'}",0,0,0,0,95.45,0.22,96.29,84.57,0.77,92.7,0.0,True,LMSG_G000037006.1_uncultured_Azospirillaceae_bacterium_SFLP_MTB_VK3_bin11,Finland: lake Valkea Kotinen,61.24 N 25.06 E,61.24,25.06,Biosample/Paper,freshwater,freshwater,No,Yes,LMSG_G000037006.1_uncultured_Azospirillaceae_bacterium_SFLP_MTB_VK3_bin11,uncultured_Azospirillaceae_bacterium_SFLP_MTB_VK3_bin11,d__Bacteria;p__Pseudomonadota;c__Alphaproteobacteria;o__Azospirillales;f__Azospirillaceae;g__CAIZDL01;s__CAIZDL01 sp903856295,Contig,NovaSeq,Mars_lake_analog
LMSG_G000037007.1,LMSG_G000037007.1_uncultured_Azospirillaceae_bacterium_SFLP_MTB_Umea3p3_bin40,393,2902485,60.9,9431,2763,18,"{'Ser', 'Cys', 'Arg', 'Met', 'Val', 'Gln', 'Leu', 'Asn', 'Gly', 'Trp', 'Pro', 'Ala', 'Glu', 'Phe', 'Lys', 'Thr', 'His', 'Tyr'}",1,0,1,0,91.65,0.6,92.8,83.62,1.77,82.3,0.0,True,LMSG_G000037007.1_uncultured_Azospirillaceae_bacterium_SFLP_MTB_Umea3p3_bin40,Sweden: lake Bj?rntj?rnan (711632-164487),64.12 N 18.78 E,64.12,18.78,Biosample/Paper,freshwater,freshwater,No,Yes,LMSG_G000037007.1_uncultured_Azospirillaceae_bacterium_SFLP_MTB_Umea3p3_bin40,uncultured_Azospirillaceae_bacterium_SFLP_MTB_Umea3p3_bin40,d__Bacteria;p__Pseudomonadota;c__Alphaproteobacteria;o__Azospirillales;f__Azospirillaceae;g__CAIZDL01;s__CAIZDL01 sp903931735,Contig,NovaSeq,Mars_lake_analog
LMSG_G000037008.1,LMSG_G000037008.1_uncultured_Azospirillaceae_bacterium_SFLP_MTB_Umea3p4_bin32,491,2967519,60.88,7202,2876,15,"{'Ser', 'Cys', 'Arg', 'Val', 'Met', 'Gln', 'Gly', 'Asn', 'Leu', 'Pro', 'Glu', 'Phe', 'Thr', 'His', 'Tyr'}",0,0,0,0,87.1,0.36,89.75,80.73,1.75,74.2,0.0,True,LMSG_G000037008.1_uncultured_Azospirillaceae_bacterium_SFLP_MTB_Umea3p4_bin32,Sweden: lake Bj?rntj?rnan (711632-164487),64.12 N 18.78 E,64.12,18.78,Biosample/Paper,freshwater,freshwater,No,Yes,LMSG_G000037008.1_uncultured_Azospirillaceae_bacterium_SFLP_MTB_Umea3p4_bin32,uncultured_Azospirillaceae_bacterium_SFLP_MTB_Umea3p4_bin32,d__Bacteria;p__Pseudomonadota;c__Alphaproteobacteria;o__Azospirillales;f__Azospirillaceae;g__CAIZDL01;s__CAIZDL01 sp903931735,Contig,NovaSeq,Mars_lake_analog
LMSG_G000037009.1,LMSG_G000037009.1_uncultured_Magnetospirillum_SFLP_MTB_Loc080925-5-5m_bin37,299,3078168,66.77,14145,2912,17,"{'Ser', 'Arg', 'Met', 'Val', 'Asp', 'Gly', 'Leu', 'Gln', 'Asn', 'SeC', 'Glu', 'Ala', 'Lys', 'His', 'Phe', 'Thr', 'Pro'}",0,0,0,0,90.23,1.33,92.89,83.67,1.99,60.5,0.8,True,LMSG_G000037009.1_uncultured_Magnetospirillum_SFLP_MTB_Loc080925-5-5m_bin37,Switzerland: lake Loclat,47.02 N 7.0 E,47.02,7.0,Biosample/Paper,freshwater,freshwater,No,Yes,LMSG_G000037009.1_uncultured_Magnetospirillum_SFLP_MTB_Loc080925-5-5m_bin37,uncultured_Magnetospirillum_SFLP_MTB_Loc080925-5-5m_bin37,d__Bacteria;p__Pseudomonadota;c__Alphaproteobacteria;o__Rhodospirillales;f__Magnetospirillaceae;g__Magnetospirillum;s__Magnetospirillum sp903941095,Contig,NovaSeq,Mars_lake_analog
LMSG_G000037010.1,LMSG_G000037010.1_uncultured_Phaeospirillum_SFLP_MTB_AM-lipid-02-D5_bin40,168,4253669,66.16,40961,3965,17,"{'Ser', 'Cys', 'Arg', 'Val', 'Met', 'Asp', 'Gly', 'Gln', 'Leu', 'Asn', 'Glu', 'His', 'Ala', 'Lys', 'Phe', 'Thr', 'Pro'}",0,0,0,0,94.65,0.66,100.0,90.81,0.17,68.5,0.0,True,LMSG_G000037010.1_uncultured_Phaeospirillum_SFLP_MTB_AM-lipid-02-D5_bin40,Finland: lake Alinen Mustaj?rvi,61.21 N 25.11 E,61.21,25.11,Biosample/Paper,freshwater,freshwater,No,Yes,LMSG_G000037010.1_uncultured_Phaeospirillum_SFLP_MTB_AM-lipid-02-D5_bin40,uncultured_Phaeospirillum_SFLP_MTB_AM-lipid-02-D5_bin40,d__Bacteria;p__Pseudomonadota;c__Alphaproteobacteria;o__Rhodospirillales;f__Magnetospirillaceae;g__Phaeospirillum;s__Phaeospirillum sp903853455,Contig,NovaSeq,Mars_lake_analog
LMSG_G000037011.1,LMSG_G000037011.1_uncultured_Phaeospirillum_SFLP_MTB_VK2_bin2,158,4888818,65.42,53920,4530,19,"{'Ala', 'Lys', 'Thr', 'Val', 'Trp', 'Met', 'Gln', 'Leu', 'Asn', 'Glu', 'Pro', 'Ser', 'Cys', 'Arg', 'Asp', 'Gly', 'Phe', 'His', 'Tyr'}",1,0,1,0,99.5,1.16,100.0,99.99,0.52,98.4,0.0,True,LMSG_G000037011.1_uncultured_Phaeospirillum_SFLP_MTB_VK2_bin2,Finland: lake Valkea Kotinen,61.24 N 25.06 E,61.24,25.06,Biosample/Paper,freshwater,freshwater,No,Yes,LMSG_G000037011.1_uncultured_Phaeospirillum_SFLP_MTB_VK2_bin2,uncultured_Phaeospirillum_SFLP_MTB_VK2_bin2,d__Bacteria;p__Pseudomonadota;c__Alphaproteobacteria;o__Rhodospirillales;f__Magnetospirillaceae;g__Phaeospirillum;s__Phaeospirillum sp903853455,Contig,NovaSeq,Mars_lake_analog
LMSG_G000037012.1,LMSG_G000037012.1_uncultured_Phaeospirillum_SFLP_MTB_E3_bin4,249,4098244,65.36,25121,3741,19,"{'Ala', 'Lys', 'Thr', 'Val', 'Trp', 'Met', 'Gln', 'Leu', 'Asn', 'Glu', 'Pro', 'Ser', 'Cys', 'Arg', 'Asp', 'Gly', 'Phe', 'His', 'Tyr'}",1,1,0,0,91.29,4.49,94.39,91.14,3.31,79.8,0.8,True,LMSG_G000037012.1_uncultured_Phaeospirillum_SFLP_MTB_E3_bin4,Canada: pond SAS2C,55.23 N 77.7 W,55.23,-77.7,Biosample/Paper,freshwater,freshwater,No,Yes,LMSG_G000037012.1_uncultured_Phaeospirillum_SFLP_MTB_E3_bin4,uncultured_Phaeospirillum_SFLP_MTB_E3_bin4,d__Bacteria;p__Pseudomonadota;c__Alphaproteobacteria;o__Rhodospirillales;f__Magnetospirillaceae;g__Phaeospirillum;s__Phaeospirillum sp903901915,Contig,NovaSeq,Mars_lake_analog
LMSG_G000037014.1,LMSG_G000037014.1_uncultured_Telmatospirillum_SFLP_MTB_AM-2014-D4_bin5,564,5220492,64.9,11758,4918,17,"{'Ser', 'Cys', 'Arg', 'Val', 'Met', 'Asp', 'Gln', 'Leu', 'Gly', 'Asn', 'Ala', 'Glu', 'Phe', 'Lys', 'His', 'Thr', 'Pro'}",0,0,0,0,89.55,0.79,85.9,88.95,1.93,85.5,0.0,True,LMSG_G000037014.1_uncultured_Telmatospirillum_SFLP_MTB_AM-2014-D4_bin5,Finland: lake Alinen Mustaj?rvi,61.21 N 25.11 E,61.21,25.11,Biosample/Paper,freshwater,freshwater,No,Yes,LMSG_G000037014.1_uncultured_Telmatospirillum_SFLP_MTB_AM-2014-D4_bin5,uncultured_Telmatospirillum_SFLP_MTB_AM-2014-D4_bin5,d__Bacteria;p__Pseudomonadota;c__Alphaproteobacteria;o__Rhodospirillales;f__Magnetospirillaceae;g__Telmatospirillum;s__Telmatospirillum sp903858635,Contig,NovaSeq,Mars_lake_analog
LMSG_G000037015.1,LMSG_G000037015.1_uncultured_Telmatospirillum_SFLP_MTB_AM-lipid-02-D5_bin20,474,4582394,65.68,14088,4269,18,"{'Ser', 'Cys', 'Arg', 'Val', 'Met', 'Asp', 'Gln', 'Leu', 'Asn', 'Gly', 'Trp', 'Ala', 'Phe', 'His', 'Lys', 'Glu', 'Thr', 'Pro'}",0,0,0,0,90.63,0.5,87.61,90.35,0.32,86.3,0.0,True,LMSG_G000037015.1_uncultured_Telmatospirillum_SFLP_MTB_AM-lipid-02-D5_bin20,Finland: lake Alinen Mustaj?rvi,61.21 N 25.11 E,61.21,25.11,Biosample/Paper,freshwater,freshwater,No,Yes,LMSG_G000037015.1_uncultured_Telmatospirillum_SFLP_MTB_AM-lipid-02-D5_bin20,uncultured_Telmatospirillum_SFLP_MTB_AM-lipid-02-D5_bin20,d__Bacteria;p__Pseudomonadota;c__Alphaproteobacteria;o__Rhodospirillales;f__Magnetospirillaceae;g__Telmatospirillum;s__Telmatospirillum sp903858635,Contig,NovaSeq,Mars_lake_analog
LMSG_G000037016.1,LMSG_G000037016.1_uncultured_gamma_proteobacterium_SFLP_MTB_KR4_bin15,281,3172910,53.22,16894,2857,19,"{'Ala', 'Lys', 'Thr', 'Val', 'Trp', 'Met', 'Gln', 'Leu', 'Asn', 'Glu', 'Pro', 'Ser', 'Cys', 'Arg', 'Asp', 'Gly', 'Phe', 'His', 'Tyr'}",1,0,1,0,89.7,0.73,98.57,99.89,0.01,96.8,0.0,True,LMSG_G000037016.1_uncultured_gamma_proteobacterium_SFLP_MTB_KR4_bin15,Finland: lake Keskinen Rajaj?rvi,61.22 N 25.22 E,61.22,25.22,Biosample/Paper,freshwater,freshwater,No,Yes,LMSG_G000037016.1_uncultured_gamma_proteobacterium_SFLP_MTB_KR4_bin15,uncultured_gamma_proteobacterium_SFLP_MTB_KR4_bin15,d__Bacteria;p__Pseudomonadota;c__Gammaproteobacteria;o__CAIRSR01;f__CAIRSR01;g__CAIRSR01;s__CAIRSR01 sp903824965,Contig,NovaSeq,Mars_lake_analog
LMSG_G000037017.1,LMSG_G000037017.1_uncultured_gamma_proteobacterium_SFLP_MTB_KR4_bin9,350,3200600,55.07,13468,2871,17,"{'Ser', 'Arg', 'Val', 'Met', 'Asp', 'Gln', 'Leu', 'Gly', 'Trp', 'Pro', 'Ala', 'Glu', 'Lys', 'Phe', 'Thr', 'His', 'Tyr'}",1,1,0,0,88.26,2.23,94.05,95.19,0.63,90.3,0.0,True,LMSG_G000037017.1_uncultured_gamma_proteobacterium_SFLP_MTB_KR4_bin9,Finland: lake Keskinen Rajaj?rvi,61.22 N 25.22 E,61.22,25.22,Biosample/Paper,freshwater,freshwater,No,Yes,LMSG_G000037017.1_uncultured_gamma_proteobacterium_SFLP_MTB_KR4_bin9,uncultured_gamma_proteobacterium_SFLP_MTB_KR4_bin9,d__Bacteria;p__Pseudomonadota;c__Gammaproteobacteria;o__CAIRSR01;f__CAIRSR01;g__CAIRSR01;s__CAIRSR01 sp903881315,Contig,NovaSeq,Mars_lake_analog
LMSG_G000037018.1,LMSG_G000037018.1_uncultured_Magnetaquicoccaceae_bacterium_SFLP_MTB_Umea3p4_bin52,702,3160004,57.78,4840,3072,14,"{'Ser', 'Cys', 'Arg', 'Val', 'Met', 'Gly', 'Leu', 'Gln', 'Trp', 'Ala', 'Phe', 'Lys', 'Thr', 'Pro'}",0,0,0,0,76.27,0.96,87.42,85.3,3.7,71.0,0.0,True,LMSG_G000037018.1_uncultured_Magnetaquicoccaceae_bacterium_SFLP_MTB_Umea3p4_bin52,Sweden: lake Bj?rntj?rnan (711632-164487),64.12 N 18.78 E,64.12,18.78,Biosample/Paper,freshwater,freshwater,No,Yes,LMSG_G000037018.1_uncultured_Magnetaquicoccaceae_bacterium_SFLP_MTB_Umea3p4_bin52,uncultured_Magnetaquicoccaceae_bacterium_SFLP_MTB_Umea3p4_bin52,d__Bacteria;p__Pseudomonadota;c__Magnetococcia;o__Magnetococcales;f__Magnetaquicoccaceae;g__HCHbin5;s__HCHbin5 sp903913345,Contig,NovaSeq,Mars_lake_analog
RAST_1898112,RAST_1898112_181_Rhodospirillaceae_bacterium_MAG_01419_mvb_30,477,2811682,55.72,7268,2791,15,"{'Ser', 'Arg', 'Met', 'Val', 'Asp', 'Gly', 'Leu', 'Gln', 'Ala', 'Glu', 'Lys', 'His', 'Thr', 'Pro', 'Tyr'}",0,0,0,0,94.58,4.1,92.88,87.04,4.22,90.3,0.0,True,RAST_1898112_181_Rhodospirillaceae_bacterium_MAG_01419_mvb_30,Greece: Etoliko Lagoon,38.4825 N 21.315 E,38.4825,21.315,Biosample/Paper,brackish,brackish,No,Yes,RAST_1898112_181_Rhodospirillaceae_bacterium_MAG_01419_mvb_30,Rhodospirillaceae_bacterium_MAG_01419_mvb_30,d__Bacteria;p__Pseudomonadota;c__Alphaproteobacteria;o__Rhodospirillales_A;f__Magnetovibrionaceae;g__Magnetovibrio;s__,Contig,Illumina HiSeq 2000,Mars_lake_analog
GCA_022760095.1,GCA_022760095.1_Candidatus_Magnetoovum_sp._WYHC-5,307,3177142,37.99,15616,2861,21,"{'SeC', 'Tyr', 'Lys', 'Thr', 'Val', 'Glu', 'Ser', 'Asp', 'Arg', 'Met', 'Cys', 'Trp', 'Phe', 'Leu', 'Gly', 'Ala', 'His', 'Gln', 'Ile', 'Pro', 'Asn'}",3,1,1,1,95.25,0.91,92.4,95.33,0.91,87.1,0.0,True,GCA_022760095.1_Candidatus_Magnetoovum_sp._WYHC-5,China: Lake Weiyanghu,34.40 N 108.99 E,34.4,108.99,Biosample/Paper,freshwater,freshwater,Yes,No,GCA_022760095.1_Candidatus_Magnetoovum_sp._WYHC-5,Candidatus_Magnetoovum_sp._WYHC-5,d__Bacteria;p__Nitrospirota;c__Thermodesulfovibrionia;o__Thermodesulfovibrionales;f__Magnetobacteriaceae;g__XYC;s__XYC sp018606805,Contig,Illumina NovaSeq,Mars_lake_analog
GCA_036937345.1,GCA_036937345.1_Chromatiales_bacterium_YYHR-1,1527,5228569,55.12,5431,5456,18,"{'Tyr', 'Ser', 'Asp', 'His', 'Gln', 'Arg', 'Met', 'Lys', 'Thr', 'Ile', 'Gly', 'Val', 'Ala', 'Pro', 'Asn', 'Phe', 'Glu', 'Leu'}",1,0,1,0,75.21,6.27,90.02,82.27,7.12,53.2,0.8,True,GCA_036937345.1_Chromatiales_bacterium_YYHR-1,China: Yeya Lake,40.406861 N 115.845167 E,40.406861,115.845167,Biosample/Paper,freshwater,freshwater,Yes,No,GCA_036937345.1_Chromatiales_bacterium_YYHR-1,Chromatiales_bacterium_YYHR-1,d__Bacteria;p__Pseudomonadota;c__Gammaproteobacteria;o__BW-2;f__BW-2;g__BW-2;s__,Scaffold,Illumina NovaSeq,Mars_lake_analog
GCA_039908085.1,GCA_039908085.1_Magnetococcus_sp._YQC-5,553,5700412,50.73,14374,4982,20,"{'Tyr', 'Lys', 'Thr', 'Val', 'Glu', 'Ser', 'Asp', 'Arg', 'Met', 'Cys', 'Trp', 'Phe', 'Leu', 'Gly', 'Ala', 'His', 'Gln', 'Ile', 'Pro', 'Asn'}",2,1,1,0,91.56,3.36,99.31,97.23,1.6,70.1,1.6,True,GCA_039908085.1_Magnetococcus_sp._YQC-5,China: Yuqiao Lake,40.041111 N 117.455833 E,40.041111,117.455833,Biosample/Paper,freshwater,freshwater,Yes,No,GCA_039908085.1_Magnetococcus_sp._YQC-5,Magnetococcus_sp._YQC-5,d__Bacteria;p__Pseudomonadota;c__Magnetococcia;o__Magnetococcales;f__Magnetaquicoccaceae;g__JAANAU01;s__,Contig,Illumina NovaSeq,Mars_lake_analog
GCA_039908095.1,GCA_039908095.1_Nitrospirae_bacterium_YQR-1,110,3496824,42.33,87846,3164,20,"{'SeC', 'Tyr', 'Lys', 'Thr', 'Val', 'Glu', 'Ser', 'Asp', 'Arg', 'Met', 'Cys', 'Trp', 'Phe', 'Leu', 'Gly', 'Ala', 'His', 'Gln', 'Pro', 'Asn'}",1,0,1,0,97.73,0.91,100.0,100.0,0.13,93.5,0.0,True,GCA_039908095.1_Nitrospirae_bacterium_YQR-1,China: Yuqiao Lake,40.041111 N 117.455833 E,40.041111,117.455833,Biosample/Paper,freshwater,freshwater,Yes,No,GCA_039908095.1_Nitrospirae_bacterium_YQR-1,Nitrospirae_bacterium_YQR-1,d__Bacteria;p__Nitrospirota;c__Thermodesulfovibrionia;o__Thermodesulfovibrionales;f__Magnetobacteriaceae;g__JADFXG01;s__,Scaffold,Illumina NovaSeq,Mars_lake_analog
GCA_039908105.1,GCA_039908105.1_Magnetococcus_sp._YQC-9,208,3864532,58.26,30462,3205,19,"{'Tyr', 'Lys', 'Thr', 'Val', 'Glu', 'Ser', 'Asp', 'Arg', 'Met', 'Cys', 'Trp', 'Phe', 'Leu', 'Gly', 'Ala', 'Gln', 'Ile', 'Pro', 'Asn'}",2,2,0,0,97.06,2.1,99.13,99.38,0.42,96.8,0.8,True,GCA_039908105.1_Magnetococcus_sp._YQC-9,China: Yuqiao Lake,40.041111 N 117.455833 E,40.041111,117.455833,Biosample/Paper,freshwater,freshwater,Yes,No,GCA_039908105.1_Magnetococcus_sp._YQC-9,Magnetococcus_sp._YQC-9,d__Bacteria;p__Pseudomonadota;c__Magnetococcia;o__Magnetococcales;f__Magnetaquicoccaceae;g__JAANAU01;s__,Contig,Illumina NovaSeq,Mars_lake_analog
GCA_039908125.1,GCA_039908125.1_Magnetococcus_sp._XQGC-1,433,4602324,57.21,36062,4025,19,"{'Tyr', 'Lys', 'Thr', 'Val', 'Glu', 'Ser', 'Asp', 'Arg', 'Met', 'Trp', 'Phe', 'Leu', 'Gly', 'Ala', 'His', 'Gln', 'Ile', 'Pro', 'Asn'}",6,2,2,2,89.43,8.17,90.06,92.86,9.54,77.4,1.6,True,GCA_039908125.1_Magnetococcus_sp._XQGC-1,China: Xingqinggong Lake,34.263833 N 108.969250 E,34.263833,108.96925,Biosample/Paper,freshwater,freshwater,Yes,No,GCA_039908125.1_Magnetococcus_sp._XQGC-1,Magnetococcus_sp._XQGC-1,d__Bacteria;p__Pseudomonadota;c__Magnetococcia;o__Magnetococcales;f__Magnetaquicoccaceae;g__HCHbin5;s__,Scaffold,Illumina NovaSeq,Mars_lake_analog
GCA_039908285.1,GCA_039908285.1_Alphaproteobacteria_bacterium_YQV-1,228,4014703,66.22,31581,3506,18,"{'Tyr', 'Ser', 'Asp', 'Lys', 'Arg', 'Met', 'Gln', 'Cys', 'His', 'Thr', 'Gly', 'Val', 'Ala', 'Pro', 'Trp', 'Phe', 'Glu', 'Leu'}",2,1,0,1,97.51,0.5,98.82,99.91,0.26,97.6,0.0,True,GCA_039908285.1_Alphaproteobacteria_bacterium_YQV-1,China: Yuqiao Lake,40.041111 N 117.455833 E,40.041111,117.455833,Biosample/Paper,freshwater,freshwater,Yes,No,GCA_039908285.1_Alphaproteobacteria_bacterium_YQV-1,Alphaproteobacteria_bacterium_YQV-1,d__Bacteria;p__Pseudomonadota;c__Alphaproteobacteria;o__Rhodospirillales;f__Rhodospirillaceae;g__;s__,Contig,Illumina NovaSeq,Mars_lake_analog
GCA_039908345.1,GCA_039908345.1_Magnetospirillum_sp._WYHS-4,172,3654842,65.96,45845,3600,19,"{'Tyr', 'Lys', 'Thr', 'Val', 'Glu', 'Ser', 'Asp', 'Arg', 'Cys', 'Met', 'Trp', 'Phe', 'Leu', 'Gly', 'Ala', 'His', 'Gln', 'Pro', 'Asn'}",1,0,1,0,98.76,1.74,97.91,100.0,2.76,97.6,0.8,True,GCA_039908345.1_Magnetospirillum_sp._WYHS-4,China: Weiyanghu Lake,34.403361 N 108.985944 E,34.403361,108.985944,Biosample/Paper,freshwater,freshwater,Yes,No,GCA_039908345.1_Magnetospirillum_sp._WYHS-4,Magnetospirillum_sp._WYHS-4,d__Bacteria;p__Pseudomonadota;c__Alphaproteobacteria;o__Rhodospirillales_A;f__GLO-3;g__;s__,Contig,Illumina NovaSeq,Mars_lake_analog
GCA_039908355.1,GCA_039908355.1_Gammaproteobacteria_bacterium_SHHR-1,535,3138237,62.67,16484,2816,18,"{'Tyr', 'Ser', 'Asp', 'Lys', 'Arg', 'Met', 'Cys', 'Gln', 'His', 'Thr', 'Gly', 'Ala', 'Val', 'Pro', 'Trp', 'Phe', 'Glu', 'Leu'}",2,1,1,0,89.11,5.46,90.04,84.75,4.52,88.7,2.4,True,GCA_039908355.1_Gammaproteobacteria_bacterium_SHHR-1,China: Fuzhou Saltern,39.675308 N 121.992772 E,39.675308,121.992772,Biosample/Paper,hypersaline,hypersaline,Yes,No,GCA_039908355.1_Gammaproteobacteria_bacterium_SHHR-1,Gammaproteobacteria_bacterium_SHHR-1,d__Bacteria;p__Pseudomonadota;c__Gammaproteobacteria;o__Chromatiales;f__Sedimenticolaceae;g__JADGBD01;s__JADGBD01 sp009497875,Scaffold,Illumina NovaSeq,Europa_ocean_analog
GCA_039908385.1,GCA_039908385.1_Magnetococcus_sp._THC-1_WYH,87,4339321,52.19,76015,3941,20,"{'Tyr', 'Lys', 'Thr', 'Val', 'Glu', 'Ser', 'Asp', 'Arg', 'Cys', 'Met', 'Trp', 'Phe', 'Leu', 'Gly', 'Ala', 'His', 'Gln', 'Ile', 'Pro', 'Asn'}",1,1,0,0,99.16,1.68,100.0,100.0,0.7,95.1,1.6,True,GCA_039908385.1_Magnetococcus_sp._THC-1_WYH,China: Weiyanghu Lake,34.403361 N 108.985944 E,34.403361,108.985944,Biosample/Paper,freshwater,freshwater,Yes,No,GCA_039908385.1_Magnetococcus_sp._THC-1_WYH,Magnetococcus_sp._THC-1_WYH,d__Bacteria;p__Pseudomonadota;c__Magnetococcia;o__Magnetococcales;f__UBA8363;g__UBA8363;s__UBA8363 sp015228925,Scaffold,Illumina NovaSeq,Mars_lake_analog
GCA_039908505.1,GCA_039908505.1_Nitrospirota_bacterium_MYC-10,98,3492769,45.01,64667,3263,21,"{'SeC', 'Tyr', 'Lys', 'Thr', 'Val', 'Glu', 'Ser', 'Asp', 'Arg', 'Met', 'Cys', 'Trp', 'Phe', 'Leu', 'Gly', 'Ala', 'His', 'Gln', 'Ile', 'Pro', 'Asn'}",3,1,1,1,96.36,0.91,97.88,99.99,0.23,91.9,0.8,True,GCA_039908505.1_Nitrospirota_bacterium_MYC-10,China: Miyun Lake,40.519917 N 116.835278 E,40.519917,116.835278,Biosample/Paper,freshwater,freshwater,Yes,No,GCA_039908505.1_Nitrospirota_bacterium_MYC-10,Nitrospirota_bacterium_MYC-10,d__Bacteria;p__Nitrospirota;c__Thermodesulfovibrionia;o__Thermodesulfovibrionales;f__Magnetobacteriaceae;g__Magnetominusculus;s__,Scaffold,Illumina NovaSeq,Mars_lake_analog
GCA_039908525.1,GCA_039908525.1_Magnetococcus_sp._MYC-9,50,3598964,60.68,106821,2875,19,"{'Tyr', 'Lys', 'Thr', 'Val', 'Glu', 'Ser', 'Asp', 'Arg', 'Met', 'Cys', 'Phe', 'Leu', 'Gly', 'Ala', 'His', 'Gln', 'Ile', 'Pro', 'Asn'}",2,2,0,0,96.47,1.68,95.39,95.74,0.56,90.3,0.8,True,GCA_039908525.1_Magnetococcus_sp._MYC-9,China: Miyun Lake,40.519917 N 116.835278 E,40.519917,116.835278,Biosample/Paper,freshwater,freshwater,Yes,No,GCA_039908525.1_Magnetococcus_sp._MYC-9,Magnetococcus_sp._MYC-9,d__Bacteria;p__Pseudomonadota;c__Magnetococcia;o__Magnetococcales;f__Magnetaquicoccaceae;g__HCHbin5;s__,Contig,Illumina NovaSeq,Mars_lake_analog
GCA_039908535.1,GCA_039908535.1_Magnetococcus_sp._DMHC-6,118,3667690,45.99,46571,3116,20,"{'Tyr', 'Lys', 'Thr', 'Val', 'Glu', 'Ser', 'Asp', 'Arg', 'Cys', 'Met', 'Trp', 'Phe', 'Leu', 'Gly', 'Ala', 'His', 'Gln', 'Ile', 'Pro', 'Asn'}",2,1,0,1,95.33,2.1,92.97,95.21,2.19,89.5,0.8,True,GCA_039908535.1_Magnetococcus_sp._DMHC-6,China: Daminghu Lake,36.671944 N 117.021814 E,36.671944,117.021814,Biosample/Paper,freshwater,freshwater,Yes,No,GCA_039908535.1_Magnetococcus_sp._DMHC-6,Magnetococcus_sp._DMHC-6,d__Bacteria;p__Pseudomonadota;c__Magnetococcia;o__Magnetococcales;f__JADFZT01;g__;s__,Contig,Illumina NovaSeq,Mars_lake_analog
GCA_039908555.1,GCA_039908555.1_Magnetococcus_sp._DMHC-8,305,3159102,61.03,17531,2770,18,"{'Tyr', 'Ser', 'Asp', 'Lys', 'Arg', 'Cys', 'Met', 'Gln', 'Thr', 'Gly', 'Ile', 'Val', 'Ala', 'Pro', 'Asn', 'Phe', 'Glu', 'Leu'}",1,1,0,0,89.61,4.67,100.0,87.37,3.14,69.3,4.0,True,GCA_039908555.1_Magnetococcus_sp._DMHC-8,China: Daminghu Lake,36.671944 N 117.021814 E,36.671944,117.021814,Biosample/Paper,freshwater,freshwater,Yes,No,GCA_039908555.1_Magnetococcus_sp._DMHC-8,Magnetococcus_sp._DMHC-8,d__Bacteria;p__Pseudomonadota;c__Magnetococcia;o__Magnetococcales;f__Magnetaquicoccaceae;g__HCHbin5;s__,Contig,Illumina NovaSeq,Mars_lake_analog
GCA_039908575.1,GCA_039908575.1_Magnetococcus_sp._DMHC-1,186,4825755,54.53,73987,4293,19,"{'Tyr', 'Lys', 'Thr', 'Val', 'Glu', 'Ser', 'Asp', 'Arg', 'Met', 'Trp', 'Phe', 'Leu', 'Gly', 'Ala', 'His', 'Gln', 'Ile', 'Pro', 'Asn'}",4,3,0,1,95.63,0.0,99.91,100.0,0.51,92.7,0.8,True,GCA_039908575.1_Magnetococcus_sp._DMHC-1,China: Daminghu Lake,36.671944 N 117.021814 E,36.671944,117.021814,Biosample/Paper,freshwater,freshwater,Yes,No,GCA_039908575.1_Magnetococcus_sp._DMHC-1,Magnetococcus_sp._DMHC-1,d__Bacteria;p__Pseudomonadota;c__Magnetococcia;o__Magnetococcales;f__DC0425bin3;g__HA3dbin3;s__HA3dbin3 sp015228935,Scaffold,Illumina NovaSeq,Mars_lake_analog
